#"Step","Time (ps)","Potential Energy (kJ/mole)","Kinetic Energy (kJ/mole)","Temperature (K)","Box Volume (nm^3)","Density (g/mL)"
2500,4.999999999999671,-211046.6366771498,32687.91645077315,300.2140195467416,127.64850466737751,1.0271243329837658
5000,10.000000000000009,-211488.08235485258,32539.900955222507,298.8546081281098,127.6707400804528,1.0269454467815775
7500,15.000000000001679,-211374.0394011204,32283.68395232576,296.50144693988636,128.3224827354131,1.0217296487568086
10000,19.999999999999794,-211080.4209606856,32694.61560958915,300.2755463007873,128.67922007106077,1.0188971081768419
12500,24.999999999997023,-211716.9558671331,32633.826077790567,299.7172400008094,127.42323798731825,1.0289401468977268
15000,29.99999999999425,-211097.0999635621,33188.7574764553,304.8138690874851,127.76887420448033,1.026156691363081
17500,34.99999999999681,-210791.09538124152,32767.32214780418,300.9433013752881,128.85394522570095,1.0175154899852004
20000,40.00000000000292,-211925.12616762752,33293.60072080256,305.77677572777867,127.36259335665397,1.0294300842768245
22500,45.00000000000903,-211382.32788701856,32427.714589188945,297.8242604173281,128.33368349783245,1.0216404737971205
25000,50.00000000001514,-211195.24723248428,32590.89293478073,299.3229312520652,128.2382569757117,1.0224007118069893
27500,55.00000000002125,-212046.779314087,32668.906459094214,300.03942701735605,127.54534759284874,1.0279550582384898
30000,60.00000000002736,-211370.49286517955,32516.066657684336,298.63570796425927,127.87927973842166,1.025270751297973
32500,65.00000000002991,-211364.87818916643,32655.070624199165,299.91235524103513,127.36618738372094,1.0294010357541166
35000,70.00000000001826,-211898.25833784905,33012.46721551272,303.1947751350082,128.18963223710142,1.0227885276271846
37500,75.00000000000661,-212030.52750250942,32962.61445681024,302.7369149009947,128.21152516322402,1.022613880038788
40000,79.99999999999496,-211129.13543075568,32467.03447202887,298.18538407882727,127.79604827815683,1.025938493242635
42500,84.9999999999833,-211461.63441882236,32818.11205772245,301.40976864101134,128.0221616282835,1.0241264758014317
45000,89.99999999997165,-211269.7477015655,32158.45251953615,295.35129006561795,127.38352528424069,1.0292609261699848
47500,94.99999999996,-211742.257318501,32876.95839950928,301.9502281967634,128.01469479811922,1.0241862109628803
50000,99.99999999994834,-211721.3041490704,32879.331179039465,301.9720203988246,128.92609598458947,1.0169460589927966
52500,104.99999999993669,-211100.11621397454,32682.922494710023,300.1681538022727,129.19843904129755,1.0148023937885688
55000,109.99999999992504,-210929.87563654862,32775.922230739285,301.02228669300547,128.53885871907767,1.0200097193907622
57500,114.99999999991338,-211676.83633043955,32640.960583475186,299.78276508963796,128.5387985369651,1.0200101969612736
60000,119.99999999990173,-211936.71365123137,33080.63998218316,303.82089091502667,128.2373159677738,1.0224082142034505
62500,124.99999999989008,-211503.87797822768,32569.084597356872,299.1226380138129,127.91150669545789,1.025012437114158
65000,129.99999999989262,-210710.30096909706,32318.746443342417,296.82346964755214,128.2385231289222,1.022398589860906
67500,134.9999999999165,-211119.06044528505,32687.48469314876,300.2100541764775,127.69128607568159,1.026780207500979
70000,139.99999999994037,-211604.66802218277,32840.910430291464,301.61915461023864,127.54754814425378,1.0279373231429851
72500,144.99999999996425,-211326.8484530117,32803.40292486818,301.27467627729715,128.41434471662672,1.020998748248718
75000,149.99999999998812,-211629.49419310002,32723.18277504013,300.5379143100794,128.3847899074862,1.0212337871747381
77500,155.000000000012,-210965.75577913993,32315.34588532248,296.7922380701769,127.19739627742017,1.030767052235092
80000,160.00000000003587,-211053.75645552576,32782.83806956138,301.08580349054887,129.08856981167546,1.015666107418574
82500,165.00000000005974,-210792.88032992976,32437.887108597253,297.9176873858253,128.5465894568453,1.0199483764356954
85000,170.00000000008362,-210899.11932983634,32777.45978796091,301.03640800399455,128.31904471634726,1.0217570236957376
87500,175.0000000001075,-211931.33122100146,32884.871922904735,302.02290797954805,128.3401977723258,1.0215886175073894
90000,180.00000000013137,-210861.72375300725,32852.62928623587,301.72678352115,128.42741665889685,1.020894826227687
92500,185.00000000015524,-210987.97209999443,32907.22937200096,302.2282443970618,127.81709501945087,1.0257695591728409
95000,190.0000000001791,-211276.81416917208,32527.372827584528,298.73954666308015,128.0164705833652,1.0241720039256585
97500,195.000000000203,-211199.14232043643,32721.883578673238,300.5259821649372,128.13482841181286,1.0232259787438716
100000,200.00000000022686,-211935.34264826367,32721.55390813946,300.52295438810654,128.2499799521677,1.022307256981674
102500,205.00000000025074,-211510.02361368272,32369.01359610381,297.2851357804914,127.99695646863557,1.024328146778886
105000,210.0000000002746,-211611.98041559174,32137.845692154486,295.1620317968118,128.2958863170795,1.0219414587371771
107500,215.00000000029848,-211465.72165622097,32718.87393434814,300.4983408369374,127.87888424626853,1.0252739221618679
110000,220.00000000032236,-211144.47009028238,32569.5096639977,299.12654193240644,127.45732038844224,1.028665005770389
112500,225.00000000034623,-210909.90499718278,32719.941810255365,300.508148476986,128.49012061807284,1.0203966233526423
115000,230.0000000003701,-211032.6646443325,32969.59405426457,302.8010172738008,127.99731010213748,1.024325316744807
117500,235.00000000039398,-211084.39986969787,32709.200017277108,300.40949315730546,127.61559445789686,1.0273892134406155
120000,240.00000000041786,-211302.64246543555,32985.81324157133,302.9499783561775,128.1000756413023,1.0235035737214053
122500,245.00000000044173,-211098.9715548046,32895.963318758695,302.1247741396845,127.90791142115815,1.0250412484740743
125000,250.0000000004656,-211179.886994318,32873.369297251804,301.9172649818425,128.51569714153166,1.0201935493410237
127500,255.00000000048948,-211353.27388276125,32034.47836965642,294.2126803927949,128.0914942568569,1.023572142502637
130000,260.00000000051335,-211077.14344971243,32730.318952090234,300.60345474914755,127.85304103003769,1.0254811630335188
132500,265.0000000005372,-211637.8607028682,32423.744275623278,297.78779606218313,127.86322102437158,1.0253995180354845
135000,270.0000000005611,-211850.50162406464,33129.45054153877,304.26917932895907,127.7190860621203,1.0265567132940903
137500,275.000000000585,-210741.15691853536,33067.25689434508,303.6979772811807,127.64693544564719,1.027136959889515
140000,280.00000000060885,-210875.58739626454,32486.298497172233,298.3623097152363,128.3308622230077,1.0216629339325762
142500,285.0000000006327,-211268.0166358013,32414.897823278,297.7065480260379,128.17979187811667,1.0228670470734238
145000,290.0000000006566,-211695.1438295698,32870.85288324236,301.8941536047147,128.33491371517346,1.0216306803606288
147500,295.0000000006805,-211512.71047095372,32653.903971299427,299.901640408324,128.4930115518522,1.020373665691123
150000,300.00000000070435,-211831.66879051249,32142.430536411077,295.2041401558851,129.05479061407047,1.0159319509876497
152500,305.0000000007282,-212076.50342849805,33276.31727383658,305.61804021788186,128.70487663656124,1.0186939969888484
155000,310.0000000007521,-211197.47636767162,32610.20423138351,299.5002910414085,127.86996561192736,1.0253454326465041
157500,315.00000000077597,-211535.48193283053,32890.98433942121,302.07904594521864,127.70396245899572,1.026678285373905
160000,320.00000000079984,-211751.16670050868,33115.329677125585,304.13948977008675,128.5446283859236,1.0199639367210824
162500,325.0000000008237,-211146.7560480209,32434.439458443758,297.8860233024895,128.34706341819722,1.0215339698552555
165000,330.0000000008476,-211630.1108547214,32247.042052319193,296.16491854409924,127.89952425856697,1.0251084667664287
167500,335.00000000087147,-211433.59269727848,32757.46798188844,300.8527982450779,127.89084562188015,1.0251780303376474
170000,340.00000000089534,-211107.89961110067,32476.69324165523,298.27409264052994,128.21213959358832,1.022608979371653
172500,345.0000000009192,-210843.87204276887,32707.425818073913,300.3931984670314,128.62030559996643,1.0193638135228429
175000,350.0000000009431,-211506.32690001465,32249.26545315189,296.18533881475344,128.3321449371858,1.021652722137774
177500,355.00000000096696,-210465.0995129879,32796.172940478195,301.20827428810185,128.30276012282044,1.0218867083400751
180000,360.00000000099084,-211593.7517192501,32967.60339267924,302.7827345387421,127.64736202392722,1.0271335273523223
182500,365.0000000010147,-211526.58343108278,32385.486158563723,297.4364239237957,128.1689924788026,1.0229532328931992
185000,370.0000000010386,-211473.9756228011,32371.440949689837,297.3074292043631,127.49775690987106,1.0283387597598155
187500,375.00000000106246,-211043.22607126983,32098.852687924053,294.8039102704107,126.98267245354664,1.032510047863568
190000,380.00000000108633,-211261.46887051326,32757.8912541256,300.85668568341833,127.9152170433368,1.0249827052901437
192500,385.0000000011102,-210922.3828212648,32276.582968682094,296.4362297258858,128.08506413608924,1.0236235278264068
195000,390.0000000011341,-212027.5313083803,33200.91002533587,304.92548114304907,127.36601087455827,1.0294024623412699
197500,395.00000000115796,-211495.556891885,33057.6530148672,303.6097728443627,127.6804909245948,1.0268670198823588
200000,400.00000000118183,-210603.2134623645,32891.480142280234,302.0835995229737,127.2033972098224,1.0307184248907082
202500,405.0000000012057,-212135.81138153677,32552.530158099195,298.9705978934713,127.47057821247719,1.0285580174768656
205000,410.0000000012296,-211806.72343373345,32723.675534104248,300.54243993285894,126.99285022723356,1.032427297901048
207500,415.00000000125345,-211686.92276970122,32905.42193980739,302.2116444866727,128.90553039003893,1.0171083026162138
210000,420.00000000127733,-210893.50800123008,32697.046711391988,300.2978741492219,128.44842925654604,1.020727820275572
212500,425.0000000013012,-211206.40748718113,33349.793407242534,306.29286344755366,127.59072508728903,1.0275894672058488
215000,430.0000000013251,-211863.66017981595,32644.191648665823,299.81244000237706,128.60450443365826,1.0194890590359524
217500,435.00000000134895,-211124.4855632455,32805.56581462707,301.29454079907936,128.05033336026466,1.0239011627090406
220000,440.0000000013728,-212114.59208551468,32693.936828193786,300.2693122022817,127.03117024343739,1.0321158575615705
222500,445.0000000013967,-211404.78140006005,33031.40072685706,303.36866524982713,127.86714711970214,1.025368033667917
225000,450.0000000014206,-211520.6144560075,32350.880604381447,297.1185978385709,127.57738701052833,1.0276969005646377
227500,455.00000000144445,-211359.72509234725,33161.07224237085,304.55960095696344,128.21207926355555,1.022609460559023
230000,460.0000000014683,-211025.14384091296,31829.897099090827,292.33375471538227,128.0471329192648,1.0239267543422639
232500,465.0000000014922,-211332.5550440998,32662.77756721071,299.98313773778426,127.97163830263001,1.0245308019172301
235000,470.00000000151607,-211680.37000971462,32871.46114033204,301.89973999031633,128.2881280847616,1.0220032607088054
237500,475.00000000153995,-211170.2131857836,32817.17775408197,301.4011877621471,127.83144402114056,1.0256544171649373
240000,480.0000000015638,-212395.79122659832,32621.147206843794,299.6007940714404,128.20529660235806,1.0226635613933266
242500,485.0000000015877,-211549.62792180164,32754.925402877212,300.829446562014,128.48481055365278,1.0204387946550761
245000,490.00000000161157,-211109.20083190477,32937.8035977097,302.5090457509313,127.85901706843185,1.0254332327823463
247500,495.00000000163544,-210993.3884841879,33181.93101461586,304.75117315055724,127.30594015056286,1.02988819734407
250000,500.0000000016593,-211172.27516009554,33085.72172658685,303.86756292962383,127.83153604256424,1.025653678832421
252500,505.0000000016832,-211130.31383367174,33627.03346292593,308.83910562305044,127.95947609203958,1.0246281808667994
255000,510.00000000170706,-211485.0380071057,32770.187467940515,300.96961719375616,128.18601643557847,1.022817377890409
257500,515.0000000016456,-211302.76335462485,32567.710813110418,299.11002083488563,128.31031529694295,1.021826537558037
260000,520.0000000015274,-211368.51731204218,32740.615235132933,300.6980183938906,128.0777306042272,1.0236821389192223
262500,525.0000000014091,-212790.90885781706,33116.59761864862,304.1511348629073,127.91525239273909,1.0249824220359944
265000,530.0000000012909,-211381.60317092226,33077.996817005,303.79661542338874,128.51003819873185,1.0202384735899104
267500,535.0000000011727,-210705.4447040821,32970.35429599151,302.8079995244136,128.4656100798504,1.0205913094668733
270000,540.0000000010544,-210873.6302355614,32730.176832678837,300.60214948884396,127.99375200808115,1.0243537919302286
272500,545.0000000009362,-211228.33396314026,32316.266629450973,296.8006944150836,128.0175827668769,1.0241631061852756
275000,550.000000000818,-211824.32928835577,32867.78961630017,301.86601979315634,127.90026527317035,1.0251025276048304
277500,555.0000000006997,-211875.9154683036,32738.394540567057,300.67762297826926,127.89619102799486,1.0251351831436226
280000,560.0000000005815,-211816.12348448043,33087.7147825632,303.8858676553699,127.13652198447159,1.0312605942521305
282500,565.0000000004633,-210990.3092097441,32637.45752513415,299.7505921236169,127.2022220465508,1.030727947227793
285000,570.000000000345,-211703.83505830495,32737.758901319467,300.6717851080646,128.49747988888967,1.0203381834898657
287500,575.0000000002268,-211885.85979825223,32658.10470193616,299.9402209716152,127.60833195114701,1.0274476847095622
290000,580.0000000001086,-211715.4559660008,33352.52494806218,306.3179506032387,127.91634316443823,1.024973681778179
292500,584.9999999999903,-211635.79471946997,32710.83622101115,300.4245204625953,127.85954400455614,1.0254290067559075
295000,589.9999999998721,-211398.6376981656,32686.408441632557,300.2001696127364,128.03006185686903,1.0240632810084123
297500,594.9999999997539,-211872.70037782378,32890.50718757173,302.074663663011,127.7768677938521,1.0260924960563447
300000,599.9999999996356,-211175.83458703558,32716.642509905392,300.47784687543697,128.16176762835858,1.0230108997329725
302500,604.9999999995174,-210844.24812065763,33182.37854694624,304.75528339967576,128.076320767349,1.023693407394319
305000,609.9999999993992,-211085.63741778163,32999.36039517468,303.0743988111429,127.2949413896052,1.0299771835517861
307500,614.9999999992809,-211428.02548583387,32425.139171467254,297.8006071353147,127.9885325541477,1.0243955657307549
310000,619.9999999991627,-210917.80766496155,33039.042810423474,303.438852061172,127.48937356018662,1.0284063804812638
312500,624.9999999990445,-210653.86895923666,33050.09600840861,303.54036740250496,128.70248643489995,1.0187129156915977
315000,629.9999999989262,-212323.33898372832,32084.945222056336,294.676180617279,128.07490070851833,1.023704757821725
317500,634.999999998808,-211087.83699467173,32937.64389374024,302.507578989638,129.26378820842893,1.0142893615453077
320000,639.9999999986898,-211336.06650797953,32185.488280513808,295.5995932723038,127.80508370717067,1.0258659625250814
322500,644.9999999985715,-211863.99255727825,32939.98923528979,302.5291191944063,127.55280196132813,1.027894983072233
325000,649.9999999984533,-211480.19585895794,33210.51398878128,305.0136863510459,127.72723626952676,1.0264912092530396
327500,654.999999998335,-210816.86222120048,32566.919001043083,299.1027486343519,127.99890421971091,1.0243125596434997
330000,659.9999999982168,-211213.94636165898,32385.18535230708,297.4336612437225,128.16489611451124,1.0229859281882605
332500,664.9999999980986,-211882.39835031168,32658.534281325366,299.9441663364213,127.71065801649367,1.0266244591420275
335000,669.9999999979804,-211405.99615936587,32890.77618908791,302.0771342403743,127.1936835595056,1.0307971397928501
337500,674.9999999978621,-211445.630411466,32460.393300562777,298.1243898951405,127.80992307363634,1.0258271193647233
340000,679.9999999977439,-211146.27598087012,32491.10657084168,298.40646826920084,128.95329798409975,1.016731539731706
342500,684.9999999976257,-211511.74161340203,33126.94808478305,304.2461961387485,128.7049338811796,1.0186935439001648
345000,689.9999999975074,-210766.64942123299,32864.37005542573,301.8346136888013,128.16855119800206,1.0229567548930758
347500,694.9999999973892,-211558.70480749372,33183.70403734794,304.76745703582554,128.08993416804256,1.0235846092390795
350000,699.999999997271,-211354.89302231383,32461.799208643126,298.1373021074117,128.35625099752406,1.0214608497359767
352500,704.9999999971527,-212003.2302564648,32499.10717096396,298.47994778647484,127.99466324649761,1.0243464992001758
355000,709.9999999970345,-211664.55846377485,32118.484234479616,294.984211315607,127.48097331486207,1.0284741464047953
357500,714.9999999969162,-211362.04916206212,32758.552160939867,300.86275561728996,128.11709786670744,1.0233675863409155
360000,719.999999996798,-211083.26274428284,32861.7553658301,301.8105997240522,128.64163081814513,1.0191948312455772
362500,724.9999999966798,-211885.16457948403,32909.81342898253,302.2519770242038,127.07922584334575,1.0317255581528284
365000,729.9999999965615,-211932.85730311042,32844.17438773331,301.6491316136589,128.42650299171564,1.0209020891997096
367500,734.9999999964433,-211400.50902760436,33066.643943373856,303.6923477857942,128.1992606949439,1.0227117106770196
370000,739.9999999963251,-211771.93738328107,32729.458906828426,300.59555587784973,127.70983994469309,1.0266310353973902
372500,744.9999999962068,-211802.23380704515,32747.531390360244,300.7615380973788,128.1820265269183,1.0228492150209678
375000,749.9999999960886,-211532.43536956806,32857.94938356055,301.7756446287287,128.10203029326826,1.0234879565351052
377500,754.9999999959704,-211427.5520252157,32677.355115437567,300.1170215952921,127.59336943928557,1.0275681705799258
380000,759.9999999958521,-211876.25218942994,32673.333677193907,300.08008769828746,127.38285371203314,1.0292663525127947
382500,764.9999999957339,-210758.67966938368,32513.357447546565,298.6108258991548,127.21963607636599,1.0305868595171384
385000,769.9999999956157,-211798.99177762156,33006.362167297884,303.13870484166716,128.04316685264894,1.0239584699098907
387500,774.9999999954974,-212000.6553517921,32693.606447657756,300.26627790461237,127.44848778748499,1.0287362956512842
390000,779.9999999953792,-212091.6231268954,32983.995731917326,302.93328589186524,128.1716227515289,1.022932240368247
392500,784.999999995261,-211519.98299628042,32789.20865807688,301.1443125725822,127.54631367648462,1.0279472721211842
395000,789.9999999951427,-210853.9331464708,32927.97315519528,302.41876050238625,128.033522704557,1.024035599765535
397500,794.9999999950245,-211364.90167097817,33057.259465832096,303.60615839136153,127.90648996680679,1.0250526399941084
400000,799.9999999949063,-211051.79057484714,32730.15356165306,300.6019357619092,128.46136284257565,1.0206250526356822
402500,804.999999994788,-212114.3745973145,32811.286894946,301.3470846350036,128.35295957164678,1.0214870436210628
405000,809.9999999946698,-211281.38079264772,32328.95912745696,296.91726549878075,128.0464547431079,1.023932177395269
407500,814.9999999945516,-211597.89840497414,32586.23269144946,299.28013040898753,127.87013010610382,1.0253441136257726
410000,819.9999999944333,-211421.9952406059,32519.074002386522,298.6633281719457,128.66634267254747,1.0189990831287485
412500,824.9999999943151,-210526.742687903,33064.459616906635,303.67228638390844,128.71354903634872,1.0186253599131938
415000,829.9999999941969,-211062.37151294982,32591.91018528463,299.3322739357178,128.91535375464827,1.0170307988479441
417500,834.9999999940786,-212109.2927277221,32376.953873153558,297.35806127554423,128.14982281363743,1.0231062543373468
420000,839.9999999939604,-211561.86907478084,32712.691582219624,300.4415605650731,128.02566329771017,1.0240984646021376
422500,844.9999999938422,-210960.56070913502,31986.678875042544,293.7736778509245,127.92164053005796,1.024931236572501
425000,849.9999999937239,-212190.91497504374,33145.63201247285,304.4177940147136,128.00642610467835,1.024252369218075
427500,854.9999999936057,-211501.3692030419,32165.790344743327,295.41868249191396,127.77797673154674,1.0260835909799286
430000,859.9999999934874,-211213.34102779592,32931.26500758265,302.4489936999795,128.917351836971,1.017015035948444
432500,864.9999999933692,-211087.87951879145,32630.38992785268,299.6856815383368,127.96247035345773,1.0246042050509103
435000,869.999999993251,-211135.9896969041,32701.712942819573,300.3407299884774,127.30709978655413,1.029878816127919
437500,874.9999999931327,-211185.67149807082,32225.345334810638,295.96565045113215,126.97617259307304,1.0325629016479565
440000,879.9999999930145,-211096.70808742102,32380.20409837126,297.3879121587753,126.92366850247483,1.0329900384993898
442500,884.9999999928963,-212088.26699124102,33054.503635936664,303.5808481587151,126.8873853275154,1.0332854197794237
445000,889.999999992778,-212134.99372985028,33056.95051004646,303.60332086397096,127.52121958664155,1.0281495553277293
447500,894.9999999926598,-210987.25202916644,32347.168995175834,297.0845094891259,128.12424646526003,1.0233104882954769
450000,899.9999999925416,-211647.789115206,32351.22636894029,297.12177342696253,128.0672402716732,1.0237659914801434
452500,904.9999999924233,-211266.42238962254,32686.124167147384,300.1975587645969,128.29264622632905,1.0219672683464207
455000,909.9999999923051,-211106.2556637522,32597.823829740046,299.38658632894743,127.71496223190722,1.0265898601197692
457500,914.9999999921869,-211844.46109921637,32580.914287969128,299.2312848581001,127.44802886887058,1.0287399999552234
460000,919.9999999920686,-211833.72717058903,32803.18531208654,301.27267766695496,129.2391023150446,1.014483100426122
462500,924.9999999919504,-211033.56617200666,32114.74015953934,294.9498247927157,127.57575045619855,1.0277100839620021
465000,929.9999999918322,-211146.2537932454,32757.774653023484,300.8556147896646,127.8886187677324,1.0251958811985844
467500,934.9999999917139,-210799.7969078645,32599.474935730344,299.4017505002947,128.5470413453652,1.01994479095479
470000,939.9999999915957,-211585.60020529723,32258.839905850404,296.27327298865254,127.74569135790343,1.0263429147330192
472500,944.9999999914775,-212378.97605395922,32255.912138445063,296.2463836388104,127.6840054359676,1.0268387552942657
475000,949.9999999913592,-211418.8443601214,32515.44767758587,298.63002309585664,128.99835522411766,1.0163764102655986
477500,954.999999991241,-212065.40828998107,32749.423662973964,300.77891720345605,127.81060187303999,1.0258216712185864
480000,959.9999999911228,-210956.75882336777,32577.026302688326,299.19557662656297,128.18951656633323,1.022789450532098
482500,964.9999999910045,-212167.69853532722,33041.3023645953,303.4596043731564,127.81888459546636,1.0257551975031525
485000,969.9999999908863,-211328.3660573319,32409.647266479256,297.65832559608333,127.25516436446499,1.030299130629758
487500,974.9999999907681,-211893.26121511427,33146.63846814834,304.42703755595574,127.64515098959703,1.0271513190778447
490000,979.9999999906498,-211452.2141639674,32190.906950175602,295.6493596929387,128.00958558335856,1.0242270890524612
492500,984.9999999905316,-211960.00141387782,32240.07686929991,296.1009485570783,127.43389450797925,1.0288541028983915
495000,989.9999999904134,-212359.85124279791,32232.528659129224,296.0316239025339,128.02758590922045,1.0240830855454939
497500,994.9999999902951,-211595.64156165323,32488.371900114056,298.38135236765623,127.97262513555077,1.0245229014719388
500000,999.9999999901769,-211777.5997168118,32379.792224420133,297.38412940515127,127.31753060502228,1.0297944406383523
