observation_id,sample_id,observable_id,time_sample,time_read,time_unit,value,qualifier,lower,upper,lower_closed,upper_closed,bound_kind,unit,scale_id,source_row
B1-T0,B1,reporter_readout,0,0.05,h,150,exact,,,,,reported_readout,RFU,reader-demo-01,2
B1-T1,B1,reporter_readout,1,1.05,h,320,exact,,,,,reported_readout,RFU,reader-demo-01,3
B1-T2,B1,reporter_readout,2,2.05,h,480,exact,,,,,reported_readout,RFU,reader-demo-01,4
B1-T3,B1,reporter_readout,3,3.05,h,90,exact,,,,,reported_readout,RFU,reader-demo-01,5
B1-T4,B1,reporter_readout,4,4.05,h,62,exact,,,,,reported_readout,RFU,reader-demo-01,6
B1-T6,B1,reporter_readout,6,6.05,h,42,exact,,,,,reported_readout,RFU,reader-demo-01,7
B2-T0,B2,reporter_readout,0,0.05,h,165,exact,,,,,reported_readout,RFU,reader-demo-01,8
B2-T1,B2,reporter_readout,1,1.05,h,305,exact,,,,,reported_readout,RFU,reader-demo-01,9
B2-T2,B2,reporter_readout,2,2.05,h,470,exact,,,,,reported_readout,RFU,reader-demo-01,10
B2-T3,B2,reporter_readout,3,3.05,h,94,exact,,,,,reported_readout,RFU,reader-demo-01,11
B2-T4,B2,reporter_readout,4,4.05,h,64,exact,,,,,reported_readout,RFU,reader-demo-01,12
B2-T6,B2,reporter_readout,6,6.05,h,44,exact,,,,,reported_readout,RFU,reader-demo-01,13
B3-T0,B3,reporter_readout,0,0.05,h,155,exact,,,,,reported_readout,RFU,reader-demo-01,14
B3-T1,B3,reporter_readout,1,1.05,h,315,exact,,,,,reported_readout,RFU,reader-demo-01,15
B3-T2,B3,reporter_readout,2,2.05,h,490,exact,,,,,reported_readout,RFU,reader-demo-01,16
B3-T3,B3,reporter_readout,3,3.05,h,92,exact,,,,,reported_readout,RFU,reader-demo-01,17
B3-T4,B3,reporter_readout,4,4.05,h,60,exact,,,,,reported_readout,RFU,reader-demo-01,18
B3-T6,B3,reporter_readout,6,6.05,h,,lt,,120,,false,reporting_bound,RFU,reader-demo-01,19