Elafin_residue,Elafin_resname,Elafin_atom,Elastase_residue,Elastase_resname,Elastase_atom,minimum_distance_A
31,ARG,NH2,97,ASP,OD2,1.9877326278954137
24,ALA,O,193,GLY,N,2.6345794730848375
22,ARG,N,216,VAL,O,2.7825905196417224
48,SER,OG,97,ASP,O,2.8409428012545423
20,LEU,CD2,217,SER,OG,2.8925393687899925
20,LEU,O,217A,ARG,N,2.937968345642955
24,ALA,O,192,GLN,CA,3.0750159349180604
24,ALA,N,214,SER,O,3.1368182924740804
24,ALA,C,195,SER,OG,3.158952199701671
48,SER,OG,99,VAL,CG1,3.172154788152683
26,LEU,CD1,192,GLN,CB,3.1771888517996523
19,ILE,O,217A,ARG,CZ,3.186362502917705
22,ARG,O,215,PHE,CA,3.2283429185884227
52,ALA,CB,97,ASP,OD2,3.3915343135519045
21,ILE,CD1,99A,ALA,CB,3.402646323084431
21,ILE,CA,216,VAL,O,3.4056191801198197
24,ALA,O,194,ASP,N,3.4599846820470157
23,CYS,CA,214,SER,O,3.497809743253625
25,MET,CE,57,HIS,O,3.542622474947056
21,ILE,CG2,172,TRP,CZ3,3.5426467506653836
21,ILE,CG2,175,THR,CG2,3.556791531703818
24,ALA,O,191,CYS,O,3.567834357141599
25,MET,O,192,GLN,CG,3.5733933452672106
25,MET,N,195,SER,OG,3.574813841306987
23,CYS,O,192,GLN,NE2,3.5988592637112125
29,PRO,CG,61,ARG,CG,3.607456306041695
25,MET,SD,61,ARG,NH2,3.6113489169560973
22,ARG,NH1,192,GLN,CG,3.6258487282290175
21,ILE,CB,215,PHE,CD1,3.6697070727784253
20,LEU,CD1,218,LEU,CD2,3.6708474498404353
21,ILE,CD1,99,VAL,CG2,3.675286519443075
46,GLU,CB,217A,ARG,NH1,3.7087694724800557
23,CYS,CB,57,HIS,CE1,3.7447986594742306
49,CYS,CB,99,VAL,CG1,3.7678223153434383
20,LEU,O,172,TRP,CH2,3.7772333790752195
25,MET,SD,42,CYS,SG,3.7966640620418364
25,MET,SD,41,THR,OG1,3.836566303349912
26,LEU,CD2,151,LEU,CD2,3.8793923493248266
25,MET,SD,58,CYS,CA,3.9659069580614257
49,CYS,SG,57,HIS,CB,3.9757266002581204
26,LEU,CD1,143,LEU,CD2,4.022533281403646
25,MET,CA,193,GLY,N,4.023969930305143
27,ASN,O,61,ARG,NH2,4.03090287652779
23,CYS,CA,215,PHE,CB,4.060888818965621
18,ILE,CA,217A,ARG,NH2,4.063554847667248
54,PHE,CZ,97,ASP,OD1,4.111748411564111
24,ALA,N,215,PHE,CA,4.117486612000092
22,ARG,CG,217A,ARG,CG,4.134422934340418
31,ARG,NH1,96,THR,CB,4.155155953751914
48,SER,OG,98,ASP,CA,4.1812126231513265
29,PRO,CG,60,ASP,OD1,4.198093019455378
24,ALA,N,57,HIS,NE2,4.217315378294586
22,ARG,CB,217,SER,O,4.21870857016694
21,ILE,CA,217A,ARG,N,4.234504221275498
24,ALA,CB,216,VAL,CG2,4.35463959473112
24,ALA,CB,213,THR,CG2,4.377458737669606
20,LEU,O,216,VAL,O,4.388092296203441
26,LEU,N,193,GLY,N,4.412043290812093
23,CYS,C,195,SER,OG,4.418080352370248
22,ARG,O,214,SER,O,4.47940364334361
47,GLY,O,217A,ARG,NH1,4.5186620807491185
26,LEU,O,61,ARG,NH2,4.521958646427455
27,ASN,OD1,35,TYR,OH,4.5244973201450795
21,ILE,CA,217,SER,C,4.60510217041924
49,CYS,CB,96,THR,O,4.606294063561294
23,CYS,CB,99,VAL,CG1,4.709295701057643
23,CYS,O,216,VAL,CG2,4.799985833312428
26,LEU,O,41,THR,OG1,4.8378214105111415
49,CYS,N,97,ASP,O,4.864200448172345
29,PRO,CD,57,HIS,O,4.906259369417803
17,PRO,O,217A,ARG,NH2,4.977681187058891
48,SER,OG,99A,ALA,N,5.013234684313111
53,CYS,N,97,ASP,OD2,5.078406836794385
20,LEU,CD2,224,LYS,CD,5.192434689045208
28,PRO,CA,61,ARG,NH2,5.205505643066775
47,GLY,CA,97,ASP,O,5.236032085463188
48,SER,OG,96,THR,O,5.297510547417528
31,ARG,NH2,95,ASN,ND2,5.336426519685247
22,ARG,C,99,VAL,CG2,5.350894971871527
24,ALA,CB,190,GLY,C,5.440113509845176
29,PRO,CG,96,THR,CG2,5.497747356872632
25,MET,N,191,CYS,O,5.525660322531596
25,MET,N,214,SER,O,5.527713541781991
24,ALA,O,41,THR,O,5.531340615076958
25,MET,N,194,ASP,N,5.701286170681137
48,SER,O,215,PHE,CB,5.894130894372807
23,CYS,CB,102,ASP,OD2,5.911015141242661
49,CYS,CB,94,TRP,CH2,5.943831171895782
24,ALA,O,42,CYS,SG,5.965488244896639
24,ALA,CB,226,THR,CG2,5.978042572615218
