model,model_1,model_2,model_3,model_4,model_5,model_6,model_7,model_8,model_9,model_10,model_11
1,0.0,4.328784197214782,3.984228938944305,3.0444652430267705,4.079321526140072,2.5224037066767413,3.766568414701079,2.5969478393383514,4.031958646336612,3.7474429075657283,3.55134984781426
2,4.328784197214782,0.0,4.05089277108714,3.2657559979605897,3.467779373559492,4.482839438087118,3.0532855092677003,4.028437631528564,4.1750191373482055,4.003496520039595,3.894230780278621
3,3.984228938944305,4.05089277108714,0.0,2.8963555824676024,3.8173903898717256,3.544714436259593,2.9279871707573704,3.746288144041239,2.463289086055355,3.260956104316655,3.113945998352748
4,3.0444652430267705,3.2657559979605897,2.8963555824676024,0.0,3.1399099352220996,2.866229844713247,2.840602282773372,2.4396633917484634,2.766425558711216,2.6569933450881558,3.308260123781162
5,4.079321526140072,3.467779373559492,3.8173903898717256,3.1399099352220996,0.0,3.561952141021921,4.001379637666811,3.4886806649123563,3.81337303578399,3.1445713241802933,4.380657779170114
6,2.5224037066767413,4.482839438087118,3.544714436259593,2.866229844713247,3.561952141021921,0.0,3.7745524805874253,2.1844523743075315,3.5644154530773893,3.572578863782184,3.309859016129447
7,3.766568414701079,3.0532855092677003,2.9279871707573704,2.840602282773372,4.001379637666811,3.7745524805874253,0.0,3.3135975428920164,3.4726034141083306,3.1521578161626516,3.473637467635921
8,2.5969478393383514,4.028437631528564,3.746288144041239,2.4396633917484634,3.4886806649123563,2.1844523743075315,3.3135975428920164,0.0,3.603846777478439,3.0353293485977515,3.5776673943506534
9,4.031958646336612,4.1750191373482055,2.463289086055355,2.766425558711216,3.81337303578399,3.5644154530773893,3.4726034141083306,3.603846777478439,0.0,3.0334747997435554,3.415419411519968
10,3.7474429075657283,4.003496520039595,3.260956104316655,2.6569933450881558,3.1445713241802933,3.572578863782184,3.1521578161626516,3.0353293485977515,3.0334747997435554,0.0,3.865725267223207
11,3.55134984781426,3.894230780278621,3.113945998352748,3.308260123781162,4.380657779170114,3.309859016129447,3.473637467635921,3.5776673943506534,3.415419411519968,3.865725267223207,0.0
