model_a,model_b,full_length_1_57_CA_RMSD_A,WAP_9_57_CA_RMSD_A
1,2,4.328784197214782,2.7614238572318577
1,3,3.984228938944305,2.897088744412203
1,4,3.0444652430267705,2.1919922065742217
1,5,4.079321526140072,1.815619831541221
1,6,2.5224037066767413,1.9245134017337433
1,7,3.766568414701079,3.2394668905154633
1,8,2.5969478393383514,2.17449476219935
1,9,4.031958646336612,3.1841943425853976
1,10,3.7474429075657283,2.646779927669744
1,11,3.55134984781426,3.111156857070337
2,3,4.05089277108714,3.172133044707698
2,4,3.2657559979605897,2.1098586355660314
2,5,3.467779373559492,2.743254211768894
2,6,4.482839438087118,2.891555656567879
2,7,3.0532855092677003,2.601675574108568
2,8,4.028437631528564,2.1665500006313216
2,9,4.1750191373482055,2.8017764747975558
2,10,4.003496520039595,2.5799890447256084
2,11,3.894230780278621,3.0967652228823006
3,4,2.8963555824676024,2.518253917331142
3,5,3.8173903898717256,2.5480270553988507
3,6,3.544714436259593,1.8535129000081558
3,7,2.9279871707573704,2.510238938574497
3,8,3.746288144041239,2.357189517374452
3,9,2.463289086055355,2.005087217165857
3,10,3.260956104316655,2.1521323877678595
3,11,3.113945998352748,2.035298615123452
4,5,3.1399099352220996,2.3453368361716507
4,6,2.866229844713247,2.0785542184934336
4,7,2.840602282773372,2.3410339328936276
4,8,2.4396633917484634,1.4189726376518945
4,9,2.766425558711216,2.6537116305506268
4,10,2.6569933450881558,2.1452405483576924
4,11,3.308260123781162,2.7221401639363343
5,6,3.561952141021921,1.693294243744614
5,7,4.001379637666811,3.2501055462624415
5,8,3.4886806649123563,2.2049533097531007
5,9,3.81337303578399,2.8716548651442393
5,10,3.1445713241802933,2.6649796894467617
5,11,4.380657779170114,2.912525141362297
6,7,3.7745524805874253,2.909955221740252
6,8,2.1844523743075315,1.8943002700220983
6,9,3.5644154530773893,2.3356952206418535
6,10,3.572578863782184,2.447022440575862
6,11,3.309859016129447,2.1738246018841534
7,8,3.3135975428920164,2.3094567162200224
7,9,3.4726034141083306,2.6902459974525983
7,10,3.1521578161626516,1.8195155544137214
7,11,3.473637467635921,2.9245458619255533
8,9,3.603846777478439,2.6643634415056257
8,10,3.0353293485977515,2.1072955806953457
8,11,3.5776673943506534,2.3831126493056414
9,10,3.0334747997435554,2.588851585324658
9,11,3.415419411519968,2.087111952609088
10,11,3.865725267223207,2.636540065736327
