time_min,complex_fraction
0.0,1.0
0.4,0.985703184122443
0.8,0.9716107671891228
1.2000000000000002,0.9577198269459679
1.6,0.9440274829178357
2.0,0.9305308958112057
2.4000000000000004,0.9172272669254147
2.8000000000000003,0.9041138375723072
3.2,0.8911878885041844
3.6,0.8784467393499313
4.0,0.865887748059205
4.4,0.8535083103545701
4.800000000000001,0.8413058591914659
5.2,0.8292778642258957
5.6000000000000005,0.8174218312897243
6.0,0.8057353018734796
6.4,0.7942158526165467
6.800000000000001,0.7828610948046509
7.2,0.7716686738745262
7.6000000000000005,0.7606362689256635
8.0,0.7497615922390413
8.4,0.7390423888027358
8.8,0.7284764358443131
9.200000000000001,0.718061542369908
9.600000000000001,0.7077955487098908
10.0,0.697676326071031
10.4,0.6877017760950631
10.8,0.6778698304235631
11.200000000000001,0.6681784502690465
11.600000000000001,0.6586256259921985
12.0,0.6492093766851474
12.4,0.6399277497606963
12.8,0.6307788205474283
13.200000000000001,0.621760691890599
13.600000000000001,0.6128714937587367
14.0,0.6041093828558647
14.4,0.5954725422392698
14.8,0.5869591809427342
15.200000000000001,0.5785675336051542
15.600000000000001,0.5702958601044691
16.0,0.5621424451968224
16.400000000000002,0.5541055981608838
16.8,0.546183652447254
17.2,0.5383749653328841
17.6,0.5306779175804336
18.0,0.5230909131025009
18.400000000000002,0.5156123786306511
18.8,0.5082407633891796
19.200000000000003,0.5009745387735354
19.6,0.49381219803334614
20.0,0.4867522559599717
20.400000000000002,0.4797932485785264
20.8,0.4729337328443043
21.200000000000003,0.4661722863435435
21.6,0.4595075069984701
22.0,0.45293801277655776
22.400000000000002,0.4464624414039447
22.8,0.4400794500829479
23.200000000000003,0.4337877152136154
23.6,0.42758593211926027
24.0,0.42147281477591764
24.400000000000002,0.4154470955456706
24.8,0.40950752491378833
25.200000000000003,0.4036528712296218
25.6,0.3978819204512047
26.0,0.392193475893505
26.400000000000002,0.38658635798027646
26.8,0.3810594039994571
27.200000000000003,0.37561146786206523
27.6,0.3702414198645424
28.0,0.36494814645449375
28.400000000000002,0.3597305499997781
28.8,0.35458754856089897
29.200000000000003,0.3495180756666495
29.6,0.3445210800929654
30.0,0.3395955256449392
30.400000000000002,0.33474039094195124
30.8,0.32995466920587274
31.200000000000003,0.32523736805229614
31.6,0.3205875092847512
32.0,0.31600412869186256
32.4,0.3114862758474072
32.800000000000004,0.3070330139132308
33.2,0.3026434194449819
33.6,0.2983165822006228
34.0,0.29405160495167837
34.4,0.2898476032971841
34.800000000000004,0.285703705480293
35.2,0.2816190522075055
35.6,0.27759279647048274
36.0,0.2736241033704081
36.4,0.26971214994485976
36.800000000000004,0.265856124997158
37.2,0.26205522892815286
37.6,0.258308673570416
38.0,0.2546156820248038
38.400000000000006,0.2509754884993565
38.800000000000004,0.2473873381505013
39.2,0.24385048692652464
39.6,0.24036420141328352
40.0,0.23692775868212176
40.400000000000006,0.23354044613996117
40.800000000000004,0.23020156138153564
41.2,0.22691041204373769
41.6,0.22366631566204778
42.0,0.22046859952901599
42.400000000000006,0.21731660055476673
42.800000000000004,0.21420966512949866
43.2,0.21114714898794906
43.6,0.20812841707579727
44.0,0.2051528434179772
44.400000000000006,0.20221981098887307
44.800000000000004,0.19932871158437077
45.2,0.19647894569573834
45.6,0.19366992238530986
46.0,0.19090105916394634
46.400000000000006,0.18817178187024874
46.800000000000004,0.18548152455149797
47.2,0.18282972934629663
47.6,0.18021584636888907
48.0,0.17763933359513498
48.400000000000006,0.17509965675011335
48.800000000000004,0.17259628919733358
49.2,0.17012871182952974
49.6,0.16769641296101698
50.0,0.16529888822158656
50.400000000000006,0.16293564045191763
50.800000000000004,0.16060617960048473
51.2,0.15831002262193877
51.6,0.15604669337694102
52.0,0.15381572253342932
52.400000000000006,0.15161664746929543
52.800000000000004,0.14944901217645445
53.2,0.1473123671662849
53.6,0.14520626937642148
54.0,0.14313028207887982
54.400000000000006,0.14108397478949525
54.800000000000004,0.13906692317865593
55.2,0.13707870898331237
55.6,0.13511891992024475
56.0,0.1331871496005706
56.400000000000006,0.1312829974454746
56.800000000000004,0.12940606860314285
57.2,0.1275559738668852
57.6,0.1257323295944279
58.0,0.12393475762836008
58.400000000000006,0.12216288521771773
58.800000000000004,0.12041634494068887
59.2,0.11869477462842348
59.6,0.11699781728993276
60.0,0.11532512103806256
60.400000000000006,0.11367633901652438
60.800000000000004,0.11205112932797036
61.2,0.11044915496309607
61.6,0.10887008373075689
62.0,0.10731358818908407
62.400000000000006,0.10577934557758474
62.800000000000004,0.10426703775021352
63.2,0.10277635110940045
63.6,0.10130697654102218
64.0,0.09985860935030322
64.4,0.09843094919863303
64.8,0.09702370004128702
65.2,0.0956365700660374
65.60000000000001,0.09426927163264218
66.0,0.0929215212131989
66.4,0.09159303933335126
66.8,0.09028355051433654
67.2,0.08899278321586092
67.60000000000001,0.08772046977979239
68.0,0.08646634637465792
68.4,0.08523015294093435
68.8,0.08401163313712182
69.2,0.0828105342865875
69.60000000000001,0.08162660732517002
70.0,0.08045960674953244
70.4,0.0793092905662537
70.8,0.07817542024164836
71.2,0.07705776065230285
71.60000000000001,0.07595608003632001
72.0,0.07487014994525978
72.4,0.0737997451967673
72.8,0.07274464382787851
73.2,0.07170462704899286
73.60000000000001,0.0706794791985045
74.0,0.06966898769808187
74.4,0.0686729430085866
74.8,0.06769113858662289
75.2,0.06672337084170774
75.60000000000001,0.06576943909405386
76.0,0.06482914553295599
76.4,0.06390229517577196
76.80000000000001,0.06298869582749064
77.2,0.06208815804087758
77.60000000000001,0.06120049507719048
78.0,0.060325522867456564
78.4,0.05946305997430317
78.80000000000001,0.058612927554334414
79.2,0.05777494932104552
79.60000000000001,0.056948951508267336
80.0,0.056134762834133725
80.4,0.05533221446556377
80.80000000000001,0.0545411399832521
81.2,0.053761375347159496
81.60000000000001,0.052992758862496915
82.0,0.05223513114619603
82.4,0.05148833509385881
82.80000000000001,0.05075221584717995
83.2,0.0500266207618348
83.60000000000001,0.049311399375826466
84.0,0.048606403378285624
84.4,0.047911486578716
84.80000000000001,0.047226504876680044
85.2,0.04655131623191761
85.60000000000001,0.045885780634891946
86.0,0.045229760077756934
86.4,0.04458311852573916
86.80000000000001,0.043945721888929354
87.2,0.043317437994477015
87.60000000000001,0.042698136559182476
88.0,0.04208768916248107
88.4,0.04148596921981322
88.80000000000001,0.04089285195637554
89.2,0.04030821438124706
89.60000000000001,0.03973193526188526
90.0,0.03916389509898708
90.4,0.038603976101708896
90.80000000000001,0.03805206216324115
91.2,0.03750803883673195
91.60000000000001,0.036971793311554924
92.0,0.03644321438991654
92.4,0.035922192463797555
92.80000000000001,0.03540861949222447
93.2,0.03490238897886567
93.60000000000001,0.03440339594994794
94.0,0.033911536932488856
94.4,0.03342670993284008
94.80000000000001,0.03294881441553776
95.2,0.032477751282455024
95.60000000000001,0.032013422852252664
96.0,0.031555732840123654
96.4,0.03110458633782701
96.80000000000001,0.030659889794007515
97.2,0.03022155099479642
97.60000000000001,0.02978947904468961
98.0,0.029363584347699347
98.4,0.028943778588775167
98.80000000000001,0.028529974715490666
99.2,0.028122086919991948
99.60000000000001,0.02772003062120416
100.0,0.02732372244729257
100.4,0.02693308021837415
100.80000000000001,0.026548022929476577
101.2,0.026168470733740696
101.60000000000001,0.02579434492586316
102.0,0.025425567925775903
102.4,0.025062063262558762
102.80000000000001,0.024703755558582268
103.2,0.024350570513877047
103.60000000000001,0.024002434890726676
104.0,0.02365927649848091
104.4,0.023321024178585913
104.80000000000001,0.02298760778982861
105.2,0.02265895819379194
105.60000000000001,0.02233500724051803
106.0,0.02201568775437645
106.4,0.021700933520134337
106.80000000000001,0.021390679269225867
107.2,0.021084860666217873
107.60000000000001,0.020783414295469007
108.0,0.020486277647979705
108.4,0.020193389108430024
108.80000000000001,0.01990468794240293
109.2,0.01962011428379018
109.60000000000001,0.019339609122378195
110.0,0.019063114291611644
110.4,0.018790572456531644
110.80000000000001,0.01852192710188671
111.2,0.018257122520413508
111.60000000000001,0.017996103801285156
112.0,0.017738816818724773
112.4,0.01748520822078175
112.80000000000001,0.017235225418268482
113.2,0.01698881657385532
113.60000000000001,0.016745930591321317
114.0,0.016506517104958845
114.4,0.0162705264691295
114.80000000000001,0.016037909747969432
115.2,0.015808618705241848
115.60000000000001,0.0155826057943345
116.0,0.015359824148400357
116.4,0.01514022757063902
116.80000000000001,0.014923770524717278
117.2,0.01471040812532648
117.60000000000001,0.014500096128874967
118.0,0.014292790924313573
118.4,0.014088449524092241
118.80000000000001,0.013887029555246035
119.2,0.013688489250608489
119.60000000000001,0.013492787440150618
120.0,0.01329988354244378
