I_total_nM,bound_fraction_E_total_0.1,bound_fraction_E_total_1,bound_fraction_E_total_10
0.01,0.03662953846561592,0.008560868385996333,0.0009835906819157074
0.010376819370522174,0.037976124708069,0.00888304293454869,0.0010206536627032463
0.010767838024844423,0.03937089503178523,0.009217325525491324,0.0010591132006394412
0.011173591019485084,0.040815472136761496,0.009564169922258347,0.0010990219170298882
0.011594633572928545,0.04231152546735151,0.009924046792757804,0.0011404344157702096
0.012031541825367172,0.04386077191824876,0.01029744433110454,0.001183407358032099
0.012484913627071778,0.045464976492200396,0.010684868901568126,0.001227999539761999
0.01295536935646947,0.04712595290264383,0.011086845705474737,0.0012742719720982717
0.01344355276904818,0.048845564113910674,0.011503919471821732,0.0013222879648166833
0.013950131878249618,0.05062572281106683,0.011936655172383489,0.0013721132129181806
0.014475799869555953,0.05246839179084742,0.0123856387621067,0.0014238158864771865
0.015021276049021058,0.05437558426450408,0.012851477945613152,0.001477466723873119
0.015587306827544252,0.05634936406270871,0.01333480297064735,0.001533139128532414
0.016174666742233376,0.05839184573195087,0.013836267449325767,0.0015909092693131444
0.01678415951625481,0.060505194511128575,0.014356549208063365,0.0016508561846692656
0.0174166191586207,0.06269162617626206,0.014896351167071536,0.001713061890736676
0.0180729111054183,0.06495340674046142,0.015456402250339394,0.0017776114934886234
0.018753933404042987,0.06729285199545129,0.016037458327027666,0.0018445933051135124
0.01946061794205562,0.06971232688010279,0.016640303185220688,0.0019140989647739369
0.020193931722345418,0.07221424466054598,0.017265749538997007,0.0019862235639116904
0.020954878186343614,0.07480106590554314,0.01791464006979356,0.0020610657762697325
0.0217444985870983,0.07747529723989278,0.018587848503050473,0.002138727992808464
0.022563873414089372,0.08023948985771776,0.019286280721134436,0.0022193164617003444
0.02341412387173329,0.0830962377765738,0.020010875913547714,0.002302941433593778
0.024296413413600768,0.08604817581240244,0.02076260776543598,0.002389717312344354
0.025211949334446725,0.0890979772544596,0.02154248568541222,0.0024797628114189593
0.026161984422231045,0.09224835121848542,0.022351556073715133,0.002573201116185986
0.02714781867239066,0.09550203965555736,0.0231909036317173,0.002670160052312841
0.028170801066708686,0.09886181399330264,0.024061652713792597,0.0027707722605002515
0.02923233141921496,0.10233047138545424,0.024964968722541222,0.0028751753777914997
0.03033386229164338,0.10591083054513638,0.025902059548354416,0.002983512225703542
0.031476900981067715,0.10960572713678819,0.026874177054280506,0.003095931005436354
0.032663011582435196,0.11341800870129297,0.027882618607124952,0.003212585500426298
0.03389381712882037,0.11735052908871484,0.028928728655682436,0.003333635286519361
0.03517100181232795,0.12140614237307952,0.030013900356956325,0.0034592459500503775
0.03649631328868352,0.12558769622390495,0.031139577251167873,0.0035895893141250795
0.03787156506866572,0.1298980247097336,0.03230725498629582,0.0037248436734128956
0.03929863899965212,0.1343399405097776,0.03351848309281277,0.003865194037769934
0.04077948784067485,0.13891622651100943,0.034774866809199056,0.004010832385023574
0.04231613793450881,0.1436296267696542,0.03607806895871213,0.0041619579232623416
0.043910691980449945,0.14848283681813088,0.03742981187777521,0.004318777362987757
0.04556533191157657,0.15347849330107932,0.03883187939621125,0.004481505199497961
0.047282321880432,0.15861916292728034,0.04028611886939569,0.004650364005886915
0.049064011357213125,0.16390733072805366,0.04179444326222243,0.00482558473705713
0.05091283834470491,0.16934538761719173,0.043358833284575946,0.0050074070451587875
0.05283133271435981,0.1749356172526842,0.04498133957777121,0.005196079606883504
0.054822119668087074,0.1806801822064812,0.046664084951161665,0.005391860463056903
0.056887923330489094,0.18658110945537731,0.04840926666781799,0.005595017370990719
0.05903157047645993,0.19264027521381183,0.050219158777844074,0.005805828170072276
0.06125599439924746,0.19885938913802156,0.05209611449751723,0.006024581161087017
0.06356423892427086,0.2052399779405595,0.0540425686320085,0.006251575499788005
0.06595946257418739,0.21178336846473508,0.05606104003895774,0.006487121605245683
0.06844494289090601,0.21849067028000915,0.05815413412962886,0.006731541583530641
0.07102408092046375,0.22536275787178808,0.0603245454037605,0.006985169667302967
0.07370040586690027,0.23240025251231727,0.06257506001353241,0.007248352671902695
0.07647757992149969,0.23960350391343097,0.06490855835129365,0.007521450468558165
0.07935940327400758,0.24697257177661477,0.06732801765482327,0.007804836475351698
0.08234981931268026,0.2545072073710518,0.0698365146229135,0.008098898166605802
0.08545292002028221,0.262206835285843,0.07243722803296282,0.008404037601377501
0.08867295157341462,0.27007053551817295,0.07513344135102797,0.008720671971773774
0.0920143201528384,0.2780970260745502,0.07792854532339452,0.0090492341718275
0.09548159797274021,0.2862846462770424,0.08082604053716365,0.009390173387700219
0.09907952953719419,0.2946313409802731,0.08382953993560294,0.009743955710006674
0.10281303813237806,0.303134645917403,0.08694277127204013,0.010111064769084735
0.10668723256342957,0.31179167440393757,0.09016957948387326,0.010492002394065105
0.11070741414516001,0.32059910563645033,0.09351392896579035,0.01088728929662602
0.1148790839561917,0.32955317482869007,0.09697990571851078,0.011297465780350877
0.11920795036644533,0.33864966542948977,0.10057171934623652,0.011723092476640069
0.1236999368482776,0.34788390366491073,0.10429370487249251,0.01216475110816312
0.12836119008195768,0.3572507556406091,0.10815032434009836,0.01262304528087306
0.1331980883665738,0.366744627229081,0.1121461681565877,0.013098601305642102
0.13821725034787874,0.3763594669498338,0.11628595614142488,0.01359206905061619
0.1434255440750181,0.38608877202836694,0.12057453822578776,0.014104122825425652
0.14883009639853295,0.3959255977919943,0.12501689474941602,0.014635462298430315
0.15443830272249795,0.4058625705269893,0.129618136291987,0.015186813448219868
0.1602578371241384,0.4158919038824708,0.13438350296857202,0.01575892955063416
0.16629666285477473,0.4260054188622466,0.13931836310985,0.016352592202613595
0.17256304323646218,0.43619456739706447,0.14442821123778674,0.016968612384236366
0.17906555296923765,0.44645045943718303,0.14971866523630575,0.01760783156034793
0.18581308986444497,0.4567638934498523,0.15519546260392647,0.01827112282323785
0.1928148870201951,0.4671253901493734,0.16086445566128657,0.018959392077870806
0.20008052545562055,0.47752522923022334,0.16673160557070882,0.01967357927123155
0.20761994722121382,0.4879534888177681,0.1728029750073515,0.020414659667398687
0.21544346900318834,0.4984000872978625,0.17908471930178452,0.0211836451700183
0.22356179624047784,0.5088548271377421,0.18558307585186365,0.021981585693906864
0.2319860377736922,0.5193074402675546,0.19230435157731754,0.02280957058757277
0.24072772104607384,0.5297476345560681,0.19925490816329305,0.023668730108507403
0.24979880787725575,0.5401651408867891,0.20644114480903533,0.024560236953160054
0.2592117108314055,0.5505497603229159,0.21386947816470483,0.025485307843576287
0.2689793102021521,0.560891410841981,0.22154631910292233,0.026445205172746115
0.2791149716375385,0.5711801731240893,0.22947804593189156,0.027441238710777006
0.28963256442911584,0.5814063348913956,0.23767097361388612,0.028474767374077125
0.3005464804902061,0.5915604333205795,0.24613131850666597,0.02954720105980633
0.31187165404930356,0.6016332950838986,0.25486515809634325,0.030660002547925995
0.32362358208556036,0.6116160736169755,0.2638783851389901,0.031814689473253964
0.3358183455343216,0.6215002832615243,0.273176655575873,0.03301283637000781
0.34847263129172573,0.6312778299872754,0.28276532953513644,0.03425607679139777
0.36160375504848113,0.6409410384577813,0.2926494046832334,0.03554610550690984
0.3752296849840635,0.6504826752678224,0.3028334411455063,0.03688468078000049
0.3893690663537564,0.6598959682440966,0.313321477181281,0.038273626729005625
0.4040412470021793,0.6691746217640129,0.3241169347803543,0.03971483577414901
0.4192663038382149,0.6783128281082085,0.33522251435233763,0.04121027117361764
0.43506507030756264,0.6873052749194445,0.3466400777177466,0.04276196965175489
0.4514591649005108,0.6961471488926386,0.3583705186924779,0.044372044122504714
0.46847102073393854,0.7048341358670105,0.37041362070105005,0.04604268651132254
0.48612391624802287,0.7133624175309944,0.3827679010779332,0.04777617067884905
0.5044420070596584,0.7217286649832558,0.3954304420435551,0.04957485544972298
0.5234503590161746,0.7299300294187017,0.408396708799003,0.05144118774998546
0.5431749824945827,0.7379641302268058,0.4216603558011243,0.053377705856602786
0.563642867993283,0.7458290408012087,0.4352130230895488,0.0553870427627038
0.5848820230649372,0.7535232723647386,0.44904412557006534,0.057471929662192965
0.6069215106410438,0.761045756113389,0.4631406394404943,0.059635199557458704
0.6297914888006564,0.7683958239769602,0.4774868914893919,0.0618797909939459
0.6535232520376654,0.7755731882838075,0.49206435879694926,0.06420875192540425
0.6781492740831091,0.7825779206031445,0.506851488379948,0.0666252437136512
0.7037032523411159,0.7894104300214102,0.5218235484588121,0.06913254526670629
0.7302201539992745,0.7960714410900255,0.5369525251304412,0.0717340573191505
0.7577362638765357,0.8025619716611343,0.55220708007312,0.0744333068585459
0.7862892340741139,0.808883310806275,0.5675525861711952,0.07723395170170591
0.8159181354973309,0.8150369969908925,0.582951258230114,0.08013978522453628
0.8466635113189039,0.8210247966556999,0.598362394808742,0.08315474124906333
0.8785674324568323,0.8268486833344946,0.6137427441847239,0.08628289909112492
0.9116735551427991,0.8325108174174979,0.6290470022471547,0.08952848877201244
0.9460271806598619,0.8380135266498449,0.6442284425525764,0.09289589639711444
0.9816753173311735,0.8433592874367116,0.6592396691022624,0.09638966970430886
1.0186667448445619,0.848550707009866,0.6740334712623839,0.10001452378447961
1.0570520810009827,0.8535905064952305,0.6885637487900951,0.10377534697606865
1.0968838509781766,0.8584815049073786,0.7027864646746224,0.10767720693501477
1.1382165592043307,0.8632266040847905,0.7166605761509193,0.11172535688074987
1.1811067639400605,0.8678287745690474,0.7301488913288241,0.1159252420180957
1.2256131546707976,0.8722910424219932,0.7432188013971452,0.12028250613392069
1.2717966324154728,0.8766164769670461,0.7558428464532468,0.12480299836622495
1.3197203930613743,0.8808081794343162,0.7679990858367479,0.1294927801419034
1.3694500138392414,0.8848692724837793,0.7796712597053262,0.13435813227774146
1.4210535430568894,0.8888028905764537,0.7908487452524331,0.1394055622371671
1.4746015932141905,0.8926121711601539,0.8015263261565496,0.14464181153287287
1.5301674376267864,0.8963002466338756,0.8117038057168651,0.15007386326252525
1.5878271106907929,0.8998702370531222,0.8213855015645963,0.15570894976134597
1.6476595119256467,0.9033252435373512,0.8305796625903099,0.1615545603512219
1.7097465139375172,0.9066683423401956,0.8392978472945681,0.16761844916109056
1.77417307445096,0.9099025795430341,0.8475542981571614,0.1739086429874433
1.8410273525621594,0.9130309663328321,0.8553653400476834,0.18043344915673082
1.9104008293728183,0.9160564748258421,0.8627488233411446,0.18720146334295817
1.9823884331697479,0.9189820343997002,0.8697236252117081,0.19422157728353334
2.0570886693214954,0.921810528497615,0.8763092162123715,0.20150298632410402
2.134603755069697,0.9245447918696651,0.8825252940671097,0.20905519670818537
2.2150397593996614,0.927187608217688,0.8883914827151925,0.2168880325092914
2.2985067481815173,0.9297417082117706,0.8939270919893563,0.22501164208124882
2.3851189347805914,0.932209767847958,0.8991509317100501,0.2334365038755085
2.4749948363430447,0.9345944071184162,0.9040811732215097,0.2421734314413438
2.568257435970688,0.936898188966931,0.9087352512631692,0.25123357738438945
2.665034351006826,0.9391236185042336,0.9131297993651639,0.26062843600906094
2.765458007663461,0.9412731424592581,0.9172806125171312,0.2703698443085981
2.869665822228788,0.9433491488439818,0.9212026315601093,0.28046998088959113
2.977800389102912,0.9453539668110211,0.9249099445017368,0.2909413623217919
3.090009675919158,0.9472898666846047,0.9284158006941721,0.3017968362834631
3.206447226017885,0.9491590601469516,0.9317326345042506,0.3130495707204332
3.3272723685499503,0.9509637005634072,0.9348720957257088,0.3247130380442689
3.45265043649723,0.9527058834309565,0.93784508452515,0.33680099314929
3.582752992908632,0.9543876469359421,0.9406617891762287,0.3493274437133724
3.717758065661061,0.9560109726079339,0.9433317252245537,0.3623066108418077
3.857850391066673,0.9575777860577709,0.9458637750460845,0.37575287758769343
4.003221666659722,0.9590899577887899,0.9482662270225469,0.3896807221966872
4.154070813508865,0.9605493040711893,0.9505468137669861,0.404104632024441
4.310604248413962,0.9619575878703558,0.9527127489991286,0.4190389928876284
4.473036166359716,0.9633165198207825,0.9547707628009353,0.43449794703223954
4.6415888336127775,0.9646277592379748,0.9567271350841483,0.45049521079508387
4.8164928918632475,0.965892915161431,0.9585877271792335,0.46704384020101575
4.997987673826894,0.9671135474224443,0.9603580115136402,0.48415592890876324
5.186321530739795,0.9682911677310603,0.9620430993906119,0.501842217717297
5.381752172193695,0.9694272407770952,0.9636477669111171,0.5201115877558842
5.584547018776935,0.9705231853406115,0.9651764791034468,0.5389703998007814
5.794983568003634,0.9715803754077387,0.9666334123397596,0.5584216289542999
6.013349774031784,0.9726001412881399,0.9680224751280145,0.5784637259961245
6.239944441689813,0.9735837707308383,0.9693473273727191,0.5990891126835695
6.475077635350907,0.9745325100354697,0.9706113981997377,0.6202821868337354
6.719071103214418,0.975447565156366,0.9718179024399294,0.642016673777379
6.97225871757512,0.9763301027971822,0.9729698558642504,0.6642521163194635
7.234986931682557,0.9771812514940454,0.9740700892596768,0.6869292559142626
7.507615253815839,0.9780021026854746,0.9751212614312389,0.7099640510452735
7.790516739222392,0.9787937117675375,0.9761258712109508,0.7332401684763024
8.084078500594021,0.9795570991329278,0.977086268549629,0.7566000984513526
8.388702237778594,0.9802932511928355,0.9780046647627371,0.779835811323329
8.704804787452359,0.9810031213806562,0.9788831419965645,0.8026813856839681
9.032818693504984,0.9816876311367368,0.9797236619763249,0.8248124172957588
9.373192798917728,0.9823476708735103,0.9805280740932231,0.845859491874975
9.726392859944848,0.9829841009204838,0.9812981228832115,0.865442847746211
10.092902183438424,0.9835977524486712,0.9820354549460709,0.8832282724224024
10.473222288188945,0.9841894283741593,0.9827416253496061,0.8989895179355283
10.867873591186356,0.9847599042405913,0.98341810356016,0.912650233632189
11.277396119740903,0.9853099290804369,0.9840662789373174,0.9242843778518453
11.702350250437895,0.9858402262549883,0.9846874658275698,0.9340779270210534
12.143317475937904,0.9863514942730908,0.9852829082888617,0.9422746894822399
12.600901200671295,0.9868444075886749,0.9858537844752916,0.9491292284612884
13.075727566516196,0.987319617377209,0.9864012107088307,0.9548771784399446
13.56844630958961,0.987777752291238,0.9869262452626724,0.9597218649167557
14.079731649323952,0.9882194191952112,0.9874298918787998,0.9638316599165077
14.6102832110459,0.9886452038798441,0.9879131030404675,0.9673428125224663
15.160826983319593,0.9890556717562811,0.9883767830185824,0.9703643141956386
15.732116311364612,0.9894513685303598,0.9888217907093957,0.972982990051565
16.324932927907607,0.9898328208572967,0.9892489422794732,0.975268041903281
16.940088022878705,0.9902005369771361,0.9896590136326017,0.9772748135102628
17.578423353415833,0.990555007331312,0.9900527427120815,0.9790477945248945
18.240812395696487,0.9908967051607015,0.9904308316507515,0.9806229700301674
18.928161540172443,0.9912260870855425,0.9907939487800915,0.982029640923785
19.641411331843415,0.9915435936676087,0.9911427305088256,0.9832918297390307
20.38153775726666,0.9918496499550336,0.9914777830806045,0.9844293669399224
21.149553580063365,0.9921446660101888,0.991799684219579,0.9854587328131732
21.946509726749827,0.9924290374210115,0.9921089846719742,0.9863937128613716
22.77349672478908,0.9927031457961949,0.9924062096511237,0.9872459107548132
23.631646194831475,0.992967359244639,0.992691860192839,0.9880251521675797
24.522132399185377,0.9932220328395688,0.992966414427448,0.9887398046677637
25.44617384863764,0.9934675090677216,0.993230328774342,0.9893970326957578
26.40503496982177,0.9937041182640008,0.9934840390644165,0.9900030020679736
27.40002783541621,0.9939321790319947,0.9937279615953782,0.990563045002532
28.432513959539385,0.9941519986507458,0.9939624941245085,0.9910817940836976
29.50390616079903,0.9943638734681649,0.9941880168031259,0.9915632916416289
30.615670495544805,0.9945680892814603,0.9944048930566675,0.9920110795589239
31.769328263969342,0.9947649217049659,0.9946134704140173,0.9924282734038096
32.96645809180349,0.9949546365257296,0.9948140812894375,0.9928176239421582
34.208698090453375,0.9951374900472287,0.9950070437202126,0.9931815684305831
35.49774809853617,0.9953137294215638,0.9951926620628859,0.9935222735919196
36.835372007880665,0.9954835929704778,0.9953712276507548,0.9938416717860823
38.22340017717666,0.9956473104955451,0.9955430194151105,0.9941414915867149
39.66373193657473,0.9958051035778568,0.9957083044725107,0.9944232837369527
41.158338186664785,0.9959571858675335,0.9958673386802256,0.9946884432709
42.70926409538859,0.9961037633633791,0.9960203671618412,0.9949382284395905
44.318631896577536,0.9962450346829878,0.9961676248048602,0.9951737769625696
45.98864379394479,0.9963811913236027,0.9963093367320179,0.9953961200322032
47.72158497450504,0.9965124179140256,0.996445718747911,0.9956061944222515
49.51982673554642,0.9966388924578637,0.9965769777624229,0.9958048529912917
51.38582972943197,0.9967607865683862,0.9967033121923328,0.995992873822131
53.322147330672415,0.9968782656952736,0.9968249123423998,0.9961709681981337
55.33142912987586,0.9969914893435122,0.9969419607671266,0.9963397875844716
57.416424559357104,0.9971006112847022,0.9970546326143281,0.996499929755333
59.57998665536622,0.9972057797610175,0.9971630959515513,0.9966519441858506
61.825075962085656,0.9973071376820711,0.997267512076334,0.9967963368091425
64.15476458273757,0.9974048228149113,0.9973680358112127,0.9969335742235609
66.57224038334408,0.9974989679673848,0.997464815784344,0.9970640874225296
69.08081135489438,0.9975897011650859,0.9975579946965349,0.9971882751087326
71.68391013988558,0.9976771458221045,0.9976477095754424,0.9973065066454723
74.38509872943361,0.9977614209057861,0.9977340920176401,0.9974191246905371
77.18807333737907,0.9978426410957025,0.9978172684192141,0.9975264475515827
80.09666945806018,0.9979209169370308,0.9978973601955099,0.997628771296665
83.11486711467103,0.9979963549885308,0.9979744839906063,0.9977263716490292
86.24679630538954,0.9980690579653037,0.998048751877067,0.9978195056913819
89.49674265472468,0.9981391248765109,0.9981202715464788,0.9979084134015723
92.86915327781848,0.9982066511582272,0.9981891464912599,0.9979933190387804
96.36864286572603,0.9982717288015904,0.9982554761781894,0.9980744323968894
100.0,0.9983344464764177,0.998319356214086,0.9981519499396331
