time_min,complex_nM_I_total_0.25,complex_nM_I_total_1,complex_nM_I_total_4
0.0,0.0,0.0,0.0
0.2,0.010477740381549977,0.041264370982135604,0.15521943582754744
0.4,0.02034230981214147,0.07897392667556336,0.281011258244675
0.6000000000000001,0.029637516628248206,0.1135475738393192,0.38407847213039625
0.8,0.03840326529164785,0.14534108605018675,0.46928764996179256
1.0,0.046675981313824735,0.17465857075572944,0.5402572036229526
1.2000000000000002,0.0544889816842393,0.2017615244450225,0.5997326741298248
1.4000000000000001,0.06187279879682144,0.22687604759106747,0.6498339311877118
1.6,0.06885546459430196,0.2501986415635687,0.6922225902075478
1.8,0.07546276045084407,0.27190090213397766,0.7282181987691538
2.0,0.0817184375757296,0.2921333472548413,0.7588806339899681
2.2,0.08764441190404543,0.31102855975455324,0.7850696801904861
2.4000000000000004,0.09326093686828775,0.3287037838103048,0.807488864510918
2.6,0.09858675691422475,0.3452630830453249,0.8267182226928307
2.8000000000000003,0.10363924422791855,0.3607991439668584,0.8432391463595422
3.0,0.10843452080002405,0.3753947910562105,0.8574534726763917
3.2,0.11298756762718615,0.3891242660440286,0.8696983295484155
3.4000000000000004,0.1173123225785924,0.40205431280290066,0.8802578058432087
3.6,0.12142176833291864,0.41424510171404166,0.8893722203081736
3.8000000000000003,0.12532801147515427,0.4257510204504358,0.8972455501121713
4.0,0.12904235390041027,0.4366213532109176,0.9040514354343115
4.2,0.13257535720945288,0.446900866300904,0.9099380705873104
4.4,0.13593690106086326,0.4566303147421095,0.9150322153026619
4.6000000000000005,0.1391362360186805,0.4658468822785286,0.9194425065475715
4.800000000000001,0.14218203153037126,0.47458456447179803,0.9232622073184683
5.0,0.14508241962699117,0.48287450355475725,0.9265715003005346
5.2,0.14784503461649598,0.49074528178645027,0.9294394116042446
5.4,0.15047704937793335,0.49822317934018695,0.9319254292829798
5.6000000000000005,0.15298520848076738,0.505332401611111,0.9340808709542262
5.800000000000001,0.15537585845780338,0.5120952799209415,0.9359500440379962
6.0,0.15765497560729425,0.5185324494610613,0.937571231186462
6.2,0.15982819143647997,0.5246630071142867,0.9389775305678562
6.4,0.16190081603358067,0.5305046521462254,0.9401975742891016
6.6000000000000005,0.16387785960154322,0.5360738115078768,0.9412561426927637
6.800000000000001,0.16576405224748564,0.5413857519120043,0.9421746917441146
7.0,0.16756386222186312,0.5464546802747584,0.9429718054488093
7.2,0.1692815128148702,0.5512938337428009,0.9436635858783734
7.4,0.17092099790390425,0.5559155607856854,0.9442639881565228
7.6000000000000005,0.17248609634532627,0.5603313942528633,0.9447851096207136
7.800000000000001,0.1739803853378962,0.5645521171617186,0.9452374394035817
8.0,0.17540725278289224,0.5685878223674591,0.9456300739073039
8.200000000000001,0.1767699087405994,0.5724479665041782,0.9459709029447743
8.4,0.1780713961022615,0.5761414188806725,0.9462667705922678
8.6,0.1793146005393958,0.5796765060506784,0.9465236146042275
8.8,0.1805022596686774,0.5830610522815005,0.9467465870332344
9.0,0.18163697167725082,0.586302416370094,0.9469401584805944
9.200000000000001,0.18272120333987266,0.5894075253803499,0.947108208600597
9.4,0.1837572974891173,0.592382905406892,0.947254104226199
9.600000000000001,0.184747479985172,0.5952347096914858,0.9473807677611787
9.8,0.1856938662537084,0.5979687444398011,0.9474907355499583
10.0,0.18659846743024286,0.6005904926086888,0.9475862092772132
10.200000000000001,0.18746319602389083,0.6031051355275711,0.9476690999117741
10.4,0.18828987129773544,0.605517572967924,0.9477410663642228
10.600000000000001,0.18908022429923715,0.6078324415924166,0.9478035487719837
10.8,0.18983590257355606,0.610054131941822,0.9478577972465158
11.0,0.19055847457868663,0.6121868040904699,0.9479048971448087
11.200000000000001,0.19124943383918136,0.6142344021445327,0.9479457905646181
11.4,0.19191020287678098,0.6162006677382651,0.9479812954615878
11.600000000000001,0.19254213690540628,0.6180891523769291,0.9480121220278156
11.8,0.1931465272459741,0.6199032289423195,0.9480388867420334
12.0,0.1937246046201865,0.6216461024103702,0.9480621249126034
12.200000000000001,0.19427754222627475,0.6233208197778228,0.9480823012401239
12.4,0.1948064586392342,0.6249302792710413,0.9480998190913553
12.600000000000001,0.19531242053923892,0.6264772389104905,0.9481150288644925
12.8,0.19579644528989976,0.6279643245168853,0.9481282346471863
13.0,0.19625950338808065,0.6293940372330455,0.9481397004890104
13.200000000000001,0.19670252079716266,0.6307687604128798,0.9481496556880958
13.4,0.19712638108773992,0.6320907661064831,0.9481582992621678
13.600000000000001,0.19753192751107568,0.6333622211625045,0.9481658039635198
13.8,0.1979199649592431,0.634585192910927,0.9481723199283019
14.0,0.1982912618162484,0.635761654472887,0.9481779773986919
14.200000000000001,0.1986465517056672,0.6368934897252085,0.9481828894778349
14.4,0.19898653514326933,0.6379824979618269,0.9481871544013805
14.600000000000001,0.19931188110715153,0.6390303982942817,0.9481908574423641
14.8,0.19962322853789843,0.6400388338173351,0.9481940725763952
15.0,0.19992118777557483,0.6410093753918562,0.9481968640997523
15.200000000000001,0.20020634186842903,0.6419435252989544,0.9481992878560224
15.4,0.20047924785428423,0.6428427206750814,0.9482013922772723
15.600000000000001,0.20074043797938165,0.6437083367358001,0.9482032194351352
15.8,0.20099042085040902,0.6445416898069248,0.9482048058789743
16.0,0.20122968252645224,0.6453440401739026,0.9482061833287247
16.2,0.20145868755320617,0.6461165947704129,0.9482073792857936
16.400000000000002,0.20167787994678738,0.6468605097271646,0.9482084176505547
16.6,0.20188768413448951,0.6475768928018649,0.948209319229296
16.8,0.20208850585982438,0.6482668056809904,0.9482101020257739
17.0,0.20228073304556335,0.6489312660390162,0.9482107816831606
17.2,0.20246473656388964,0.6495712496239211,0.9482113717957402
17.400000000000002,0.20264087103011552,0.6501876921774815,0.9482118841738103
17.6,0.2028094755351556,0.6507814912633217,0.9482123290584399
17.8,0.2029708743471119,0.6513535079929829,0.94821271531933
18.0,0.20312537757629134,0.6519045686566016,0.9482130506690242
18.2,0.20327328180632256,0.6524354662688294,0.9482133418510016
18.400000000000002,0.2034148706957353,0.6529469620406215,0.948213594671492
18.6,0.20355041555436582,0.6534397867875256,0.9482138141802563
18.8,0.2036801758989513,0.6539146422851005,0.9482140047653529
19.0,0.2038043999913989,0.6543722025280101,0.9482141702436722
19.200000000000003,0.20392332531907972,0.6548131148665732,0.948214313929537
19.400000000000002,0.20403717906621796,0.655238001206214,0.9482144386917215
19.6,0.20414617858154013,0.6556474590807281,0.9482145470098821
19.8,0.20425053181082453,0.6560420626925453,0.9482146410413972
20.0,0.2043504377126201,0.6564223638973153,0.9482147226915079
20.200000000000003,0.20444608665218883,0.6567888931380048,0.9482147935874884
20.400000000000002,0.20453766077628363,0.6571421603340114,0.9482148551426322
20.6,0.20462533437137273,0.6574826557308108,0.9482149085854745
20.8,0.20470927420792198,0.6578108507156427,0.9482149549857107
21.0,0.2047896398733468,0.6581271986047494,0.9482149952748746
21.200000000000003,0.2048665840962409,0.6584321354069741,0.9482150302614036
21.400000000000002,0.20494025303747493,0.6587260804932489,0.9482150606432019
21.6,0.2050107865597578,0.659009437257504,0.9482150870208127
21.8,0.20507831852000002,0.6592825937925243,0.9482151099143123
22.0,0.2051429770261497,0.6595459234976697,0.9482151297870379
22.200000000000003,0.20520488468893547,0.6597997856717975,0.9482151470482212
22.400000000000002,0.20526415886015623,0.6600445260760809,0.9482151620356869
22.6,0.20532091185907844,0.6602804774696529,0.9482151750482679
22.8,0.20537525118850247,0.6605079601210054,0.9482151863451498
23.0,0.2054272797420585,0.6607272822980691,0.948215196152539
23.200000000000003,0.2054770960042932,0.6609387407399058,0.948215204668094
23.400000000000002,0.20552479424510842,0.6611426211129382,0.948215212063838
23.6,0.20557046471007961,0.6613391984546497,0.9482152184882743
23.8,0.20561419378398518,0.6615287376041519,0.9482152240684217
24.0,0.20565606414659696,0.6617114935485414,0.9482152289124919
24.200000000000003,0.2056961549469698,0.6618877118212481,0.9482152331139284
24.400000000000002,0.2057345419514064,0.662057628877609,0.9482152367575272
24.6,0.20577129769065416,0.6622214724400107,0.9482152399245195
24.8,0.20580649159909822,0.6623794618358487,0.9482152426753778
25.0,0.2058401901468728,0.6625318083189686,0.9482152450639993
25.200000000000003,0.20587245696581596,0.6626787153761786,0.9482152471376951
25.400000000000002,0.20590335297019058,0.662820379020427,0.9482152489375779
25.6,0.20593293647309596,0.662956988072235,0.9482152504997237
25.8,0.20596126329949307,0.6630887244309798,0.948215251855886
26.0,0.20598838689676782,0.6632157633376154,0.9482152530338948
26.200000000000003,0.206014358442934,0.663338273630429,0.9482152540578642
26.400000000000002,0.20603922692736087,0.663456417995419,0.9482152549483404
26.6,0.20606303924777428,0.663570353207816,0.9482152557225129
26.8,0.20608584030554625,0.6636802303054894,0.9482152563946226
27.0,0.20610767308913464,0.6637861948312148,0.9482152569766891
27.200000000000003,0.20612857875697393,0.6638883870402328,0.9482152574796887
27.400000000000002,0.20614859671577787,0.6639869420944228,0.9482152579153091
27.6,0.20616776469479023,0.6640819902540251,0.9482152582956643
27.8,0.20618611881652038,0.6641736570601194,0.9482152586261471
28.0,0.20620369366449998,0.6642620635087412,0.948215258913178
28.200000000000003,0.20622052234859684,0.6643473262175129,0.9482152591623758
28.400000000000002,0.20623663656842328,0.664429557585672,0.9482152593785772
28.6,0.20625206667537435,0.6645088659483716,0.9482152595660391
28.8,0.20626684173383308,0.6645853557261349,0.9482152597285636
29.0,0.2062809895783429,0.6646591275703422,0.9482152598695617
29.200000000000003,0.20629453684824725,0.6647302785056292,0.9482152599920738
29.400000000000002,0.20630750905221798,0.664798902070075,0.9482152600987606
29.6,0.2063199306143059,0.6648650884509181,0.9482152601918831
29.8,0.20633182492016616,0.6649289245671136,0.9482152602732865
30.0,0.20634321436194403,0.6649904942113257,0.948215260344405
30.200000000000003,0.2063541203806219,0.6650498781684224,0.9482152604063034
30.400000000000002,0.20636456350613083,0.6651071543210124,0.948215260459772
30.6,0.20637456339553012,0.6651623977570894,0.9482152605054907
30.8,0.20638413886955756,0.6652156808724309,0.9482152605442794
31.0,0.20639330794785418,0.6652670734682365,0.9482152605774501
31.200000000000003,0.20640208788316625,0.6653166428444965,0.9482152606070058
31.400000000000002,0.20641049519482765,0.665364453889575,0.9482152606329581
31.6,0.2064185457018265,0.6654105691664973,0.9482152606555168
31.8,0.20642625455575817,0.6654550489964278,0.9482152606751384
32.0,0.20643363626583616,0.665497951539826,0.9482152606921789
32.2,0.2064407047159494,0.6655393328757685,0.9482152607069332
32.4,0.20644747320407894,0.6655792470799233,0.9482152607196628
32.6,0.20645395446280115,0.6656177463016657,0.948215260730613
32.800000000000004,0.20646016068405315,0.6656548808406597,0.9482152607400218
33.0,0.20646610354250206,0.6656906991898561,0.9482152607481219
33.2,0.20647179421755094,0.665725248099469,0.9482152607551373
33.4,0.20647724341414683,0.665758572659126,0.9482152607612764
33.6,0.2064824613825563,0.6657907163486031,0.9482152607667229
33.800000000000004,0.20648745793727388,0.66582172109739,0.9482152607716263
34.0,0.20649224247522954,0.6658516273412529,0.948215260776094
34.2,0.20649682399345948,0.6658804740760608,0.948215260780185
34.4,0.20650121110640707,0.6659082989091435,0.9482152607839098
34.6,0.2065054120630184,0.6659351381084495,0.9482152607872353
34.800000000000004,0.2065094347637985,0.6659610266497705,0.9482152607900968
35.0,0.2065132867779838,0.6659859982623019,0.9482152607924209
35.2,0.20651697535117747,0.6660100854728045,0.9482152607941585
35.4,0.206520507416727,0.6660333196486387,0.9482152607953295
35.6,0.20652388961631946,0.6660557310399354,0.9482152607960831
35.800000000000004,0.20652712830926717,0.6660773488211743,0.9482152607967735
36.0,0.2065302295850337,0.6660982011324348,0.9482152607977093
36.2,0.20653319927495498,0.6661183151205893,0.9482152607985004
36.4,0.20653604296324288,0.6661377169749496,0.9482152607991965
36.6,0.20653876599735746,0.6661564319321587,0.9482152607998361
36.800000000000004,0.20654137349783458,0.6661744843388121,0.9482152608004255
37.0,0.20654387036765504,0.6661918976772128,0.9482152608009532
37.2,0.2065462613012424,0.6662086945949109,0.9482152608013993
37.4,0.2065485507931754,0.6662248969354247,0.9482152608017446
37.6,0.20655074314670205,0.6662405257673797,0.9482152608019752
37.800000000000004,0.2065528424821414,0.6662556014122102,0.9482152608020867
38.0,0.20655485274526,0.6662701434705683,0.948215260802086
38.2,0.2065567777157094,0.6662841708475823,0.9482152608019906
38.400000000000006,0.20655862101561112,0.6662977017771089,0.9482152608018286
38.6,0.20656038611263003,0.6663107538451245,0.9482152608016359
38.800000000000004,0.20656207632223622,0.6663233440123968,0.948215260801453
39.0,0.2065636948219861,0.6663354886365831,0.9482152608013222
39.2,0.20656524465421328,0.6663472034938968,0.9482152608012834
39.400000000000006,0.20656672873211587,0.6663585038004873,0.9482152608013699
39.6,0.20656814984545252,0.6663694042336777,0.9482152608016055
39.800000000000004,0.2065695106658635,0.6663799189532016,0.9482152608020006
40.0,0.20657081375185976,0.6663900616225854,0.9482152608025504
40.2,0.20657206155352334,0.6663998454254577,0.9482152608032329
40.400000000000006,0.20657325641696153,0.6664092830598223,0.9482152608040093
40.6,0.20657440058855833,0.6664183867803997,0.9482152608048245
40.800000000000004,0.20657549621906582,0.666427168407985,0.9482152608056108
41.0,0.20657654536757855,0.6664356393439004,0.948215260806292
41.2,0.20657755000543404,0.6664438105855419,0.948215260806792
41.400000000000006,0.20657851202008204,0.6664516927410885,0.9482152608070429
41.6,0.20657943321896613,0.6664592960434452,0.9482152608069988
41.800000000000004,0.2065803153334599,0.6664666303634984,0.9482152608066506
42.0,0.2065811600229014,0.6664737052227546,0.948215260806045
42.2,0.20658196887835228,0.66648052980544,0.9482152608053066
42.400000000000006,0.20658274341908758,0.6664871129701329,0.9482152608046641
42.6,0.20658348510007546,0.6664934632610051,0.9482152608045152
42.800000000000004,0.20658419531540773,0.6664995889187472,0.9482152608056422
43.0,0.20658487539983014,0.6665054978912504,0.9482152608074811
43.2,0.2065855266314577,0.6665111978441216,0.9482152608093316
43.400000000000006,0.20658615023429452,0.6665166961711047,0.9482152608107651
43.6,0.20658674738057753,0.6665220000044834,0.9482152608115706
43.800000000000004,0.20658731919296494,0.6665271162255407,0.9482152608117065
44.0,0.20658786674658922,0.6665320514751477,0.9482152608112583
44.2,0.20658839107099455,0.6665368121645459,0.948215260810401
44.400000000000006,0.20658889315197895,0.666541404471424,0.9482152608093656
44.6,0.20658937393336116,0.6665458343479267,0.9482152608084119
44.800000000000004,0.2065898343186925,0.6665501075412141,0.9482152608078039
45.0,0.20659027517293346,0.6665542295942389,0.9482152608077903
45.2,0.20659069732411553,0.6665582058535129,0.9482152608085883
45.400000000000006,0.20659110156500773,0.6665620414764243,0.9482152608103719
45.6,0.20659148865480886,0.666565741438143,0.9482152608132622
45.800000000000004,0.20659185932088442,0.6665693105381497,0.9482152608173218
46.0,0.2065922142605694,0.6665727534064266,0.9482152608225515
46.2,0.20659255414305613,0.6665760745093463,0.9482152608288903
46.400000000000006,0.20659287960798373,0.6665792781552954,0.9482152608362165
46.6,0.206593191265365,0.6665823685000709,0.9482152608443526
46.800000000000004,0.20659348970108182,0.6665853495520843,0.94821526085307
47.0,0.20659377547596441,0.6665882251774126,0.9482152608620971
47.2,0.20659404912698348,0.666590999104731,0.9482152608711278
47.400000000000006,0.20659431116835347,0.6665936749301657,0.9482152608798313
47.6,0.2065945620925516,0.666596256122103,0.9482152608878626
47.800000000000004,0.2065948023712614,0.6665987460259912,0.948215260894874
48.0,0.20659503245624947,0.666601147869173,0.9482152609005264
48.2,0.20659525278018398,0.6666034647657855,0.9482152609045011
48.400000000000006,0.206595463757404,0.6666056997217633,0.9482152609065114
48.6,0.2065956657846482,0.6666078556399828,0.9482152609063134
48.800000000000004,0.20659585924175125,0.6666099353213227,0.9482152609037164
49.0,0.2065960444923176,0.6666119414564499,0.9482152608985931
49.2,0.2065962218843804,0.6666138766464623,0.9482152608908869
49.400000000000006,0.20659639175105457,0.6666157434005319,0.9482152608806198
49.6,0.20659655441119315,0.6666175441387396,0.9482152608678973
49.800000000000004,0.2065967101700551,0.6666192811954933,0.9482152608529115
50.0,0.2065968593199936,0.6666209568227371,0.948215260835943
50.2,0.20659700214117338,0.6666225731929721,0.948215260817359
50.400000000000006,0.20659713890232587,0.6666241324021025,0.9482152607976101
50.6,0.2065972698615511,0.6666256364721264,0.9482152607772231
50.800000000000004,0.20659739526655158,0.6666270873536886,0.9482152607567913
51.0,0.20659751535168164,0.6666284869285116,0.9482152607369613
51.2,0.206597630342423,0.6666298370117216,0.9482152607184154
51.400000000000006,0.20659774045490656,0.666631139354089,0.948215260701852
51.6,0.20659784589600938,0.6666323956441979,0.9482152606879592
51.800000000000004,0.20659794686380814,0.6666336075105633,0.948215260677386
52.0,0.20659804354799477,0.6666347765237137,0.9482152606707085
52.2,0.2065981361302579,0.6666359041982542,0.9482152606683902
52.400000000000006,0.20659822478463397,0.6666369919949299,0.9482152606707384
52.6,0.20659830967783077,0.6666380413227045,0.9482152606778544
52.800000000000004,0.20659839096952765,0.6666390535408734,0.9482152606895784
53.0,0.20659846881265523,0.6666400299612262,0.9482152607054282
53.2,0.20659854335365846,0.6666409718502782,0.9482152607245321
53.400000000000006,0.20659861473274632,0.6666418804315865,0.9482152607455551
53.6,0.20659868308413168,0.6666427568879602,0.9482152607666188
53.800000000000004,0.20659874853626473,0.6666436023538435,0.9482152607852138
54.0,0.20659881121206372,0.666644417922778,0.9482152607981054
54.2,0.20659887122914586,0.666645204652231,0.9482152608014793
54.400000000000006,0.20659892870006263,0.666645963561941,0.9482152607979092
54.6,0.20659898373254237,0.6666466956354301,0.9482152607922767
54.800000000000004,0.20659903642974373,0.6666474018214193,0.9482152607870932
55.0,0.20659908689052384,0.6666480830351502,0.9482152607837278
55.2,0.20659913520972406,0.666648740159625,0.9482152607826683
55.400000000000006,0.20659918147847728,0.6666493740467697,0.9482152607837521
55.6,0.20659922578453982,0.6666499855185276,0.9482152607863669
55.800000000000004,0.20659926821214078,0.6666505753678926,0.9482152607896224
56.0,0.2065993088399627,0.6666511443598881,0.9482152607924963
56.2,0.20659934774425043,0.6666516932324995,0.9482152607939545
56.400000000000006,0.20659938499813835,0.666652222697568,0.9482152607930486
56.6,0.20659942067160622,0.6666527334416523,0.9482152607889914
56.800000000000004,0.2065994548316435,0.6666532261268677,0.9482152607812119
57.0,0.20659948754239843,0.6666537013917069,0.948215260769392
57.2,0.2065995188653144,0.6666541598518525,0.948215260753487
57.400000000000006,0.20659954885925388,0.6666546021009889,0.9482152607337301
57.6,0.20659957758061148,0.6666550287116185,0.9482152607106229
57.800000000000004,0.20659960508341757,0.666655440235892,0.9482152606849156
58.0,0.20659963141943347,0.6666558372064595,0.9482152606575749
58.2,0.20659965663823943,0.66665622013735,0.9482152606297445
58.400000000000006,0.20659968078731675,0.6666565895248862,0.9482152606026979
58.6,0.2065997039121252,0.6666569458486428,0.9482152605777864
58.800000000000004,0.20659972605617707,0.6666572895724558,0.9482152605563821
59.0,0.20659974726110886,0.6666576211453318,0.9482152605398197
59.2,0.20659976756675227,0.666657940995457,0.9482152605293378
59.400000000000006,0.2065997870112052,0.666658249535583,0.9482152605260206
59.6,0.20659980563090438,0.6666585471658144,0.9482152605307423
59.800000000000004,0.20659982346070074,0.6666588342719002,0.9482152605441171
60.0,0.20659984053393876,0.6666591112258368,0.9482152605664529
60.2,0.20659985688254098,0.6666593783864281,0.9482152605977151
60.400000000000006,0.20659987253709908,0.6666596360998077,0.9482152606374974
60.6,0.20659988752697242,0.6666598846999251,0.9482152606850053
60.800000000000004,0.20659990188039581,0.6666601245089976,0.9482152607390505
61.0,0.2065999156245972,0.6666603558379346,0.9482152607980606
61.2,0.20659992878592687,0.6666605789867324,0.9482152608601037
61.400000000000006,0.20659994138971544,0.6666607942448466,0.9482152609229311
61.6,0.20659995345892504,0.666661001891543,0.9482152609840381
61.800000000000004,0.206599965016136,0.6666612021962297,0.9482152610407465
62.0,0.20659997608308794,0.6666613954187756,0.9482152610903084
62.2,0.2065999866805686,0.6666615818098146,0.9482152611300344
62.400000000000006,0.2065999968284676,0.6666617616110427,0.9482152611574473
62.6,0.20660000654582567,0.6666619350555075,0.9482152611704624
62.800000000000004,0.20660001585087845,0.666662102367895,0.9482152611675977
63.0,0.20660002476109676,0.666662263764816,0.9482152611482133
63.2,0.20660003329322246,0.6666624194550945,0.9482152611127834
63.400000000000006,0.20660004146330094,0.6666625696400638,0.9482152610632021
63.6,0.20660004928671052,0.6666627145138683,0.948215261003124
63.800000000000004,0.20660005677818905,0.6666628542637791,0.9482152609383426
64.0,0.2066000639518581,0.6666629890705236,0.9482152608772061
64.2,0.20660007082124535,0.666663119108632,0.948215260831074
64.4,0.20660007739930514,0.6666632445468048,0.9482152608146541
64.60000000000001,0.2066000836984379,0.666663365548304,0.948215260826442
64.8,0.20660008973050897,0.6666634822713703,0.9482152608480358
65.0,0.20660009550686656,0.6666635948695829,0.9482152608689298
65.2,0.20660010103836,0.6666637034876731,0.9482152608832313
65.4,0.20660010633535814,0.6666638082650311,0.9482152608886196
65.60000000000001,0.20660011140776863,0.666663909337594,0.9482152608854302
65.8,0.20660011626505803,0.666664006836372,0.9482152608758563
66.0,0.2066001209162737,0.6666641008876687,0.9482152608632612
66.2,0.2066001253700673,0.6666641916132855,0.9482152608515967
66.4,0.2066001296347208,0.6666642791307105,0.9482152608449184
66.60000000000001,0.20660013371817484,0.666664363553293,0.9482152608469944
66.8,0.20660013762806032,0.6666644449904062,0.948215260861
67.0,0.2066001413717334,0.6666645235475965,0.9482152608892909
67.2,0.20660014495631412,0.6666645993267225,0.9482152609332496
67.4,0.20660014838872934,0.6666646724260843,0.9482152609931997
67.60000000000001,0.20660015167576024,0.6666647429405435,0.9482152610683791
67.8,0.2066001548238564,0.666664810961636,0.9482152611569679
68.0,0.20660015783844016,0.6666648765776783,0.948215261256164
68.2,0.20660016072514362,0.6666649398738664,0.9482152613622999
68.4,0.20660016348940408,0.6666650009323734,0.9482152614709941
68.60000000000001,0.20660016613641435,0.6666650598324396,0.9482152615773313
68.8,0.2066001686711384,0.6666651166504639,0.9482152616760645
69.0,0.20660017109832518,0.6666651714600914,0.9482152617618339
69.2,0.2066001734225213,0.6666652243323015,0.9482152618293932
69.4,0.2066001756480821,0.6666652753354965,0.9482152618738416
69.60000000000001,0.206600177779182,0.6666653245355924,0.9482152618908501
69.8,0.20660017981982323,0.6666653719961124,0.94821526187688
70.0,0.20660018177384387,0.6666654177782837,0.9482152618293838
70.2,0.206600183644925,0.6666654619411404,0.948215261746985
70.4,0.20660018543659692,0.6666655045416313,0.9482152616296289
70.60000000000001,0.20660018715224476,0.6666655456347355,0.9482152614786974
70.8,0.20660018879511352,0.6666655852735858,0.9482152612970834
71.0,0.2066001903683125,0.6666656235096019,0.9482152610892168
71.2,0.20660019187481954,0.6666656603926331,0.9482152608610367
71.4,0.20660019331748475,0.6666656959711122,0.948215260619902
71.60000000000001,0.20660019469903423,0.6666657302922232,0.9482152603744368
71.8,0.20660019602207355,0.6666657634016869,0.9482152601343011
72.0,0.20660019728909146,0.6666657953407983,0.9482152599098821
72.2,0.20660019850246342,0.6666658261505627,0.9482152597118997
72.4,0.20660019966445559,0.6666658558709775,0.9482152595509198
72.60000000000001,0.2066002007772291,0.6666658845405701,0.9482152594367685
72.8,0.2066002018428445,0.6666659121964679,0.9482152593778411
73.0,0.2066002028632671,0.6666659388744643,0.9482152593803
73.2,0.20660020384037273,0.6666659646090793,0.9482152594471545
73.4,0.2066002047759541,0.6666659894336147,0.9482152595772161
73.60000000000001,0.20660020567172815,0.666666013380205,0.948215259763924
73.8,0.20660020652934444,0.6666660364798651,0.9482152599940329
74.0,0.20660020735039417,0.6666660587625322,0.9482152602461583
74.2,0.20660020813642074,0.666666080257106,0.9482152604891707
74.4,0.20660020888893124,0.6666661009914853,0.9482152606804355
74.60000000000001,0.20660020960940945,0.6666661209926005,0.9482152607638892
74.8,0.20660021029933007,0.6666661402864452,0.9482152607630745
75.0,0.20660021096017478,0.6666661588981053,0.9482152607558846
75.2,0.2066002115932616,0.6666661768517851,0.9482152607493837
75.4,0.20660021219949606,0.666666194170833,0.9482152607470226
75.60000000000001,0.2066002127800151,0.6666662108777659,0.9482152607496045
75.8,0.206600213335916,0.6666662269942921,0.9482152607561103
76.0,0.2066002138682442,0.6666662425413346,0.9482152607643967
76.2,0.20660021437799705,0.6666662575390526,0.9482152607717733
76.4,0.2066002148661272,0.6666662720068656,0.9482152607754705
76.60000000000001,0.20660021533354575,0.666666285963475,0.9482152607730029
76.80000000000001,0.20660021578112486,0.6666662994268892,0.9482152607624394
77.0,0.2066002162097002,0.6666663124144481,0.9482152607425869
77.2,0.20660021662007325,0.6666663249428493,0.9482152607130954
77.4,0.206600217013013,0.6666663370281766,0.9482152606744948
77.60000000000001,0.2066002173892578,0.6666663486859306,0.9482152606281703
77.80000000000001,0.20660021774951656,0.6666663599310606,0.9482152605762842
78.0,0.2066002180944703,0.6666663707780011,0.9482152605216545
78.2,0.20660021842477297,0.6666663812407094,0.948215260467596
78.4,0.2066002187410525,0.6666663913327086,0.9482152604177351
78.60000000000001,0.20660021904391151,0.6666664010671325,0.9482152603758035
78.80000000000001,0.20660021933392814,0.6666664104567761,0.9482152603454226
79.0,0.20660021961165642,0.6666664195141494,0.9482152603298831
79.2,0.20660021987762694,0.6666664282515367,0.9482152603319323
79.4,0.20660022013234733,0.666666436681057,0.948215260353573
79.60000000000001,0.20660022037630252,0.6666664448132374,0.9482152603958863
79.80000000000001,0.20660022060995545,0.6666664526578402,0.948215260458885
80.0,0.2066002208337473,0.6666664602250842,0.9482152605414041
80.2,0.20660022104809814,0.6666664675247986,0.9482152606410402
80.4,0.20660022125340732,0.6666664745664435,0.9482152607541462
80.60000000000001,0.20660022145005427,0.6666664813591296,0.948215260875889
80.80000000000001,0.20660022163839906,0.666666487911637,0.9482152610003802
81.0,0.20660022181878337,0.6666664942324302,0.9482152611208874
81.2,0.20660022199153144,0.6666665003296747,0.9482152612301333
81.4,0.20660022215695117,0.6666665062112498,0.9482152613206937
81.60000000000001,0.2066002223153356,0.6666665118847619,0.9482152613854992
81.80000000000001,0.20660022246696425,0.6666665173575551,0.9482152614184524
82.0,0.2066002226121051,0.6666665226367223,0.9482152614151659
82.2,0.20660022275101642,0.6666665277291143,0.9482152613738323
82.4,0.2066002228839492,0.6666665326413482,0.9482152612962311
82.60000000000001,0.2066002230111496,0.6666665373798152,0.9482152611888851
82.80000000000001,0.20660022313286197,0.6666665419506878,0.9482152610643706
83.0,0.20660022324933197,0.6666665463599256,0.9482152609427918
83.2,0.20660022336081016,0.6666665506132821,0.9482152608534284
83.4,0.2066002234675559,0.6666665547163089,0.9482152608304955
83.60000000000001,0.20660022356984184,0.6666665586743619,0.9482152608332789
83.80000000000001,0.20660022366794598,0.6666665624926049,0.9482152608383181
84.0,0.2066002237619387,0.6666665661760154,0.9482152608418376
84.2,0.20660022385194196,0.6666665697293879,0.9482152608422314
84.4,0.20660022393812885,0.6666665731573388,0.9482152608394543
84.60000000000001,0.20660022402066333,0.6666665764643114,0.9482152608345022
84.80000000000001,0.20660022409970083,0.6666665796545796,0.9482152608289757
85.0,0.2066002241753891,0.6666665827322537,0.9482152608247209
85.2,0.2066002242478688,0.6666665857012846,0.9482152608235433
85.4,0.20660022431727418,0.6666665885654707,0.9482152608269877
85.60000000000001,0.20660022438373343,0.6666665913284631,0.9482152608361789
85.80000000000001,0.20660022444736928,0.6666665939937728,0.9482152608517189
86.0,0.20660022450829943,0.6666665965647778,0.948215260873633
86.2,0.2066002245666368,0.6666665990447316,0.9482152609013607
86.4,0.20660022462248992,0.6666666014367719,0.9482152609337857
86.60000000000001,0.20660022467596328,0.6666666037439308,0.948215260969299
86.80000000000001,0.2066002247271574,0.666666605969146,0.9482152610058886
87.0,0.20660022477616913,0.666666608115272,0.9482152610412536
87.2,0.20660022482309184,0.6666666101850945,0.9482152610729327
87.4,0.2066002248680154,0.6666666121813444,0.9482152610984448
87.60000000000001,0.20660022491102653,0.6666666141067135,0.948215261115435
87.80000000000001,0.2066002249522086,0.6666666159638724,0.94821526112182
88.0,0.2066002249916419,0.6666666177554895,0.9482152611159285
88.2,0.20660022502940364,0.6666666194842509,0.9482152610966297
88.4,0.20660022506556786,0.6666666211525468,0.9482152610634457
88.60000000000001,0.2066002251002056,0.6666666227618756,0.9482152610166406
88.80000000000001,0.20660022513338483,0.6666666243142984,0.9482152609572826
89.0,0.20660022516517043,0.6666666258118434,0.9482152608872727
89.2,0.20660022519562432,0.6666666272564588,0.9482152608093327
89.4,0.20660022522480528,0.6666666286500157,0.9482152607269513
89.60000000000001,0.20660022525276914,0.6666666299943144,0.9482152606442774
89.80000000000001,0.20660022527956864,0.6666666312910876,0.9482152605659593
90.0,0.20660022530525363,0.666666632542005,0.9482152604969224
90.2,0.20660022532987093,0.6666666337486762,0.9482152604420795
90.4,0.20660022535346456,0.6666666349126542,0.9482152604059689
90.60000000000001,0.20660022537607578,0.6666666360354381,0.9482152603923152
90.80000000000001,0.2066002253977431,0.6666666371184761,0.9482152604035052
91.0,0.20660022541850256,0.6666666381631674,0.9482152604399764
91.2,0.20660022543838785,0.6666666391708646,0.9482152604995093
91.4,0.20660022545743048,0.6666666401428755,0.9482152605764206
91.60000000000001,0.20660022547566012,0.6666666410804646,0.9482152606606499
91.80000000000001,0.20660022549310475,0.6666666419848549,0.9482152607367356
92.0,0.20660022550979112,0.6666666428572289,0.9482152607826736
92.2,0.20660022552574508,0.6666666436987299,0.948215260783954
92.4,0.20660022554099197,0.6666666445104628,0.9482152607721988
92.60000000000001,0.2066002255555572,0.6666666452934954,0.9482152607588652
92.80000000000001,0.2066002255694667,0.6666666460488587,0.9482152607493624
93.0,0.20660022558274754,0.666666646777548,0.9482152607459564
93.2,0.20660022559542868,0.6666666474805234,0.9482152607486074
93.4,0.20660022560754165,0.6666666481587099,0.9482152607556917
93.60000000000001,0.2066002256191213,0.666666648812999,0.9482152607646182
93.80000000000001,0.20660022563020683,0.6666666494442482,0.9482152607723424
94.0,0.20660022564084257,0.6666666500532823,0.9482152607757884
94.2,0.20660022565107916,0.6666666506408936,0.9482152607721812
94.4,0.20660022566094152,0.6666666512078424,0.9482152607592997
94.60000000000001,0.20660022567038677,0.6666666517548583,0.948215260735655
94.80000000000001,0.2066002256794307,0.6666666522826402,0.9482152607006
95.0,0.20660022568809142,0.6666666527918577,0.9482152606543798
95.2,0.20660022569638592,0.6666666532831519,0.9482152605981256
95.4,0.20660022570433006,0.6666666537571365,0.9482152605338012
95.60000000000001,0.20660022571193873,0.6666666542143992,0.9482152604641091
95.80000000000001,0.206600225719226,0.6666666546555028,0.94821526039236
96.0,0.2066002257262051,0.6666666550809873,0.9482152603223157
96.2,0.2066002257328886,0.6666666554913715,0.9482152602580087
96.4,0.20660022573928846,0.6666666558871547,0.9482152602035488
96.60000000000001,0.20660022574541606,0.6666666562688199,0.9482152601629188
96.80000000000001,0.20660022575128228,0.6666666566368354,0.9482152601397702
97.0,0.20660022575689765,0.6666666569916583,0.9482152601372227
97.2,0.2066002257622722,0.6666666573337374,0.9482152601576748
97.4,0.20660022576741563,0.6666666576635165,0.9482152602026327
97.60000000000001,0.20660022577233741,0.6666666579814386,0.9482152602725634
97.80000000000001,0.2066002257770466,0.6666666582879498,0.9482152603667787
98.0,0.20660022578155207,0.6666666585835037,0.9482152604833566
98.2,0.20660022578586246,0.6666666588685665,0.9482152606191077
98.4,0.20660022578998608,0.6666666591436221,0.9482152607695906
98.60000000000001,0.2066002257939311,0.6666666594091784,0.9482152609291872
98.80000000000001,0.20660022579770548,0.6666666596657155,0.948215261091239
99.0,0.20660022580131693,0.6666666599132527,0.9482152612482561
99.2,0.2066002258047729,0.6666666601520316,0.948215261392202
99.4,0.2066002258080808,0.6666666603823698,0.9482152615148629
99.60000000000001,0.20660022581124757,0.6666666606045704,0.9482152616083064
99.80000000000001,0.20660022581428011,0.6666666608189233,0.9482152616654373
100.0,0.20660022581718504,0.6666666610257066,0.9482152616806574
100.2,0.20660022581996865,0.6666666612251863,0.9482152616506342
100.4,0.20660022582263707,0.6666666614176181,0.9482152615751869
100.60000000000001,0.20660022582519613,0.6666666616032481,0.948215261458295
100.80000000000001,0.20660022582765136,0.6666666617823127,0.9482152613092376
101.0,0.206600225830008,0.6666666619550402,0.9482152611438674
101.2,0.206600225832271,0.6666666621216504,0.9482152609860293
101.4,0.20660022583444498,0.6666666622823559,0.9482152608691268
101.60000000000001,0.2066002258365343,0.6666666624373623,0.948215260834673
101.80000000000001,0.2066002258385429,0.666666662586868,0.948215260848605
102.0,0.20660022584047447,0.6666666627310658,0.948215260871506
102.2,0.20660022584233226,0.6666666628701416,0.9482152608912919
102.4,0.2066002258441193,0.6666666630042766,0.9482152609019106
102.60000000000001,0.20660022584583826,0.6666666631336455,0.9482152609018322
102.80000000000001,0.20660022584749144,0.6666666632584184,0.9482152608927396
103.0,0.20660022584908083,0.6666666633787598,0.9482152608784038
103.2,0.20660022585060822,0.6666666634948293,0.9482152608637362
103.4,0.206600225852075,0.6666666636067818,0.9482152608540048
103.60000000000001,0.2066002258534824,0.6666666637147673,0.9482152608542033
103.80000000000001,0.20660022585483134,0.6666666638189309,0.9482152608685638
104.0,0.20660022585612267,0.6666666639194132,0.9482152609001984
104.2,0.206600225857357,0.6666666640163499,0.9482152609508625
104.4,0.20660022585853485,0.6666666641098724,0.9482152610208259
104.60000000000001,0.20660022585965676,0.6666666642001072,0.9482152611088411
104.80000000000001,0.20660022586072324,0.6666666642871765,0.9482152612121992
105.0,0.20660022586173493,0.6666666643711975,0.9482152613268598
105.2,0.20660022586269258,0.6666666644522832,0.9482152614476453
105.4,0.20660022586359728,0.6666666645305416,0.9482152615684888
105.60000000000001,0.2066002258644504,0.6666666646060765,0.9482152616827224
105.80000000000001,0.20660022586525376,0.6666666646789869,0.9482152617833977
106.0,0.2066002258660098,0.6666666647493675,0.9482152618636243
106.2,0.20660022586672158,0.6666666648173084,0.9482152619169175
106.4,0.20660022586739307,0.666666664882895,0.9482152619375431
106.60000000000001,0.20660022586802912,0.666666664946209,0.9482152619208474
106.80000000000001,0.20660022586863572,0.6666666650073271,0.9482152618635628
107.0,0.2066002258692201,0.6666666650663224,0.9482152617640767
107.2,0.2066002258697911,0.666666665123264,0.9482152616226537
107.4,0.20660022587035898,0.666666665178217,0.9482152614415973
107.60000000000001,0.20660022587092247,0.6666666652312433,0.948215261225344
107.80000000000001,0.20660022587146248,0.6666666652824009,0.9482152609804753
108.0,0.20660022587197954,0.6666666653317456,0.9482152607156368
108.2,0.20660022587247473,0.6666666653793297,0.9482152604413563
108.4,0.20660022587294896,0.6666666654252039,0.9482152601697453
108.60000000000001,0.20660022587340313,0.6666666654694167,0.9482152599140762
108.80000000000001,0.2066002258738381,0.6666666655120151,0.9482152596882218
109.0,0.20660022587425467,0.6666666655530458,0.9482152595059481
109.2,0.2066002258746536,0.6666666655925544,0.9482152593800469
109.4,0.20660022587503563,0.6666666656305875,0.9482152593212991
109.60000000000001,0.2066002258754014,0.6666666656671927,0.9482152593372563
109.80000000000001,0.2066002258757516,0.6666666657024193,0.9482152594308293
110.0,0.2066002258760869,0.6666666657363195,0.9482152595986741
110.2,0.20660022587640783,0.666666665768949,0.9482152598293625
110.4,0.20660022587671503,0.6666666658003679,0.9482152601013263
110.60000000000001,0.20660022587700907,0.6666666658306424,0.9482152603805651
110.80000000000001,0.20660022587729046,0.6666666658598451,0.9482152606181055
111.0,0.20660022587755975,0.666666665888057,0.9482152607472007
111.2,0.20660022587781743,0.6666666659153679,0.9482152607507557
111.4,0.206600225878064,0.6666666659418726,0.9482152607366107
111.60000000000001,0.2066002258783,0.666666665967501,0.9482152607217345
111.80000000000001,0.2066002258785258,0.6666666659922231,0.9482152607132981
112.0,0.20660022587874194,0.6666666660160712,0.9482152607137052
112.2,0.20660022587894883,0.6666666660390761,0.948215260721981
112.4,0.20660022587914686,0.6666666660612676,0.9482152607349559
112.60000000000001,0.2066002258793365,0.6666666660826746,0.9482152607482592
112.80000000000001,0.2066002258795181,0.6666666661033246,0.9482152607571324
113.0,0.20660022587969207,0.6666666661232443,0.9482152607570763
113.2,0.20660022587985877,0.6666666661424596,0.9482152607443458
113.4,0.20660022588001853,0.6666666661609951,0.9482152607163028
113.60000000000001,0.2066002258801717,0.666666666178875,0.9482152606716415
113.80000000000001,0.20660022588031862,0.6666666661961224,0.9482152606104985
114.0,0.2066002258804596,0.6666666662127596,0.9482152605344608
114.2,0.20660022588059485,0.6666666662288082,0.9482152604464834
114.4,0.20660022588072469,0.6666666662442892,0.9482152603507306
114.60000000000001,0.20660022588084936,0.6666666662592227,0.9482152602523526
114.80000000000001,0.2066002258809691,0.6666666662736279,0.9482152601572114
115.0,0.20660022588108412,0.6666666662875239,0.9482152600715668
115.2,0.2066002258811946,0.6666666663009286,0.9482152600017377
115.4,0.2066002258813007,0.6666666663138597,0.9482152599537498
115.60000000000001,0.20660022588140262,0.6666666663263339,0.9482152599329826
115.80000000000001,0.20660022588150048,0.6666666663383675,0.9482152599438288
116.0,0.2066002258815944,0.666666666349976,0.9482152599893795
116.2,0.2066002258816845,0.6666666663611748,0.9482152600711461
116.4,0.20660022588177088,0.6666666663719781,0.9482152601888336
116.60000000000001,0.20660022588185362,0.6666666663824001,0.9482152603401776
116.80000000000001,0.2066002258819328,0.6666666663924542,0.9482152605208557
117.0,0.20660022588200846,0.6666666664021532,0.9482152607244905
117.2,0.2066002258820807,0.6666666664115097,0.948215260942751
117.4,0.2066002258821496,0.6666666664205355,0.9482152611655713
117.60000000000001,0.20660022588221516,0.6666666664292423,0.9482152613814948
117.80000000000001,0.20660022588227747,0.666666666437641,0.9482152615781585
118.0,0.20660022588233665,0.6666666664457425,0.9482152617429301
118.2,0.2066002258823927,0.6666666664535567,0.9482152618637109
118.4,0.20660022588244584,0.6666666664610938,0.9482152619299157
118.60000000000001,0.2066002258824961,0.6666666664683635,0.9482152619336455
118.80000000000001,0.20660022588254373,0.6666666664753749,0.9482152618710614
119.0,0.2066002258825889,0.6666666664821373,0.9482152617439775
119.2,0.2066002258826318,0.6666666664886596,0.9482152615616808
119.4,0.20660022588267282,0.6666666664949504,0.9482152613429942
119.60000000000001,0.20660022588271226,0.6666666665010187,0.9482152611185941
119.80000000000001,0.20660022588275057,0.666666666506873,0.9482152609335952
120.0,0.20660022588278823,0.6666666665125219,0.9482152608504153
