parameter,output,PRCC,bootstrap_2p5,bootstrap_97p5
alpha,EcN_AUC_0_24,-0.9916396034262763,-0.9924845387043701,-0.9885045520406833
alpha,relative_Elafin_AUC_0_24,-0.9785271945999314,-0.9822708841936089,-0.9707376772958847
alpha,EcN_at_24,-0.9952782624221602,-0.9957964325586465,-0.9918666629360711
beta,EcN_AUC_0_24,0.20930624835551473,0.10953108724587511,0.29074032517418635
beta,relative_Elafin_AUC_0_24,0.10938508311639536,0.02055003094903914,0.19337369246157587
beta,EcN_at_24,0.227994679662419,0.12287542026893433,0.2990897837682358
stress,EcN_AUC_0_24,-0.8511803390379216,-0.8657515095447755,-0.8006898144294025
stress,relative_Elafin_AUC_0_24,-0.6991740272244598,-0.7444011086044878,-0.6188832751373494
stress,EcN_at_24,-0.9544268492232667,-0.9596005464653703,-0.928828580055226
gamma,EcN_AUC_0_24,0.8496261441436,0.8040553520179821,0.8617266331263677
gamma,relative_Elafin_AUC_0_24,0.701827700199937,0.6225446848403862,0.7448753383502188
gamma,EcN_at_24,0.6740580227679909,0.5515093884194655,0.709315149614993
washE,EcN_AUC_0_24,-0.8250273257790932,-0.8478105644846609,-0.7689985870360241
washE,relative_Elafin_AUC_0_24,-0.6653798697188152,-0.713599402861919,-0.5800541969309422
washE,EcN_at_24,-0.89076149321173,-0.9044480284325892,-0.8340845775526812
q,EcN_AUC_0_24,0.043493727057870704,-0.03850356209749833,0.13066357585785532
q,relative_Elafin_AUC_0_24,0.8438231703945387,0.7905496367863125,0.8701457813147913
q,EcN_at_24,0.013960549823017067,-0.09469893286090528,0.08803661255183644
loss,EcN_AUC_0_24,-0.04018672929015287,-0.12432269655451246,0.048611550672219526
loss,relative_Elafin_AUC_0_24,-0.8353230673442708,-0.8685809208893348,-0.7754087989729154
loss,EcN_at_24,-0.043524331921614916,-0.1302151087418369,0.049089271433682774
supportRate,EcN_AUC_0_24,-0.0686494698763245,-0.14755963760307578,0.044012938822064265
supportRate,relative_Elafin_AUC_0_24,-0.09490261177432488,-0.1803410824947639,0.005232466503968571
supportRate,EcN_at_24,-0.302096198449815,-0.3536678585524231,-0.17496778645601946
