eta,epsilon,outflow_AUC_ratio_vs_support_off
0.0,0.0,2.68634032801383
1.0,0.0,1.9120956161393134
2.0,0.0,1.5995702656330786
3.0,0.0,1.421240032509554
4.0,0.0,1.3024464068028139
5.0,0.0,1.2159824803996924
6.0,0.0,1.1493303254113352
7.0,0.0,1.0958424145592256
8.0,0.0,1.0516250273357184
9.0,0.0,1.0142282725462581
10.0,0.0,0.9820241332776
11.0,0.0,0.9538830648032135
12.0,0.0,0.9289935093933112
13.0,0.0,0.9067552935933268
14.0,0.0,0.8867136636686831
15.0,0.0,0.868516847112754
16.0,0.0,0.8518878319878175
17.0,0.0,0.8366050594952128
18.0,0.0,0.8224888839074144
19.0,0.0,0.8093918687388766
20.0,0.0,0.7971916973963193
21.0,0.0,0.7857859044775659
22.0,0.0,0.7750878995697055
23.0,0.0,0.7650239246292442
24.0,0.0,0.7555306963293617
25.0,0.0,0.7465535581594521
26.0,0.0,0.7380450168334104
27.0,0.0,0.7299635718957366
28.0,0.0,0.7222727714715265
29.0,0.0,0.7149404442086725
30.0,0.0,0.707938069780517
31.0,0.0,0.7012402593024858
32.0,0.0,0.6948243236441874
33.0,0.0,0.6886699125598508
34.0,0.0,0.6827587112806707
35.0,0.0,0.6770741840398127
36.0,0.0,0.6716013561685212
37.0,0.0,0.6663266280763861
38.0,0.0,0.6612376157334348
39.0,0.0,0.6563230132947092
40.0,0.0,0.6515724743160821
41.0,0.0,0.6469765086522418
42.0,0.0,0.64252639264136
43.0,0.0,0.6382140905941894
44.0,0.0,0.6340321859392766
45.0,0.0,0.6299738206477866
46.0,0.0,0.6260326417831849
47.0,0.0,0.6222027542034679
48.0,0.0,0.6184786785936075
49.0,0.0,0.6148553141305797
50.0,0.0,0.6113279051866486
51.0,0.0,0.6078920115631411
52.0,0.0,0.604543481819226
53.0,0.0,0.6012784293213096
54.0,0.0,0.5980932106899243
55.0,0.0,0.5949844063646218
56.0,0.0,0.5919488030444705
57.0,0.0,0.5889833777930846
58.0,0.0,0.5860852836243199
59.0,0.0,0.583251836407728
60.0,0.0,0.5804805029528382
61.0,0.0,0.577768890148349
62.0,0.0,0.5751147350472752
63.0,0.0,0.5725158958018204
64.0,0.0,0.5699703433628716
0.0,0.02,2.68634032801383
1.0,0.02,1.9275805103768038
2.0,0.02,1.6213056668806936
3.0,0.02,1.4465420384196397
4.0,0.02,1.3301242852270343
5.0,0.02,1.245389637351975
6.0,0.02,1.1800705254633852
7.0,0.02,1.1276523728283177
8.0,0.02,1.0843193333492804
9.0,0.02,1.0476705136556095
10.0,0.02,1.0161104571723245
11.0,0.02,0.9885322100674259
12.0,0.02,0.9641404457657216
13.0,0.02,0.942346994281737
14.0,0.02,0.9227061969555861
15.0,0.02,0.9048733167307755
16.0,0.02,0.8885768819083377
17.0,0.02,0.8735997648655852
18.0,0.02,0.8597659127895426
19.0,0.02,0.8469308379243756
20.0,0.02,0.8349746700086695
21.0,0.02,0.8237969929482912
22.0,0.02,0.8133129481385879
23.0,0.02,0.8034502526969359
24.0,0.02,0.7941468889630511
25.0,0.02,0.7853492935565397
26.0,0.02,0.7770109230570188
27.0,0.02,0.7690911070180985
28.0,0.02,0.7615541226023727
29.0,0.02,0.7543684418847756
30.0,0.02,0.7475061149451833
31.0,0.02,0.7409422606767126
32.0,0.02,0.7346546437315804
33.0,0.02,0.7286233208689303
34.0,0.02,0.7228303436153338
35.0,0.02,0.7172595069192931
36.0,0.02,0.7118961356054274
37.0,0.02,0.7067269020751349
38.0,0.02,0.7017396699790426
39.0,0.02,0.6969233595890916
40.0,0.02,0.692267831390037
41.0,0.02,0.6877637850394736
42.0,0.02,0.6834026713488095
43.0,0.02,0.6791766153425822
44.0,0.02,0.6750783487807676
45.0,0.02,0.6711011507951076
46.0,0.02,0.6672387955077977
47.0,0.02,0.6634855056796752
48.0,0.02,0.6598359115820119
49.0,0.02,0.6562850144082447
50.0,0.02,0.6528281536431921
51.0,0.02,0.6494609778921548
52.0,0.02,0.6461794187431181
53.0,0.02,0.6429796672951601
54.0,0.02,0.6398581530364024
55.0,0.02,0.6368115247976058
56.0,0.02,0.6338366335438577
57.0,0.02,0.6309305167974996
58.0,0.02,0.6280903845121101
59.0,0.02,0.6253136062398501
60.0,0.02,0.622597699454058
61.0,0.02,0.6199403189056585
62.0,0.02,0.6173392469066062
63.0,0.02,0.6147923844460605
64.0,0.02,0.6122977430558907
0.0,0.04,2.68634032801383
1.0,0.04,1.9430654046142943
2.0,0.04,1.6430410681283087
3.0,0.04,1.471844044329725
4.0,0.04,1.3578021636512545
5.0,0.04,1.274796794304258
6.0,0.04,1.210810725515435
7.0,0.04,1.15946233109741
8.0,0.04,1.1170136393628427
9.0,0.04,1.0811127547649608
10.0,0.04,1.0501967810670492
11.0,0.04,1.023181355331638
12.0,0.04,0.9992873821381317
13.0,0.04,0.9779386949701468
14.0,0.04,0.9586987302424889
15.0,0.04,0.9412297863487971
16.0,0.04,0.925265931828858
17.0,0.04,0.9105944702359576
18.0,0.04,0.8970429416716709
19.0,0.04,0.8844698071098748
20.0,0.04,0.8727576426210197
21.0,0.04,0.8618080814190165
22.0,0.04,0.8515379967074703
23.0,0.04,0.8418765807646275
24.0,0.04,0.8327630815967403
25.0,0.04,0.8241450289536271
26.0,0.04,0.8159768292806271
27.0,0.04,0.8082186421404602
28.0,0.04,0.8008354737332185
29.0,0.04,0.7937964395608789
30.0,0.04,0.7870741601098495
31.0,0.04,0.7806442620509396
32.0,0.04,0.7744849638189732
33.0,0.04,0.7685767291780099
34.0,0.04,0.7629019759499972
35.0,0.04,0.7574448297987735
36.0,0.04,0.7521909150423336
37.0,0.04,0.7471271760738838
38.0,0.04,0.7422417242246504
39.0,0.04,0.7375237058834739
40.0,0.04,0.7329631884639919
41.0,0.04,0.7285510614267052
42.0,0.04,0.7242789500562588
43.0,0.04,0.720139140090975
44.0,0.04,0.7161245116222588
45.0,0.04,0.7122284809424284
46.0,0.04,0.7084449492324107
47.0,0.04,0.7047682571558825
48.0,0.04,0.7011931445704164
49.0,0.04,0.6977147146859097
50.0,0.04,0.6943284020997358
51.0,0.04,0.6910299442211687
52.0,0.04,0.6878153556670101
53.0,0.04,0.6846809052690105
54.0,0.04,0.6816230953828806
55.0,0.04,0.67863864323059
56.0,0.04,0.6757244640432449
57.0,0.04,0.6728776558019144
58.0,0.04,0.6700954853999004
59.0,0.04,0.6673753760719721
60.0,0.04,0.6647148959552778
61.0,0.04,0.6621117476629682
62.0,0.04,0.6595637587659374
63.0,0.04,0.6570688730903008
64.0,0.04,0.6546251427489098
0.0,0.06,2.68634032801383
1.0,0.06,1.9585502988517844
2.0,0.06,1.6647764693759237
3.0,0.06,1.4971460502398106
4.0,0.06,1.3854800420754747
5.0,0.06,1.3042039512565404
6.0,0.06,1.2415509255674848
7.0,0.06,1.1912722893665018
8.0,0.06,1.1497079453764047
9.0,0.06,1.1145549958743124
10.0,0.06,1.0842831049617736
11.0,0.06,1.0578305005958504
12.0,0.06,1.0344343185105422
13.0,0.06,1.0135303956585568
14.0,0.06,0.9946912635293919
15.0,0.06,0.9775862559668185
16.0,0.06,0.9619549817493781
17.0,0.06,0.9475891756063298
18.0,0.06,0.9343199705537991
19.0,0.06,0.9220087762953737
20.0,0.06,0.9105406152333699
21.0,0.06,0.8998191698897415
22.0,0.06,0.8897630452763529
23.0,0.06,0.8803029088323192
24.0,0.06,0.8713792742304297
25.0,0.06,0.8629407643507148
26.0,0.06,0.8549427355042355
27.0,0.06,0.8473461772628221
28.0,0.06,0.8401168248640647
29.0,0.06,0.8332244372369818
30.0,0.06,0.8266422052745157
31.0,0.06,0.8203462634251664
32.0,0.06,0.814315283906366
33.0,0.06,0.8085301374870895
34.0,0.06,0.8029736082846601
35.0,0.06,0.7976301526782535
36.0,0.06,0.7924856944792397
37.0,0.06,0.7875274500726326
38.0,0.06,0.7827437784702583
39.0,0.06,0.7781240521778564
40.0,0.06,0.7736585455379469
41.0,0.06,0.769338337813937
42.0,0.06,0.7651552287637082
43.0,0.06,0.7611016648393678
44.0,0.06,0.7571706744637497
45.0,0.06,0.7533558110897491
46.0,0.06,0.7496511029570235
47.0,0.06,0.7460510086320896
48.0,0.06,0.7425503775588208
49.0,0.06,0.7391444149635746
50.0,0.06,0.7358286505562793
51.0,0.06,0.7325989105501823
52.0,0.06,0.7294512925909022
53.0,0.06,0.7263821432428608
54.0,0.06,0.7233880377293586
55.0,0.06,0.7204657616635742
56.0,0.06,0.717612294542632
57.0,0.06,0.7148247948063293
58.0,0.06,0.7121005862876904
59.0,0.06,0.7094371459040941
60.0,0.06,0.7068320924564976
61.0,0.06,0.7042831764202778
62.0,0.06,0.7017882706252684
63.0,0.06,0.6993453617345409
64.0,0.06,0.6969525424419291
0.0,0.08,2.68634032801383
1.0,0.08,1.974035193089275
2.0,0.08,1.6865118706235387
3.0,0.08,1.522448056149896
4.0,0.08,1.4131579204996951
5.0,0.08,1.3336111082088233
6.0,0.08,1.272291125619535
7.0,0.08,1.223082247635594
8.0,0.08,1.1824022513899672
9.0,0.08,1.147997236983664
10.0,0.08,1.1183694288564985
11.0,0.08,1.0924796458600627
12.0,0.08,1.0695812548829529
13.0,0.08,1.0491220963469672
14.0,0.08,1.030683796816295
15.0,0.08,1.01394272558484
16.0,0.08,0.9986440316698985
17.0,0.08,0.9845838809767022
18.0,0.08,0.9715969994359276
19.0,0.08,0.9595477454808728
20.0,0.08,0.9483235878457201
21.0,0.08,0.9378302583604671
22.0,0.08,0.9279880938452354
23.0,0.08,0.9187292369000111
24.0,0.08,0.9099954668641191
25.0,0.08,0.9017364997478023
26.0,0.08,0.8939086417278439
27.0,0.08,0.8864737123851841
28.0,0.08,0.8793981759949108
29.0,0.08,0.8726524349130851
30.0,0.08,0.8662102504391821
31.0,0.08,0.8600482647993933
32.0,0.08,0.8541456039937589
33.0,0.08,0.848483545796169
34.0,0.08,0.8430452406193234
35.0,0.08,0.8378154755577341
36.0,0.08,0.8327804739161458
37.0,0.08,0.8279277240713816
38.0,0.08,0.8232458327158664
39.0,0.08,0.8187243984722389
40.0,0.08,0.814353902611902
41.0,0.08,0.8101256142011688
42.0,0.08,0.8060315074711577
43.0,0.08,0.8020641895877607
44.0,0.08,0.7982168373052407
45.0,0.08,0.7944831412370702
46.0,0.08,0.7908572566816365
47.0,0.08,0.7873337601082969
48.0,0.08,0.7839076105472252
49.0,0.08,0.7805741152412399
50.0,0.08,0.7773288990128231
51.0,0.08,0.7741678768791962
52.0,0.08,0.7710872295147944
53.0,0.08,0.7680833812167113
54.0,0.08,0.7651529800758368
55.0,0.08,0.7622928800965585
56.0,0.08,0.7595001250420192
57.0,0.08,0.7567719338107444
58.0,0.08,0.7541056871754807
59.0,0.08,0.7514989157362162
60.0,0.08,0.7489492889577175
61.0,0.08,0.7464546051775873
62.0,0.08,0.7440127824845995
63.0,0.08,0.7416218503787811
64.0,0.08,0.7392799421349483
0.0,0.1,2.68634032801383
1.0,0.1,1.9895200873267653
2.0,0.1,1.7082472718711539
3.0,0.1,1.5477500620599816
4.0,0.1,1.4408357989239156
5.0,0.1,1.3630182651611062
6.0,0.1,1.3030313256715849
7.0,0.1,1.254892205904686
8.0,0.1,1.2150965574035295
9.0,0.1,1.1814394780930153
10.0,0.1,1.152455752751223
11.0,0.1,1.127128791124275
12.0,0.1,1.104728191255363
13.0,0.1,1.0847137970353773
14.0,0.1,1.0666763301031978
15.0,0.1,1.0502991952028617
16.0,0.1,1.0353330815904187
17.0,0.1,1.0215785863470745
18.0,0.1,1.008874028318056
19.0,0.1,0.9970867146663719
20.0,0.1,0.9861065604580704
21.0,0.1,0.9758413468311924
22.0,0.1,0.966213142414118
23.0,0.1,0.9571555649677028
24.0,0.1,0.9486116594978085
25.0,0.1,0.94053223514489
26.0,0.1,0.9328745479514523
27.0,0.1,0.9256012475075459
28.0,0.1,0.9186795271257568
29.0,0.1,0.9120804325891883
30.0,0.1,0.9057782956038484
31.0,0.1,0.8997502661736202
32.0,0.1,0.8939759240811518
33.0,0.1,0.8884369541052488
34.0,0.1,0.8831168729539867
35.0,0.1,0.8780007984372145
36.0,0.1,0.873075253353052
37.0,0.1,0.8683279980701305
38.0,0.1,0.8637478869614743
39.0,0.1,0.8593247447666214
40.0,0.1,0.8550492596858569
41.0,0.1,0.8509128905884006
42.0,0.1,0.8469077861786072
43.0,0.1,0.8430267143361535
44.0,0.1,0.8392630001467319
45.0,0.1,0.8356104713843912
46.0,0.1,0.8320634104062494
47.0,0.1,0.8286165115845042
48.0,0.1,0.8252648435356297
49.0,0.1,0.8220038155189049
50.0,0.1,0.8188291474693667
51.0,0.1,0.8157368432082099
52.0,0.1,0.8127231664386865
53.0,0.1,0.8097846191905617
54.0,0.1,0.806917922422315
55.0,0.1,0.8041199985295427
56.0,0.1,0.8013879555414065
57.0,0.1,0.7987190728151592
58.0,0.1,0.7961107880632708
59.0,0.1,0.7935606855683383
60.0,0.1,0.7910664854589373
61.0,0.1,0.788626033934897
62.0,0.1,0.7862372943439306
63.0,0.1,0.7838983390230213
64.0,0.1,0.7816073418279674
0.0,0.12,2.68634032801383
1.0,0.12,2.005004981564255
2.0,0.12,1.7299826731187689
3.0,0.12,1.573052067970067
4.0,0.12,1.4685136773481358
5.0,0.12,1.3924254221133887
6.0,0.12,1.3337715257236344
7.0,0.12,1.2867021641737781
8.0,0.12,1.2477908634170918
9.0,0.12,1.2148817192023667
10.0,0.12,1.1865420766459476
11.0,0.12,1.1617779363884873
12.0,0.12,1.1398751276277734
13.0,0.12,1.1203054977237872
14.0,0.12,1.1026688633901007
15.0,0.12,1.0866556648208832
16.0,0.12,1.072022131510939
17.0,0.12,1.0585732917174469
18.0,0.12,1.0461510572001842
19.0,0.12,1.034625683851871
20.0,0.12,1.0238895330704205
21.0,0.12,1.0138524353019176
22.0,0.12,1.0044381909830005
23.0,0.12,0.9955818930353945
24.0,0.12,0.9872278521314978
25.0,0.12,0.9793279705419776
26.0,0.12,0.9718404541750607
27.0,0.12,0.9647287826299077
28.0,0.12,0.9579608782566028
29.0,0.12,0.9515084302652913
30.0,0.12,0.9453463407685144
31.0,0.12,0.939452267547847
32.0,0.12,0.9338062441685446
33.0,0.12,0.9283903624143283
34.0,0.12,0.9231885052886498
35.0,0.12,0.9181861213166947
36.0,0.12,0.9133700327899582
37.0,0.12,0.9087282720688793
38.0,0.12,0.904249941207082
39.0,0.12,0.8999250910610036
40.0,0.12,0.8957446167598118
41.0,0.12,0.8917001669756324
42.0,0.12,0.8877840648860563
43.0,0.12,0.8839892390845463
44.0,0.12,0.8803091629882229
45.0,0.12,0.8767378015317119
46.0,0.12,0.8732695641308622
47.0,0.12,0.8698992630607113
48.0,0.12,0.8666220765240341
49.0,0.12,0.8634335157965697
50.0,0.12,0.8603293959259103
51.0,0.12,0.8573058095372237
52.0,0.12,0.8543591033625786
53.0,0.12,0.8514858571644119
54.0,0.12,0.848682864768793
55.0,0.12,0.8459471169625267
56.0,0.12,0.8432757860407936
57.0,0.12,0.8406662118195741
58.0,0.12,0.838115888951061
59.0,0.12,0.8356224554004603
60.0,0.12,0.8331836819601571
61.0,0.12,0.8307974626922067
62.0,0.12,0.8284618062032617
63.0,0.12,0.8261748276672615
64.0,0.12,0.8239347415209866
0.0,0.14,2.68634032801383
1.0,0.14,2.0204898758017458
2.0,0.14,1.7517180743663836
3.0,0.14,1.5983540738801525
4.0,0.14,1.496191555772356
5.0,0.14,1.4218325790656716
6.0,0.14,1.3645117257756845
7.0,0.14,1.3185121224428702
8.0,0.14,1.280485169430654
9.0,0.14,1.2483239603117182
10.0,0.14,1.2206284005406722
11.0,0.14,1.1964270816526998
12.0,0.14,1.1750220640001838
13.0,0.14,1.1558971984121973
14.0,0.14,1.1386613966770038
15.0,0.14,1.1230121344389048
16.0,0.14,1.1087111814314592
17.0,0.14,1.0955679970878194
18.0,0.14,1.0834280860823127
19.0,0.14,1.0721646530373703
20.0,0.14,1.0616725056827707
21.0,0.14,1.0518635237726428
22.0,0.14,1.042663239551883
23.0,0.14,1.034008221103086
24.0,0.14,1.0258440447651873
25.0,0.14,1.018123705939065
26.0,0.14,1.0108063603986692
27.0,0.14,1.0038563177522697
28.0,0.14,0.9972422293874489
29.0,0.14,0.9909364279413945
30.0,0.14,0.9849143859331808
31.0,0.14,0.9791542689220739
32.0,0.14,0.9736365642559376
33.0,0.14,0.9683437707234077
34.0,0.14,0.963260137623313
35.0,0.14,0.958371444196175
36.0,0.14,0.9536648122268644
37.0,0.14,0.9491285460676282
38.0,0.14,0.94475199545269
39.0,0.14,0.9405254373553862
40.0,0.14,0.9364399738337668
41.0,0.14,0.932487443362864
42.0,0.14,0.9286603435935058
43.0,0.14,0.9249517638329391
44.0,0.14,0.921355325829714
45.0,0.14,0.9178651316790326
46.0,0.14,0.9144757178554751
47.0,0.14,0.9111820145369186
48.0,0.14,0.9079793095124385
49.0,0.14,0.9048632160742348
50.0,0.14,0.901829644382454
51.0,0.14,0.8988747758662374
52.0,0.14,0.8959950402864706
53.0,0.14,0.8931870951382624
54.0,0.14,0.8904478071152712
55.0,0.14,0.8877742353955109
56.0,0.14,0.8851636165401809
57.0,0.14,0.882613350823989
58.0,0.14,0.8801209898388512
59.0,0.14,0.8776842252325823
60.0,0.14,0.8753008784613769
61.0,0.14,0.8729688914495163
62.0,0.14,0.8706863180625929
63.0,0.14,0.8684513163115017
64.0,0.14,0.8662621412140057
0.0,0.16,2.68634032801383
1.0,0.16,2.035974770039236
2.0,0.16,1.7734534756139988
3.0,0.16,1.6236560797902382
4.0,0.16,1.5238694341965764
5.0,0.16,1.4512397360179545
6.0,0.16,1.3952519258277345
7.0,0.16,1.3503220807119622
8.0,0.16,1.3131794754442159
9.0,0.16,1.2817662014210698
10.0,0.16,1.2547147244353967
11.0,0.16,1.2310762269169122
12.0,0.16,1.2101690003725942
13.0,0.16,1.1914888991006074
14.0,0.16,1.1746539299639067
15.0,0.16,1.1593686040569262
16.0,0.16,1.1454002313519795
17.0,0.16,1.1325627024581915
18.0,0.16,1.1207051149644407
19.0,0.16,1.1097036222228691
20.0,0.16,1.099455478295121
21.0,0.16,1.089874612243368
22.0,0.16,1.0808882881207653
23.0,0.16,1.0724345491707779
24.0,0.16,1.0644602373988765
25.0,0.16,1.0569194413361525
26.0,0.16,1.0497722666222775
27.0,0.16,1.0429838528746314
28.0,0.16,1.0365235805182949
29.0,0.16,1.0303644256174975
30.0,0.16,1.024482431097847
31.0,0.16,1.0188562702963009
32.0,0.16,1.01346688434333
33.0,0.16,1.0082971790324873
34.0,0.16,1.0033317699579762
35.0,0.16,0.9985567670756554
36.0,0.16,0.9939595916637706
37.0,0.16,0.989528820066377
38.0,0.16,0.9852540496982979
39.0,0.16,0.9811257836497685
40.0,0.16,0.9771353309077216
41.0,0.16,0.9732747197500958
42.0,0.16,0.9695366223009553
43.0,0.16,0.9659142885813319
44.0,0.16,0.962401488671205
45.0,0.16,0.9589924618263534
46.0,0.16,0.955681871580088
47.0,0.16,0.9524647660131259
48.0,0.16,0.949336542500843
49.0,0.16,0.9462929163518996
50.0,0.16,0.9433298928389976
51.0,0.16,0.9404437421952512
52.0,0.16,0.9376309772103626
53.0,0.16,0.9348883331121128
54.0,0.16,0.9322127494617491
55.0,0.16,0.9296013538284951
56.0,0.16,0.927051447039568
57.0,0.16,0.9245604898284039
58.0,0.16,0.9221260907266413
59.0,0.16,0.9197459950647042
60.0,0.16,0.9174180749625968
61.0,0.16,0.9151403202068258
62.0,0.16,0.9129108299219238
63.0,0.16,0.9107278049557418
64.0,0.16,0.9085895409070249
0.0,0.18,2.68634032801383
1.0,0.18,2.0514596642767264
2.0,0.18,1.795188876861614
3.0,0.18,1.6489580857003237
4.0,0.18,1.5515473126207968
5.0,0.18,1.480646892970237
6.0,0.18,1.4259921258797843
7.0,0.18,1.3821320389810543
8.0,0.18,1.3458737814577784
9.0,0.18,1.315208442530421
10.0,0.18,1.2888010483301213
11.0,0.18,1.2657253721811246
12.0,0.18,1.2453159367450046
13.0,0.18,1.2270805997890173
14.0,0.18,1.2106464632508094
15.0,0.18,1.1957250736749476
16.0,0.18,1.1820892812724997
17.0,0.18,1.1695574078285638
18.0,0.18,1.1579821438465692
19.0,0.18,1.1472425914083684
20.0,0.18,1.1372384509074713
21.0,0.18,1.1278857007140934
22.0,0.18,1.1191133366896477
23.0,0.18,1.1108608772384696
24.0,0.18,1.103076430032566
25.0,0.18,1.0957151767332403
26.0,0.18,1.088738172845886
27.0,0.18,1.0821113879969935
28.0,0.18,1.075804931649141
29.0,0.18,1.069792423293601
30.0,0.18,1.0640504762625134
31.0,0.18,1.0585582716705277
32.0,0.18,1.0532972044307232
33.0,0.18,1.0482505873415668
34.0,0.18,1.0434034022926393
35.0,0.18,1.0387420899551358
36.0,0.18,1.0342543711006766
37.0,0.18,1.029929094065126
38.0,0.18,1.0257561039439058
39.0,0.18,1.021726129944151
40.0,0.18,1.0178306879816768
41.0,0.18,1.0140619961373276
42.0,0.18,1.0104129010084046
43.0,0.18,1.0068768133297248
44.0,0.18,1.003447651512696
45.0,0.18,1.0001197919736744
46.0,0.18,0.996888025304701
47.0,0.18,0.993747517489333
48.0,0.18,0.9906937754892475
49.0,0.18,0.9877226166295646
50.0,0.18,0.9848301412955411
51.0,0.18,0.982012708524265
52.0,0.18,0.9792669141342548
53.0,0.18,0.9765895710859632
54.0,0.18,0.9739776918082274
55.0,0.18,0.9714284722614791
56.0,0.18,0.9689392775389553
57.0,0.18,0.9665076288328187
58.0,0.18,0.9641311916144316
59.0,0.18,0.9618077648968264
60.0,0.18,0.9595352714638166
61.0,0.18,0.9573117489641354
62.0,0.18,0.955135341781255
63.0,0.18,0.953004293599982
64.0,0.18,0.9509169406000441
0.0,0.2,2.6863403280138303
1.0,0.2,2.066944558514217
2.0,0.2,1.816924278109229
3.0,0.2,1.6742600916104091
4.0,0.2,1.5792251910450172
5.0,0.2,1.51005404992252
6.0,0.2,1.4567323259318343
7.0,0.2,1.4139419972501466
8.0,0.2,1.3785680874713406
9.0,0.2,1.3486506836397725
10.0,0.2,1.322887372224846
11.0,0.2,1.300374517445337
12.0,0.2,1.280462873117415
13.0,0.2,1.2626723004774274
14.0,0.2,1.2466389965377125
15.0,0.2,1.2320815432929693
16.0,0.2,1.21877833119302
17.0,0.2,1.2065521131989363
18.0,0.2,1.1952591727286976
19.0,0.2,1.1847815605938674
20.0,0.2,1.1750214235198215
21.0,0.2,1.1658967891848186
22.0,0.2,1.1573383852585304
23.0,0.2,1.1492872053061614
24.0,0.2,1.1416926226662554
25.0,0.2,1.1345109121303278
26.0,0.2,1.1277040790694943
27.0,0.2,1.1212389231193554
28.0,0.2,1.1150862827799872
29.0,0.2,1.1092204209697039
30.0,0.2,1.1036185214271796
31.0,0.2,1.0982602730447546
32.0,0.2,1.093127524518116
33.0,0.2,1.0882039956506466
34.0,0.2,1.0834750346273025
35.0,0.2,1.0789274128346162
36.0,0.2,1.074549150537583
37.0,0.2,1.0703293680638748
38.0,0.2,1.0662581581895139
39.0,0.2,1.0623264762385334
40.0,0.2,1.0585260450556317
41.0,0.2,1.0548492725245595
42.0,0.2,1.0512891797158541
43.0,0.2,1.0478393380781177
44.0,0.2,1.0444938143541873
45.0,0.2,1.0412471221209953
46.0,0.2,1.0380941790293141
47.0,0.2,1.0350302689655404
48.0,0.2,1.032051008477652
49.0,0.2,1.0291523169072299
50.0,0.2,1.0263303897520848
51.0,0.2,1.0235816748532789
52.0,0.2,1.0209028510581468
53.0,0.2,1.0182908090598137
54.0,0.2,1.0157426341547056
55.0,0.2,1.0132555906944634
56.0,0.2,1.0108271080383424
57.0,0.2,1.0084547678372338
58.0,0.2,1.006136292502222
59.0,0.2,1.0038695347289486
60.0,0.2,1.0016524679650367
61.0,0.2,0.9994831777214451
62.0,0.2,0.9973598536405863
63.0,0.2,0.9952807822442222
64.0,0.2,0.9932443402930633
0.0,0.22,2.68634032801383
1.0,0.22,2.082429452751707
2.0,0.22,1.8386596793568442
3.0,0.22,1.6995620975204946
4.0,0.22,1.6069030694692374
5.0,0.22,1.5394612068748028
6.0,0.22,1.4874725259838841
7.0,0.22,1.4457519555192384
8.0,0.22,1.411262393484903
9.0,0.22,1.382092924749124
10.0,0.22,1.3569736961195706
11.0,0.22,1.335023662709549
12.0,0.22,1.3156098094898252
13.0,0.22,1.2982640011658375
14.0,0.22,1.2826315298246154
15.0,0.22,1.2684380129109907
16.0,0.22,1.2554673811135402
17.0,0.22,1.2435468185693086
18.0,0.22,1.2325362016108259
19.0,0.22,1.2223205297793664
20.0,0.22,1.2128043961321717
21.0,0.22,1.203907877655544
22.0,0.22,1.195563433827413
23.0,0.22,1.187713533373853
24.0,0.22,1.1803088152999446
25.0,0.22,1.1733066475274152
26.0,0.22,1.1666699852931028
27.0,0.22,1.160366458241717
28.0,0.22,1.1543676339108333
29.0,0.22,1.148648418645807
30.0,0.22,1.143186566591846
31.0,0.22,1.1379622744189815
32.0,0.22,1.1329578446055089
33.0,0.22,1.1281574039597262
34.0,0.22,1.1235466669619658
35.0,0.22,1.1191127357140966
36.0,0.22,1.1148439299744892
37.0,0.22,1.1107296420626238
38.0,0.22,1.1067602124351217
39.0,0.22,1.1029268225329156
40.0,0.22,1.0992214021295865
41.0,0.22,1.0956365489117912
42.0,0.22,1.0921654584233034
43.0,0.22,1.0888018628265104
44.0,0.22,1.0855399771956784
45.0,0.22,1.082374452268316
46.0,0.22,1.0793003327539268
47.0,0.22,1.0763130204417475
48.0,0.22,1.0734082414660564
49.0,0.22,1.0705820171848948
50.0,0.22,1.0678306382086284
51.0,0.22,1.0651506411822926
52.0,0.22,1.062538787982039
53.0,0.22,1.0599920470336641
54.0,0.22,1.0575075765011837
55.0,0.22,1.0550827091274477
56.0,0.22,1.0527149385377295
57.0,0.22,1.0504019068416486
58.0,0.22,1.048141393390012
59.0,0.22,1.0459313045610705
60.0,0.22,1.0437696644662564
61.0,0.22,1.0416546064787549
62.0,0.22,1.0395843654999173
63.0,0.22,1.0375572708884626
64.0,0.22,1.0355717399860824
0.0,0.24,2.68634032801383
1.0,0.24,2.0979143469891977
2.0,0.24,1.8603950806044591
3.0,0.24,1.7248641034305803
4.0,0.24,1.6345809478934576
5.0,0.24,1.5688683638270853
6.0,0.24,1.518212726035934
7.0,0.24,1.4775619137883307
8.0,0.24,1.4439566994984652
9.0,0.24,1.4155351658584754
10.0,0.24,1.391060020014295
11.0,0.24,1.3696728079737615
12.0,0.24,1.3507567458622356
13.0,0.24,1.3338557018542476
14.0,0.24,1.3186240631115185
15.0,0.24,1.3047944825290123
16.0,0.24,1.2921564310340605
17.0,0.24,1.280541523939681
18.0,0.24,1.2698132304929541
19.0,0.24,1.2598594989648655
20.0,0.24,1.2505873687445217
21.0,0.24,1.2419189661262693
22.0,0.24,1.2337884823962955
23.0,0.24,1.2261398614415446
24.0,0.24,1.218925007933634
25.0,0.24,1.2121023829245028
26.0,0.24,1.2056358915167111
27.0,0.24,1.1994939933640791
28.0,0.24,1.1936489850416792
29.0,0.24,1.1880764163219102
30.0,0.24,1.1827546117565122
31.0,0.24,1.1776642757932083
32.0,0.24,1.1727881646929017
33.0,0.24,1.1681108122688058
34.0,0.24,1.1636182992966289
35.0,0.24,1.1592980585935768
36.0,0.24,1.1551387094113954
37.0,0.24,1.1511299160613726
38.0,0.24,1.1472622666807295
39.0,0.24,1.143527168827298
40.0,0.24,1.1399167592035415
41.0,0.24,1.1364238252990229
42.0,0.24,1.1330417371307528
43.0,0.24,1.129764387574903
44.0,0.24,1.1265861400371693
45.0,0.24,1.123501782415637
46.0,0.24,1.1205064864785397
47.0,0.24,1.1175957719179548
48.0,0.24,1.1147654744544608
49.0,0.24,1.1120117174625597
50.0,0.24,1.109330886665172
51.0,0.24,1.1067196075113064
52.0,0.24,1.104174724905931
53.0,0.24,1.1016932850075143
54.0,0.24,1.0992725188476615
55.0,0.24,1.0969098275604316
56.0,0.24,1.0946027690371167
57.0,0.24,1.0923490458460636
58.0,0.24,1.0901464942778023
59.0,0.24,1.0879930743931925
60.0,0.24,1.085886860967476
61.0,0.24,1.0838260352360642
62.0,0.24,1.0818088773592482
63.0,0.24,1.0798337595327026
64.0,0.24,1.0778991396791016
0.0,0.26,2.68634032801383
1.0,0.26,2.1133992412266873
2.0,0.26,1.882130481852074
3.0,0.26,1.7501661093406657
4.0,0.26,1.662258826317678
5.0,0.26,1.598275520779368
6.0,0.26,1.548952926087984
7.0,0.26,1.5093718720574227
8.0,0.26,1.4766510055120274
9.0,0.26,1.4489774069678267
10.0,0.26,1.4251463439090197
11.0,0.26,1.4043219532379736
12.0,0.26,1.385903682234646
13.0,0.26,1.3694474025426575
14.0,0.26,1.3546165963984214
15.0,0.26,1.341150952147034
16.0,0.26,1.3288454809545807
17.0,0.26,1.3175362293100534
18.0,0.26,1.3070902593750824
19.0,0.26,1.2973984681503643
20.0,0.26,1.288370341356872
21.0,0.26,1.2799300545969945
22.0,0.26,1.2720135309651779
23.0,0.26,1.2645661895092366
24.0,0.26,1.2575412005673234
25.0,0.26,1.2508981183215904
26.0,0.26,1.2446017977403194
27.0,0.26,1.2386215284864408
28.0,0.26,1.2329303361725255
29.0,0.26,1.2275044139980134
30.0,0.26,1.2223226569211785
31.0,0.26,1.2173662771674352
32.0,0.26,1.2126184847802945
33.0,0.26,1.2080642205778853
34.0,0.26,1.2036899316312921
35.0,0.26,1.199483381473057
36.0,0.26,1.1954334888483014
37.0,0.26,1.1915301900601214
38.0,0.26,1.1877643209263373
39.0,0.26,1.1841275151216806
40.0,0.26,1.1806121162774965
41.0,0.26,1.1772111016862545
42.0,0.26,1.1739180158382023
43.0,0.26,1.170726912323296
44.0,0.26,1.1676323028786604
45.0,0.26,1.164629112562958
46.0,0.26,1.1617126402031526
47.0,0.26,1.158878523394162
48.0,0.26,1.1561227074428653
49.0,0.26,1.1534414177402248
50.0,0.26,1.1508311351217155
51.0,0.26,1.1482885738403201
52.0,0.26,1.145810661829823
53.0,0.26,1.143394522981365
54.0,0.26,1.1410374611941398
55.0,0.26,1.1387369459934158
56.0,0.26,1.136490599536504
57.0,0.26,1.1342961848504785
58.0,0.26,1.1321515951655925
59.0,0.26,1.1300548442253147
60.0,0.26,1.128004057468696
61.0,0.26,1.125997463993374
62.0,0.26,1.1240333892185794
63.0,0.26,1.1221102481769427
64.0,0.26,1.1202265393721207
0.0,0.28,2.68634032801383
1.0,0.28,2.128884135464178
2.0,0.28,1.9038658830996888
3.0,0.28,1.7754681152507514
4.0,0.28,1.689936704741898
5.0,0.28,1.627682677731651
6.0,0.28,1.5796931261400338
7.0,0.28,1.5411818303265148
8.0,0.28,1.5093453115255895
9.0,0.28,1.4824196480771783
10.0,0.28,1.4592326678037444
11.0,0.28,1.4389710985021862
12.0,0.28,1.4210506186070564
13.0,0.28,1.4050391032310678
14.0,0.28,1.390609129685324
15.0,0.28,1.3775074217650551
16.0,0.28,1.365534530875101
17.0,0.28,1.3545309346804255
18.0,0.28,1.3443672882572106
19.0,0.28,1.3349374373358636
20.0,0.28,1.326153313969222
21.0,0.28,1.31794114306772
22.0,0.28,1.3102385795340603
23.0,0.28,1.3029925175769284
24.0,0.28,1.2961573932010129
25.0,0.28,1.289693853718678
26.0,0.28,1.2835677039639277
27.0,0.28,1.2777490636088027
28.0,0.28,1.2722116873033715
29.0,0.28,1.2669324116741167
30.0,0.28,1.2618907020858445
31.0,0.28,1.257068278541662
32.0,0.28,1.2524488048676874
33.0,0.28,1.248017628886965
34.0,0.28,1.2437615639659554
35.0,0.28,1.2396687043525374
36.0,0.28,1.2357282682852078
37.0,0.28,1.2319304640588702
38.0,0.28,1.2282663751719454
39.0,0.28,1.224727861416063
40.0,0.28,1.2213074733514515
41.0,0.28,1.2179983780734864
42.0,0.28,1.2147942945456516
43.0,0.28,1.2116894370716889
44.0,0.28,1.2086784657201515
45.0,0.28,1.205756442710279
46.0,0.28,1.2029187939277655
47.0,0.28,1.2001612748703694
48.0,0.28,1.1974799404312697
49.0,0.28,1.1948711180178897
50.0,0.28,1.1923313835782594
51.0,0.28,1.1898575401693339
52.0,0.28,1.187446598753715
53.0,0.28,1.1850957609552153
54.0,0.28,1.182802403540618
55.0,0.28,1.1805640644264002
56.0,0.28,1.1783784300358913
57.0,0.28,1.1762433238548933
58.0,0.28,1.1741566960533827
59.0,0.28,1.1721166140574366
60.0,0.28,1.170121253969916
61.0,0.28,1.1681688927506837
62.0,0.28,1.1662579010779106
63.0,0.28,1.164386736821183
64.0,0.28,1.1625539390651398
0.0,0.3,2.6863403280138294
1.0,0.3,2.1443690297016684
2.0,0.3,1.9256012843473038
3.0,0.3,1.8007701211608367
4.0,0.3,1.7176145831661185
5.0,0.3,1.6570898346839336
6.0,0.3,1.6104333261920836
7.0,0.3,1.572991788595607
8.0,0.3,1.5420396175391515
9.0,0.3,1.5158618891865296
10.0,0.3,1.4933189916984688
11.0,0.3,1.4736202437663983
12.0,0.3,1.4561975549794668
13.0,0.3,1.440630803919478
14.0,0.3,1.4266016629722271
15.0,0.3,1.4138638913830768
16.0,0.3,1.4022235807956211
17.0,0.3,1.3915256400507978
18.0,0.3,1.3816443171393389
19.0,0.3,1.3724764065213624
20.0,0.3,1.3639362865815725
21.0,0.3,1.355952231538445
22.0,0.3,1.3484636281029427
23.0,0.3,1.3414188456446197
24.0,0.3,1.334773585834702
25.0,0.3,1.3284895891157655
26.0,0.3,1.3225336101875362
27.0,0.3,1.3168765987311644
28.0,0.3,1.3114930384342176
29.0,0.3,1.3063604093502195
30.0,0.3,1.301458747250511
31.0,0.3,1.2967702799158891
32.0,0.3,1.29227912495508
33.0,0.3,1.2879710371960444
34.0,0.3,1.2838331963006184
35.0,0.3,1.2798540272320176
36.0,0.3,1.2760230477221137
37.0,0.3,1.2723307380576192
38.0,0.3,1.2687684294175532
39.0,0.3,1.2653282077104453
40.0,0.3,1.2620028304254063
41.0,0.3,1.258785654460718
42.0,0.3,1.255670573253101
43.0,0.3,1.2526519618200815
44.0,0.3,1.2497246285616426
45.0,0.3,1.2468837728575994
46.0,0.3,1.2441249476523784
47.0,0.3,1.2414440263465765
48.0,0.3,1.2388371734196741
49.0,0.3,1.2363008182955546
50.0,0.3,1.2338316320348028
51.0,0.3,1.2314265064983476
52.0,0.3,1.2290825356776072
53.0,0.3,1.2267969989290657
54.0,0.3,1.2245673458870958
55.0,0.3,1.222391182859384
56.0,0.3,1.2202662605352783
57.0,0.3,1.218190462859308
58.0,0.3,1.2161617969411729
59.0,0.3,1.2141783838895586
60.0,0.3,1.2122384504711357
61.0,0.3,1.210340321507993
62.0,0.3,1.2084824129372416
63.0,0.3,1.206663225465423
64.0,0.3,1.204881338758159
0.0,0.32,2.6863403280138294
1.0,0.32,2.1598539239391585
2.0,0.32,1.9473366855949188
3.0,0.32,1.8260721270709224
4.0,0.32,1.745292461590339
5.0,0.32,1.6864969916362162
6.0,0.32,1.6411735262441336
7.0,0.32,1.604801746864699
8.0,0.32,1.5747339235527138
9.0,0.32,1.5493041302958808
10.0,0.32,1.5274053155931935
11.0,0.32,1.5082693890306105
12.0,0.32,1.4913444913518772
13.0,0.32,1.4762225046078878
14.0,0.32,1.46259419625913
15.0,0.32,1.4502203610010982
16.0,0.32,1.4389126307161415
17.0,0.32,1.4285203454211703
18.0,0.32,1.4189213460214674
19.0,0.32,1.4100153757068616
20.0,0.32,1.4017192591939227
21.0,0.32,1.3939633200091703
22.0,0.32,1.3866886766718252
23.0,0.32,1.3798451737123114
24.0,0.32,1.3733897784683915
25.0,0.32,1.3672853245128531
26.0,0.32,1.3614995164111445
27.0,0.32,1.3560041338535265
28.0,0.32,1.3507743895650637
29.0,0.32,1.3457884070263229
30.0,0.32,1.341026792415177
31.0,0.32,1.3364722812901157
32.0,0.32,1.332109445042473
33.0,0.32,1.327924445505124
34.0,0.32,1.3239048286352817
35.0,0.32,1.3200393501114982
36.0,0.32,1.31631782715902
37.0,0.32,1.312731012056368
38.0,0.32,1.3092704836631612
39.0,0.32,1.3059285540048275
40.0,0.32,1.3026981874993613
41.0,0.32,1.2995729308479498
42.0,0.32,1.2965468519605503
43.0,0.32,1.2936144865684742
44.0,0.32,1.2907707914031337
45.0,0.32,1.2880111030049204
46.0,0.32,1.2853311013769912
47.0,0.32,1.2827267778227838
48.0,0.32,1.2801944064080786
49.0,0.32,1.2777305185732195
50.0,0.32,1.2753318804913465
51.0,0.32,1.2729954728273614
52.0,0.32,1.2707184726014993
53.0,0.32,1.268498236902916
54.0,0.32,1.2663322882335741
55.0,0.32,1.2642183012923682
56.0,0.32,1.2621540910346656
57.0,0.32,1.2601376018637231
58.0,0.32,1.258166897828963
59.0,0.32,1.2562401537216805
60.0,0.32,1.2543556469723556
61.0,0.32,1.252511750265303
62.0,0.32,1.2507069247965725
63.0,0.32,1.2489397141096634
64.0,0.32,1.247208738451178
0.0,0.34,2.6863403280138294
1.0,0.34,2.1753388181766486
2.0,0.34,1.969072086842534
3.0,0.34,1.8513741329810078
4.0,0.34,1.772970340014559
5.0,0.34,1.7159041485884992
6.0,0.34,1.6719137262961834
7.0,0.34,1.636611705133791
8.0,0.34,1.607428229566276
9.0,0.34,1.5827463714052323
10.0,0.34,1.5614916394879181
11.0,0.34,1.5429185342948233
12.0,0.34,1.5264914277242874
13.0,0.34,1.511814205296298
14.0,0.34,1.498586729546033
15.0,0.34,1.4865768306191198
16.0,0.34,1.4756016806366616
17.0,0.34,1.4655150507915427
18.0,0.34,1.4561983749035956
19.0,0.34,1.4475543448923607
20.0,0.34,1.439502231806273
21.0,0.34,1.4319744084798955
22.0,0.34,1.4249137252407076
23.0,0.34,1.4182715017800032
24.0,0.34,1.412005971102081
25.0,0.34,1.4060810599099405
26.0,0.34,1.400465422634753
27.0,0.34,1.3951316689758881
28.0,0.34,1.3900557406959095
29.0,0.34,1.385216404702426
30.0,0.34,1.3805948375798434
31.0,0.34,1.3761742826643428
32.0,0.34,1.371939765129866
33.0,0.34,1.3678778538142036
34.0,0.34,1.3639764609699447
35.0,0.34,1.3602246729909784
36.0,0.34,1.3566126065959263
37.0,0.34,1.3531312860551168
38.0,0.34,1.349772537908769
39.0,0.34,1.3465289002992102
40.0,0.34,1.3433935445733163
41.0,0.34,1.3403602072351817
42.0,0.34,1.3374231306679998
43.0,0.34,1.3345770113168671
44.0,0.34,1.3318169542446248
45.0,0.34,1.3291384331522413
46.0,0.34,1.3265372551016041
47.0,0.34,1.324009529298991
48.0,0.34,1.321551639396483
49.0,0.34,1.3191602188508846
50.0,0.34,1.3168321289478901
51.0,0.34,1.314564439156375
52.0,0.34,1.3123544095253912
53.0,0.34,1.3101994748767665
54.0,0.34,1.3080972305800522
55.0,0.34,1.3060454197253526
56.0,0.34,1.3040419215340526
57.0,0.34,1.3020847408681382
58.0,0.34,1.3001719987167533
59.0,0.34,1.2983019235538027
60.0,0.34,1.2964728434735753
61.0,0.34,1.2946831790226123
62.0,0.34,1.2929314366559037
63.0,0.34,1.2912162027539034
64.0,0.34,1.2895361381441974
0.0,0.36,2.68634032801383
1.0,0.36,2.1908237124141396
2.0,0.36,1.9908074880901492
3.0,0.36,1.876676138891093
4.0,0.36,1.8006482184387798
5.0,0.36,1.7453113055407818
6.0,0.36,1.7026539263482332
7.0,0.36,1.6684216634028832
8.0,0.36,1.6401225355798386
9.0,0.36,1.616188612514584
10.0,0.36,1.5955779633826426
11.0,0.36,1.5775676795590352
12.0,0.36,1.5616383640966978
13.0,0.36,1.5474059059847078
14.0,0.36,1.534579262832936
15.0,0.36,1.5229333002371412
16.0,0.36,1.512290730557182
17.0,0.36,1.502509756161915
18.0,0.36,1.4934754037857239
19.0,0.36,1.4850933140778597
20.0,0.36,1.477285204418623
21.0,0.36,1.469985496950621
22.0,0.36,1.4631387738095902
23.0,0.36,1.456697829847695
24.0,0.36,1.4506221637357701
25.0,0.36,1.444876795307028
26.0,0.36,1.4394313288583611
27.0,0.36,1.4342592040982503
28.0,0.36,1.4293370918267556
29.0,0.36,1.4246444023785292
30.0,0.36,1.4201628827445096
31.0,0.36,1.4158762840385695
32.0,0.36,1.4117700852172586
33.0,0.36,1.4078312621232831
34.0,0.36,1.404048093304608
35.0,0.36,1.400409995870459
36.0,0.36,1.396907386032832
37.0,0.36,1.3935315600538658
38.0,0.36,1.390274592154377
39.0,0.36,1.3871292465935925
40.0,0.36,1.3840889016472713
41.0,0.36,1.3811474836224134
42.0,0.36,1.3782994093754493
43.0,0.36,1.37553953606526
44.0,0.36,1.3728631170861156
45.0,0.36,1.370265763299562
46.0,0.36,1.367743408826217
47.0,0.36,1.3652922807751982
48.0,0.36,1.3629088723848874
49.0,0.36,1.3605899191285495
50.0,0.36,1.3583323774044338
51.0,0.36,1.3561334054853889
52.0,0.36,1.3539903464492835
53.0,0.36,1.3519007128506169
54.0,0.36,1.34986217292653
55.0,0.36,1.3478725381583365
56.0,0.36,1.34592975203344
57.0,0.36,1.3440318798725528
58.0,0.36,1.3421770996045432
59.0,0.36,1.3403636933859246
60.0,0.36,1.3385900399747952
61.0,0.36,1.336854607779922
62.0,0.36,1.335155948515235
63.0,0.36,1.3334926913981437
64.0,0.36,1.3318635378372166
0.0,0.38,2.68634032801383
1.0,0.38,2.2063086066516298
2.0,0.38,2.012542889337764
3.0,0.38,1.901978144801179
4.0,0.38,1.8283260968629997
5.0,0.38,1.7747184624930645
6.0,0.38,1.7333941264002832
7.0,0.38,1.7002316216719755
8.0,0.38,1.672816841593401
9.0,0.38,1.6496308536239355
10.0,0.38,1.6296642872773672
11.0,0.38,1.6122168248232478
12.0,0.38,1.5967853004691084
13.0,0.38,1.5829976066731182
14.0,0.38,1.570571796119839
15.0,0.38,1.5592897698551629
16.0,0.38,1.5489797804777021
17.0,0.38,1.5395044615322873
18.0,0.38,1.5307524326678523
19.0,0.38,1.522632283263359
20.0,0.38,1.5150681770309733
21.0,0.38,1.5079965854213462
22.0,0.38,1.5013638223784729
23.0,0.38,1.4951241579153869
24.0,0.38,1.4892383563694596
25.0,0.38,1.4836725307041156
26.0,0.38,1.4783972350819699
27.0,0.38,1.4733867392206121
28.0,0.38,1.468618442957602
29.0,0.38,1.4640724000546326
30.0,0.38,1.459730927909176
31.0,0.38,1.4555782854127968
32.0,0.38,1.4516004053046518
33.0,0.38,1.4477846704323627
34.0,0.38,1.4441197256392713
35.0,0.38,1.4405953187499392
36.0,0.38,1.4372021654697387
37.0,0.38,1.4339318340526148
38.0,0.38,1.430776646399985
39.0,0.38,1.4277295928879752
40.0,0.38,1.4247842587212263
41.0,0.38,1.4219347600096452
42.0,0.38,1.4191756880828987
43.0,0.38,1.416502060813653
44.0,0.38,1.413909279927607
45.0,0.38,1.411393093446883
46.0,0.38,1.4089495625508301
47.0,0.38,1.4065750322514055
48.0,0.38,1.4042661053732919
49.0,0.38,1.402019619406215
50.0,0.38,1.3998326258609775
51.0,0.38,1.3977023718144028
52.0,0.38,1.3956262833731754
53.0,0.38,1.3936019508244673
54.0,0.38,1.3916271152730086
55.0,0.38,1.389699656591321
56.0,0.38,1.3878175825328274
57.0,0.38,1.3859790188769678
58.0,0.38,1.3841822004923339
59.0,0.38,1.3824254632180468
60.0,0.38,1.3807072364760151
61.0,0.38,1.3790260365372318
62.0,0.38,1.3773804603745659
63.0,0.38,1.375769180042384
64.0,0.38,1.3741909375302357
0.0,0.4,2.68634032801383
1.0,0.4,2.2217935008891203
2.0,0.4,2.0342782905853793
3.0,0.4,1.9272801507112645
4.0,0.4,1.8560039752872204
5.0,0.4,1.8041256194453477
6.0,0.4,1.764134326452333
7.0,0.4,1.7320415799410673
8.0,0.4,1.705511147606963
9.0,0.4,1.683073094733287
10.0,0.4,1.663750611172092
11.0,0.4,1.6468659700874602
12.0,0.4,1.6319322368415188
13.0,0.4,1.618589307361528
14.0,0.4,1.606564329406742
15.0,0.4,1.5956462394731843
16.0,0.4,1.5856688303982225
17.0,0.4,1.5764991669026598
18.0,0.4,1.5680294615499806
19.0,0.4,1.560171252448858
20.0,0.4,1.5528511496433237
21.0,0.4,1.5460076738920716
22.0,0.4,1.5395888709473553
23.0,0.4,1.5335504859830784
24.0,0.4,1.527854549003149
25.0,0.4,1.5224682661012034
26.0,0.4,1.5173631413055784
27.0,0.4,1.512514274342974
28.0,0.4,1.507899794088448
29.0,0.4,1.5035003977307355
30.0,0.4,1.4992989730738422
31.0,0.4,1.4952802867870234
32.0,0.4,1.4914307253920445
33.0,0.4,1.4877380787414425
34.0,0.4,1.4841913579739345
35.0,0.4,1.4807806416294198
36.0,0.4,1.4774969449066448
37.0,0.4,1.4743321080513636
38.0,0.4,1.4712787006455927
39.0,0.4,1.4683299391823574
40.0,0.4,1.4654796157951813
41.0,0.4,1.4627220363968771
42.0,0.4,1.4600519667903482
43.0,0.4,1.4574645855620456
44.0,0.4,1.454955442769098
45.0,0.4,1.452520423594204
46.0,0.4,1.450155716275443
47.0,0.4,1.447857783727613
48.0,0.4,1.4456233383616963
49.0,0.4,1.44344931968388
50.0,0.4,1.4413328743175213
51.0,0.4,1.4392713381434166
52.0,0.4,1.4372622202970677
53.0,0.4,1.4353031887983179
54.0,0.4,1.4333920576194867
55.0,0.4,1.431526775024305
56.0,0.4,1.4297054130322144
57.0,0.4,1.4279261578813829
58.0,0.4,1.426187301380124
59.0,0.4,1.424487233050169
60.0,0.4,1.422824432977235
61.0,0.4,1.4211974652945414
62.0,0.4,1.419604972233897
63.0,0.4,1.4180456686866243
64.0,0.4,1.416518337223255
0.0,0.42,2.68634032801383
1.0,0.42,2.237278395126611
2.0,0.42,2.056013691832994
3.0,0.42,1.95258215662135
4.0,0.42,1.8836818537114406
5.0,0.42,1.8335327763976301
6.0,0.42,1.7948745265043828
7.0,0.42,1.7638515382101594
8.0,0.42,1.7382054536205254
9.0,0.42,1.7165153358426384
10.0,0.42,1.6978369350668168
11.0,0.42,1.6815151153516725
12.0,0.42,1.6670791732139292
13.0,0.42,1.6541810080499382
14.0,0.42,1.6425568626936449
15.0,0.42,1.632002709091206
16.0,0.42,1.6223578803187426
17.0,0.42,1.613493872273032
18.0,0.42,1.605306490432109
19.0,0.42,1.597710221634357
20.0,0.42,1.590634122255674
21.0,0.42,1.5840187623627968
22.0,0.42,1.5778139195162377
23.0,0.42,1.5719768140507702
24.0,0.42,1.5664707416368382
25.0,0.42,1.5612640014982908
26.0,0.42,1.5563290475291867
27.0,0.42,1.551641809465336
28.0,0.42,1.547181145219294
29.0,0.42,1.5429283954068387
30.0,0.42,1.5388670182385087
31.0,0.42,1.5349822881612503
32.0,0.42,1.5312610454794373
33.0,0.42,1.527691487050522
34.0,0.42,1.5242629903085976
35.0,0.42,1.5209659645089
36.0,0.42,1.5177917243435508
37.0,0.42,1.5147323820501126
38.0,0.42,1.5117807548912008
39.0,0.42,1.50893028547674
40.0,0.42,1.5061749728691363
41.0,0.42,1.5035093127841088
42.0,0.42,1.5009282454977975
43.0,0.42,1.4984271103104385
44.0,0.42,1.496001605610589
45.0,0.42,1.493647753741525
46.0,0.42,1.491361870000056
47.0,0.42,1.48914053520382
48.0,0.42,1.486980571350101
49.0,0.42,1.4848790199615447
50.0,0.42,1.482833122774065
51.0,0.42,1.4808403044724303
52.0,0.42,1.4788981572209596
53.0,0.42,1.4770044267721683
54.0,0.42,1.4751569999659646
55.0,0.42,1.4733538934572892
56.0,0.42,1.4715932435316015
57.0,0.42,1.4698732968857977
58.0,0.42,1.468192402267914
59.0,0.42,1.466549002882291
60.0,0.42,1.4649416294784547
61.0,0.42,1.463368894051851
62.0,0.42,1.4618294840932282
63.0,0.42,1.4603221573308645
64.0,0.42,1.4588457369162742
0.0,0.44,2.68634032801383
1.0,0.44,2.252763289364101
2.0,0.44,2.0777490930806093
3.0,0.44,1.9778841625314356
4.0,0.44,1.911359732135661
5.0,0.44,1.8629399333499128
6.0,0.44,1.8256147265564329
7.0,0.44,1.7956614964792517
8.0,0.44,1.7708997596340876
9.0,0.44,1.7499575769519897
10.0,0.44,1.7319232589615412
11.0,0.44,1.716164260615885
12.0,0.44,1.7022261095863396
13.0,0.44,1.6897727087383483
14.0,0.44,1.6785493959805478
15.0,0.44,1.6683591787092276
16.0,0.44,1.659046930239263
17.0,0.44,1.6504885776434044
18.0,0.44,1.6425835193142373
19.0,0.44,1.635249190819856
20.0,0.44,1.628417094868024
21.0,0.44,1.6220298508335222
22.0,0.44,1.6160389680851202
23.0,0.44,1.610403142118462
24.0,0.44,1.6050869342705276
25.0,0.44,1.6000597368953786
26.0,0.44,1.5952949537527952
27.0,0.44,1.5907693445876976
28.0,0.44,1.58646249635014
29.0,0.44,1.5823563930829418
30.0,0.44,1.5784350634031747
31.0,0.44,1.5746842895354771
32.0,0.44,1.5710913655668304
33.0,0.44,1.5676448953596016
34.0,0.44,1.5643346226432608
35.0,0.44,1.5611512873883802
36.0,0.44,1.558086503780457
37.0,0.44,1.5551326560488614
38.0,0.44,1.5522828091368086
39.0,0.44,1.5495306317711226
40.0,0.44,1.5468703299430913
41.0,0.44,1.5442965891713405
42.0,0.44,1.541804524205247
43.0,0.44,1.5393896350588312
44.0,0.44,1.53704776845208
45.0,0.44,1.5347750838888456
46.0,0.44,1.5325680237246688
47.0,0.44,1.5304232866800271
48.0,0.44,1.5283378043385054
49.0,0.44,1.5263087202392098
50.0,0.44,1.5243333712306084
51.0,0.44,1.522409270801444
52.0,0.44,1.520534094144852
53.0,0.44,1.5187056647460186
54.0,0.44,1.516921942312443
55.0,0.44,1.5151810118902735
56.0,0.44,1.5134810740309887
57.0,0.44,1.5118204358902125
58.0,0.44,1.5101975031557042
59.0,0.44,1.5086107727144127
60.0,0.44,1.5070588259796747
61.0,0.44,1.5055403228091606
62.0,0.44,1.5040539959525594
63.0,0.44,1.5025986459751044
64.0,0.44,1.5011731366092933
0.0,0.46,2.68634032801383
1.0,0.46,2.268248183601591
2.0,0.46,2.0994844943282245
3.0,0.46,2.003186168441521
4.0,0.46,1.9390376105598814
5.0,0.46,1.892347090302196
6.0,0.46,1.856354926608483
7.0,0.46,1.8274714547483437
8.0,0.46,1.80359406564765
9.0,0.46,1.7833998180613413
10.0,0.46,1.7660095828562659
11.0,0.46,1.750813405880097
12.0,0.46,1.73737304595875
13.0,0.46,1.7253644094267584
14.0,0.46,1.7145419292674509
15.0,0.46,1.7047156483272492
16.0,0.46,1.695735980159783
17.0,0.46,1.687483283013777
18.0,0.46,1.6798605481963658
19.0,0.46,1.6727881600053554
20.0,0.46,1.6662000674803743
21.0,0.46,1.6600409393042475
22.0,0.46,1.654264016654003
23.0,0.46,1.6488294701861537
24.0,0.46,1.643703126904217
25.0,0.46,1.6388554722924658
26.0,0.46,1.6342608599764035
27.0,0.46,1.6298968797100595
28.0,0.46,1.6257438474809862
29.0,0.46,1.621784390759045
30.0,0.46,1.6180031085678412
31.0,0.46,1.6143862909097042
32.0,0.46,1.6109216856542232
33.0,0.46,1.6075983036686812
34.0,0.46,1.604406254977924
35.0,0.46,1.6013366102678608
36.0,0.46,1.5983812832173632
37.0,0.46,1.5955329300476102
38.0,0.46,1.5927848633824166
39.0,0.46,1.5901309780655049
40.0,0.46,1.587565687017046
41.0,0.46,1.5850838655585724
42.0,0.46,1.5826808029126964
43.0,0.46,1.580352159807224
44.0,0.46,1.5780939312935713
45.0,0.46,1.5759024140361666
46.0,0.46,1.5737741774492815
47.0,0.46,1.5717060381562344
48.0,0.46,1.5696950373269098
49.0,0.46,1.5677384205168747
50.0,0.46,1.565833619687152
51.0,0.46,1.5639782371304578
52.0,0.46,1.5621700310687439
53.0,0.46,1.560406902719869
54.0,0.46,1.558686884658921
55.0,0.46,1.5570081303232575
56.0,0.46,1.5553689045303758
57.0,0.46,1.5537675748946276
58.0,0.46,1.5522026040434944
59.0,0.46,1.5506725425465349
60.0,0.46,1.5491760224808944
61.0,0.46,1.5477117515664702
62.0,0.46,1.5462785078118904
63.0,0.46,1.5448751346193448
64.0,0.46,1.5435005363023124
0.0,0.48,2.68634032801383
1.0,0.48,2.283733077839081
2.0,0.48,2.1212198955758392
3.0,0.48,2.0284881743516068
4.0,0.48,1.9667154889841014
5.0,0.48,1.9217542472544784
6.0,0.48,1.8870951266605325
7.0,0.48,1.8592814130174355
8.0,0.48,1.8362883716612117
9.0,0.48,1.8168420591706924
10.0,0.48,1.8000959067509903
11.0,0.48,1.7854625511443094
12.0,0.48,1.7725199823311601
13.0,0.48,1.7609561101151683
14.0,0.48,1.7505344625543535
15.0,0.48,1.7410721179452704
16.0,0.48,1.7324250300803035
17.0,0.48,1.7244779883841488
18.0,0.48,1.7171375770784938
19.0,0.48,1.7103271291908542
20.0,0.48,1.7039830400927243
21.0,0.48,1.6980520277749727
22.0,0.48,1.692489065222885
23.0,0.48,1.6872557982538454
24.0,0.48,1.6823193195379063
25.0,0.48,1.6776512076895533
26.0,0.48,1.6732267662000115
27.0,0.48,1.6690244148324211
28.0,0.48,1.665025198611832
29.0,0.48,1.661212388435148
30.0,0.48,1.6575711537325073
31.0,0.48,1.654088292283931
32.0,0.48,1.6507520057416158
33.0,0.48,1.6475517119777605
34.0,0.48,1.6444778873125871
35.0,0.48,1.641521933147341
36.0,0.48,1.6386760626542693
37.0,0.48,1.6359332040463592
38.0,0.48,1.6332869176280245
39.0,0.48,1.630731324359887
40.0,0.48,1.628261044091001
41.0,0.48,1.625871141945804
42.0,0.48,1.6235570816201454
43.0,0.48,1.6213146845556168
44.0,0.48,1.6191400941350622
45.0,0.48,1.6170297441834873
46.0,0.48,1.6149803311738944
47.0,0.48,1.6129887896324415
48.0,0.48,1.6110522703153143
49.0,0.48,1.6091681207945399
50.0,0.48,1.6073338681436955
51.0,0.48,1.6055472034594716
52.0,0.48,1.6038059679926358
53.0,0.48,1.6021081406937192
54.0,0.48,1.600451827005399
55.0,0.48,1.5988352487562416
56.0,0.48,1.597256735029763
57.0,0.48,1.5957147138990424
58.0,0.48,1.5942077049312846
59.0,0.48,1.5927343123786568
60.0,0.48,1.5912932189821143
61.0,0.48,1.5898831803237798
62.0,0.48,1.5885030196712213
63.0,0.48,1.587151623263585
64.0,0.48,1.5858279359953313
0.0,0.5,2.68634032801383
1.0,0.5,2.2992179720765717
2.0,0.5,2.1429552968234544
3.0,0.5,2.053790180261692
4.0,0.5,1.9943933674083218
5.0,0.5,1.951161404206761
6.0,0.5,1.9178353267125825
7.0,0.5,1.8910913712865278
8.0,0.5,1.868982677674774
9.0,0.5,1.850284300280044
10.0,0.5,1.834182230645715
11.0,0.5,1.8201116964085218
12.0,0.5,1.8076669187035705
13.0,0.5,1.7965478108035784
14.0,0.5,1.7865269958412564
15.0,0.5,1.7774285875632918
16.0,0.5,1.7691140800008236
17.0,0.5,1.7614726937545213
18.0,0.5,1.754414605960622
19.0,0.5,1.7478660983763532
20.0,0.5,1.7417660127050747
21.0,0.5,1.7360631162456979
22.0,0.5,1.7307141137917679
23.0,0.5,1.7256821263215372
24.0,0.5,1.7209355121715957
25.0,0.5,1.716446943086641
26.0,0.5,1.71219267242362
27.0,0.5,1.7081519499547833
28.0,0.5,1.7043065497426784
29.0,0.5,1.7006403861112511
30.0,0.5,1.6971391988971736
31.0,0.5,1.6937902936581577
32.0,0.5,1.6905823258290087
33.0,0.5,1.68750512028684
34.0,0.5,1.6845495196472504
35.0,0.5,1.6817072560268214
36.0,0.5,1.6789708420911755
37.0,0.5,1.676333478045108
38.0,0.5,1.6737889718736323
39.0,0.5,1.6713316706542694
40.0,0.5,1.668956401164956
41.0,0.5,1.6666584183330357
42.0,0.5,1.664433360327595
43.0,0.5,1.6622772093040097
44.0,0.5,1.6601862569765533
45.0,0.5,1.6581570743308085
46.0,0.5,1.6561864848985073
47.0,0.5,1.6542715411086488
48.0,0.5,1.6524095033037187
49.0,0.5,1.6505978210722048
50.0,0.5,1.6488341166002392
51.0,0.5,1.6471161697884855
52.0,0.5,1.645441904916528
53.0,0.5,1.6438093786675698
54.0,0.5,1.6422167693518772
55.0,0.5,1.640662367189226
56.0,0.5,1.6391445655291503
57.0,0.5,1.6376618529034572
58.0,0.5,1.6362128058190748
59.0,0.5,1.634796082210779
60.0,0.5,1.633410415483334
61.0,0.5,1.6320546090810895
62.0,0.5,1.6307275315305525
63.0,0.5,1.6294281119078253
64.0,0.5,1.6281553356883507
0.0,0.52,2.68634032801383
1.0,0.52,2.314702866314062
2.0,0.52,2.164690698071069
3.0,0.52,2.0790921861717773
4.0,0.52,2.0220712458325423
5.0,0.52,1.980568561159044
6.0,0.52,1.9485755267646323
7.0,0.52,1.9229013295556199
8.0,0.52,1.9016769836883363
9.0,0.52,1.8837265413893955
10.0,0.52,1.8682685545404394
11.0,0.52,1.854760841672734
12.0,0.52,1.842813855075981
13.0,0.52,1.8321395114919883
14.0,0.52,1.8225195291281595
15.0,0.52,1.8137850571813137
16.0,0.52,1.805803129921344
17.0,0.52,1.7984673991248938
18.0,0.52,1.7916916348427505
19.0,0.52,1.7854050675618522
20.0,0.52,1.779548985317425
21.0,0.52,1.7740742047164233
22.0,0.52,1.7689391623606503
23.0,0.52,1.764108454389229
24.0,0.52,1.759551704805285
25.0,0.52,1.7552426784837285
26.0,0.52,1.7511585786472286
27.0,0.52,1.7472794850771451
28.0,0.52,1.7435879008735242
29.0,0.52,1.7400683837873543
30.0,0.52,1.7367072440618396
31.0,0.52,1.733492295032385
32.0,0.52,1.7304126459164013
33.0,0.52,1.7274585285959199
34.0,0.52,1.7246211519819135
35.0,0.52,1.7218925789063015
36.0,0.52,1.7192656215280817
37.0,0.52,1.7167337520438568
38.0,0.52,1.7142910261192403
39.0,0.52,1.711932016948652
40.0,0.52,1.709651758238911
41.0,0.52,1.7074456947202676
42.0,0.52,1.7053096390350444
43.0,0.52,1.7032397340524024
44.0,0.52,1.7012324198180442
45.0,0.52,1.699284404478129
46.0,0.52,1.6973926386231204
47.0,0.52,1.6955542925848563
48.0,0.52,1.6937667362921232
49.0,0.52,1.69202752134987
50.0,0.52,1.6903343650567828
51.0,0.52,1.6886851361174995
52.0,0.52,1.68707784184042
53.0,0.52,1.6855106166414204
54.0,0.52,1.6839817116983553
55.0,0.52,1.68248948562221
56.0,0.52,1.6810323960285374
57.0,0.52,1.6796089919078723
58.0,0.52,1.6782179067068652
59.0,0.52,1.676857852042901
60.0,0.52,1.675527611984554
61.0,0.52,1.6742260378383989
62.0,0.52,1.6729520433898835
63.0,0.52,1.6717046005520655
64.0,0.52,1.6704827353813698
0.0,0.54,2.68634032801383
1.0,0.54,2.3301877605515524
2.0,0.54,2.1864260993186844
3.0,0.54,2.104394192081863
4.0,0.54,2.0497491242567625
5.0,0.54,2.0099757181113267
6.0,0.54,1.9793157268166826
7.0,0.54,1.954711287824712
8.0,0.54,1.9343712897018988
9.0,0.54,1.9171687824987471
10.0,0.54,1.9023548784351643
11.0,0.54,1.8894099869369463
12.0,0.54,1.8779607914483913
13.0,0.54,1.8677312121803984
14.0,0.54,1.8585120624150624
15.0,0.54,1.850141526799335
16.0,0.54,1.8424921798418643
17.0,0.54,1.8354621044952661
18.0,0.54,1.8289686637248788
19.0,0.54,1.8229440367473515
20.0,0.54,1.817331957929775
21.0,0.54,1.8120852931871485
22.0,0.54,1.8071642109295327
23.0,0.54,1.8025347824569207
24.0,0.54,1.7981678974389743
25.0,0.54,1.794038413880816
26.0,0.54,1.7901244848708369
27.0,0.54,1.786407020199507
28.0,0.54,1.7828692520043703
29.0,0.54,1.7794963814634577
30.0,0.54,1.7762752892265061
31.0,0.54,1.7731942964066116
32.0,0.54,1.7702429660037944
33.0,0.54,1.7674119369049994
34.0,0.54,1.7646927843165767
35.0,0.54,1.7620779017857822
36.0,0.54,1.759560400964988
37.0,0.54,1.7571340260426056
38.0,0.54,1.7547930803648482
39.0,0.54,1.7525323632430345
40.0,0.54,1.7503471153128658
41.0,0.54,1.7482329711074993
42.0,0.54,1.7461859177424939
43.0,0.54,1.7442022588007953
44.0,0.54,1.7422785826595353
45.0,0.54,1.7404117346254502
46.0,0.54,1.7385987923477333
47.0,0.54,1.7368370440610634
48.0,0.54,1.7351239692805276
49.0,0.54,1.7334572216275348
50.0,0.54,1.7318346135133265
51.0,0.54,1.7302541024465132
52.0,0.54,1.728713778764312
53.0,0.54,1.7272118546152706
54.0,0.54,1.7257466540448334
55.0,0.54,1.7243166040551943
56.0,0.54,1.7229202265279244
57.0,0.54,1.721556130912287
58.0,0.54,1.7202230075946554
59.0,0.54,1.7189196218750231
60.0,0.54,1.7176448084857736
61.0,0.54,1.7163974665957087
62.0,0.54,1.7151765552492146
63.0,0.54,1.7139810891963054
64.0,0.54,1.712810135074389
0.0,0.56,2.68634032801383
1.0,0.56,2.345672654789043
2.0,0.56,2.2081615005662996
3.0,0.56,2.1296961979919486
4.0,0.56,2.077427002680983
5.0,0.56,2.0393828750636094
6.0,0.56,2.0100559268687324
7.0,0.56,1.9865212460938042
8.0,0.56,1.967065595715461
9.0,0.56,1.9506110236080982
10.0,0.56,1.936441202329889
11.0,0.56,1.9240591322011587
12.0,0.56,1.9131077278208017
13.0,0.56,1.9033229128688087
14.0,0.56,1.8945045957019655
15.0,0.56,1.8864979964173565
16.0,0.56,1.8791812297623844
17.0,0.56,1.8724568098656384
18.0,0.56,1.8662456926070072
19.0,0.56,1.8604830059328505
20.0,0.56,1.8551149305421253
21.0,0.56,1.850096381657874
22.0,0.56,1.8453892594984151
23.0,0.56,1.8409611105246122
24.0,0.56,1.8367840900726637
25.0,0.56,1.832834149277904
26.0,0.56,1.8290903910944454
27.0,0.56,1.825534555321869
28.0,0.56,1.8221506031352164
29.0,0.56,1.8189243791395606
30.0,0.56,1.8158433343911724
31.0,0.56,1.8128962977808385
32.0,0.56,1.8100732860911872
33.0,0.56,1.807365345214079
34.0,0.56,1.80476441665124
35.0,0.56,1.8022632246652623
36.0,0.56,1.799855180401894
37.0,0.56,1.7975343000413546
38.0,0.56,1.7952951346104562
39.0,0.56,1.7931327095374168
40.0,0.56,1.7910424723868208
41.0,0.56,1.7890202474947312
42.0,0.56,1.7870621964499431
43.0,0.56,1.7851647835491882
44.0,0.56,1.7833247455010266
45.0,0.56,1.781539064772771
46.0,0.56,1.7798049460723462
47.0,0.56,1.7781197955372705
48.0,0.56,1.776481202268932
49.0,0.56,1.7748869219052
50.0,0.56,1.7733348619698703
51.0,0.56,1.771823068775527
52.0,0.56,1.7703497156882042
53.0,0.56,1.768913092589121
54.0,0.56,1.7675115963913117
55.0,0.56,1.7661437224881784
56.0,0.56,1.764808057027312
57.0,0.56,1.7635032699167021
58.0,0.56,1.7622281084824456
59.0,0.56,1.7609813917071453
60.0,0.56,1.7597620049869935
61.0,0.56,1.7585688953530183
62.0,0.56,1.7574010671085458
63.0,0.56,1.7562575778405458
64.0,0.56,1.7551375347674083
0.0,0.58,2.68634032801383
1.0,0.58,2.361157549026533
2.0,0.58,2.2298969018139143
3.0,0.58,2.154998203902034
4.0,0.58,2.1051048811052033
5.0,0.58,2.068790032015892
6.0,0.58,2.040796126920782
7.0,0.58,2.0183312043628963
8.0,0.58,1.9997599017290228
9.0,0.58,1.9840532647174496
10.0,0.58,1.9705275262246131
11.0,0.58,1.9587082774653708
12.0,0.58,1.9482546641932117
13.0,0.58,1.9389146135572184
14.0,0.58,1.9304971289888682
15.0,0.58,1.922854466035378
16.0,0.58,1.9158702796829044
17.0,0.58,1.9094515152360105
18.0,0.58,1.9035227214891353
19.0,0.58,1.8980219751183494
20.0,0.58,1.8928979031544753
21.0,0.58,1.888107470128599
22.0,0.58,1.8836143080672976
23.0,0.58,1.8793874385923037
24.0,0.58,1.875400282706353
25.0,0.58,1.8716298846749913
26.0,0.58,1.8680562973180537
27.0,0.58,1.8646620904442306
28.0,0.58,1.8614319542660624
29.0,0.58,1.8583523768156636
30.0,0.58,1.8554113795558382
31.0,0.58,1.8525982991550654
32.0,0.58,1.8499036061785799
33.0,0.58,1.8473187535231586
34.0,0.58,1.844836048985903
35.0,0.58,1.8424485475447425
36.0,0.58,1.8401499598388003
37.0,0.58,1.8379345740401034
38.0,0.58,1.8357971888560638
39.0,0.58,1.833733055831799
40.0,0.58,1.8317378294607758
41.0,0.58,1.8298075238819627
42.0,0.58,1.8279384751573926
43.0,0.58,1.8261273082975809
44.0,0.58,1.8243709083425175
45.0,0.58,1.8226663949200916
46.0,0.58,1.8210110997969589
47.0,0.58,1.8194025470134778
48.0,0.58,1.8178384352573365
49.0,0.58,1.8163166221828646
50.0,0.58,1.8148351104264138
51.0,0.58,1.8133920351045405
52.0,0.58,1.811985652612096
53.0,0.58,1.8106143305629712
54.0,0.58,1.8092765387377896
55.0,0.58,1.8079708409211623
56.0,0.58,1.806695887526699
57.0,0.58,1.8054504089211167
58.0,0.58,1.8042332093702356
59.0,0.58,1.803043161539267
60.0,0.58,1.8018792014882132
61.0,0.58,1.8007403241103277
62.0,0.58,1.7996255789678768
63.0,0.58,1.7985340664847858
64.0,0.58,1.7974649344604274
0.0,0.6,2.68634032801383
1.0,0.6,2.376642443264023
2.0,0.6,2.2516323030615295
3.0,0.6,2.1803002098121196
4.0,0.6,2.132782759529423
5.0,0.6,2.0981971889681748
6.0,0.6,2.071536326972832
7.0,0.6,2.050141162631988
8.0,0.6,2.0324542077425853
9.0,0.6,2.017495505826801
10.0,0.6,2.0046138501193376
11.0,0.6,1.9933574227295834
12.0,0.6,1.9834016005656223
13.0,0.6,1.9745063142456287
14.0,0.6,1.966489662275771
15.0,0.6,1.9592109356533995
16.0,0.6,1.952559329603425
17.0,0.6,1.9464462206063828
18.0,0.6,1.9407997503712635
19.0,0.6,1.9355609443038486
20.0,0.6,1.9306808757668255
21.0,0.6,1.9261185585993243
22.0,0.6,1.92183935663618
23.0,0.6,1.9178137666599955
24.0,0.6,1.9140164753400424
25.0,0.6,1.9104256200720786
26.0,0.6,1.9070222035416622
27.0,0.6,1.9037896255665923
28.0,0.6,1.9007133053969083
29.0,0.6,1.897780374491767
30.0,0.6,1.8949794247205047
31.0,0.6,1.892300300529292
32.0,0.6,1.889733926265973
33.0,0.6,1.8872721618322383
34.0,0.6,1.8849076813205663
35.0,0.6,1.882633870424223
36.0,0.6,1.8804447392757064
37.0,0.6,1.8783348480388522
38.0,0.6,1.8762992431016716
39.0,0.6,1.8743334021261817
40.0,0.6,1.8724331865347306
41.0,0.6,1.8705948002691946
42.0,0.6,1.8688147538648419
43.0,0.6,1.8670898330459735
44.0,0.6,1.8654170711840086
45.0,0.6,1.8637937250674126
46.0,0.6,1.862217253521572
47.0,0.6,1.860685298489685
48.0,0.6,1.859195668245741
49.0,0.6,1.8577463224605297
50.0,0.6,1.8563353588829574
51.0,0.6,1.8549610014335545
52.0,0.6,1.8536215895359884
53.0,0.6,1.8523155685368216
54.0,0.6,1.8510414810842675
55.0,0.6,1.8497979593541467
56.0,0.6,1.848583718026086
57.0,0.6,1.8473975479255318
58.0,0.6,1.846238310258026
59.0,0.6,1.8451049313713892
60.0,0.6,1.8439963979894332
61.0,0.6,1.8429117528676375
62.0,0.6,1.8418500908272077
63.0,0.6,1.840810555129026
64.0,0.6,1.8397923341534466
0.0,0.62,2.68634032801383
1.0,0.62,2.3921273375015133
2.0,0.62,2.2733677043091447
3.0,0.62,2.205602215722205
4.0,0.62,2.1604606379536437
5.0,0.62,2.1276043459204574
6.0,0.62,2.1022765270248818
7.0,0.62,2.0819511209010804
8.0,0.62,2.065148513756147
9.0,0.62,2.0509377469361527
10.0,0.62,2.0387001740140627
11.0,0.62,2.0280065679937955
12.0,0.62,2.0185485369380327
13.0,0.62,2.0100980149340386
14.0,0.62,2.0024821955626737
15.0,0.62,1.995567405271421
16.0,0.62,1.9892483795239453
17.0,0.62,1.9834409259767554
18.0,0.62,1.978076779253392
19.0,0.62,1.9730999134893474
20.0,0.62,1.9684638483791759
21.0,0.62,1.9641296470700496
22.0,0.62,1.9600644052050624
23.0,0.62,1.9562400947276872
24.0,0.62,1.952632667973732
25.0,0.62,1.9492213554691662
26.0,0.62,1.9459881097652705
27.0,0.62,1.9429171606889544
28.0,0.62,1.9399946565277544
29.0,0.62,1.9372083721678701
30.0,0.62,1.934547469885171
31.0,0.62,1.9320023019035188
32.0,0.62,1.9295642463533658
33.0,0.62,1.927225570141318
34.0,0.62,1.9249793136552293
35.0,0.62,1.9228191933037033
36.0,0.62,1.9207395187126126
37.0,0.62,1.9187351220376012
38.0,0.62,1.9168012973472797
39.0,0.62,1.914933748420564
40.0,0.62,1.9131285436086856
41.0,0.62,1.9113820766564262
42.0,0.62,1.9096910325722913
43.0,0.62,1.9080523577943664
44.0,0.62,1.9064632340254994
45.0,0.62,1.9049210552147335
46.0,0.62,1.9034234072461849
47.0,0.62,1.9019680499658924
48.0,0.62,1.9005529012341453
49.0,0.62,1.8991760227381946
50.0,0.62,1.8978356073395009
51.0,0.62,1.8965299677625682
52.0,0.62,1.8952575264598803
53.0,0.62,1.8940168065106722
54.0,0.62,1.8928064234307456
55.0,0.62,1.8916250777871306
56.0,0.62,1.8904715485254733
57.0,0.62,1.8893446869299466
58.0,0.62,1.8882434111458162
59.0,0.62,1.887166701203511
60.0,0.62,1.8861135944906529
61.0,0.62,1.885083181624947
62.0,0.62,1.884074602686539
63.0,0.62,1.8830870437732663
64.0,0.62,1.8821197338464657
0.0,0.64,2.68634032801383
1.0,0.64,2.407612231739004
2.0,0.64,2.2951031055567594
3.0,0.64,2.2309042216322905
4.0,0.64,2.188138516377864
5.0,0.64,2.15701150287274
6.0,0.64,2.133016727076932
7.0,0.64,2.1137610791701724
8.0,0.64,2.0978428197697094
9.0,0.64,2.0843799880455043
10.0,0.64,2.072786497908787
11.0,0.64,2.0626557132580077
12.0,0.64,2.053695473310443
13.0,0.64,2.0456897156224487
14.0,0.64,2.038474728849577
15.0,0.64,2.0319238748894426
16.0,0.64,2.0259374294444656
17.0,0.64,2.0204356313471274
18.0,0.64,2.01535380813552
19.0,0.64,2.0106388826748467
20.0,0.64,2.006246820991526
21.0,0.64,2.0021407355407748
22.0,0.64,1.998289453773945
23.0,0.64,1.994666422795379
24.0,0.64,1.9912488606074215
25.0,0.64,1.9880170908662538
26.0,0.64,1.9849540159888788
27.0,0.64,1.9820446958113163
28.0,0.64,1.9792760076586007
29.0,0.64,1.976636369843973
30.0,0.64,1.974115515049837
31.0,0.64,1.971704303277746
32.0,0.64,1.9693945664407586
33.0,0.64,1.9671789784503975
34.0,0.64,1.9650509459898926
35.0,0.64,1.9630045161831837
36.0,0.64,1.9610342981495188
37.0,0.64,1.95913539603635
38.0,0.64,1.9573033515928875
39.0,0.64,1.9555340947149464
40.0,0.64,1.9538239006826406
41.0,0.64,1.9521693530436581
42.0,0.64,1.9505673112797408
43.0,0.64,1.9490148825427593
44.0,0.64,1.9475093968669905
45.0,0.64,1.9460483853620545
46.0,0.64,1.9446295609707978
47.0,0.64,1.9432508014420995
48.0,0.64,1.9419101342225498
49.0,0.64,1.9406057230158598
50.0,0.64,1.9393358557960445
51.0,0.64,1.938098934091582
52.0,0.64,1.9368934633837724
53.0,0.64,1.9357180444845226
54.0,0.64,1.9345713657772239
55.0,0.64,1.9334521962201148
56.0,0.64,1.9323593790248605
57.0,0.64,1.9312918259343614
58.0,0.64,1.9302485120336064
59.0,0.64,1.929228471035633
60.0,0.64,1.9282307909918728
61.0,0.64,1.9272546103822568
62.0,0.64,1.92629911454587
63.0,0.64,1.9253635324175065
64.0,0.64,1.924447133539485
0.0,0.66,2.68634032801383
1.0,0.66,2.4230971259764944
2.0,0.66,2.316838506804374
3.0,0.66,2.256206227542376
4.0,0.66,2.2158163948020846
5.0,0.66,2.1864186598250233
6.0,0.66,2.163756927128982
7.0,0.66,2.1455710374392645
8.0,0.66,2.1305371257832717
9.0,0.66,2.1178222291548554
10.0,0.66,2.1068728218035115
11.0,0.66,2.0973048585222203
12.0,0.66,2.0888424096828535
13.0,0.66,2.081281416310859
14.0,0.66,2.07446726213648
15.0,0.66,2.068280344507464
16.0,0.66,2.0626264793649858
17.0,0.66,2.0574303367175
18.0,0.66,2.0526308370176487
19.0,0.66,2.0481778518603457
20.0,0.66,2.0440297936038765
21.0,0.66,2.0401518240115
22.0,0.66,2.0365145023428273
23.0,0.66,2.0330927508630707
24.0,0.66,2.0298650532411107
25.0,0.66,2.0268128262633414
26.0,0.66,2.023919922212487
27.0,0.66,2.021172230933678
28.0,0.66,2.0185573587894465
29.0,0.66,2.0160643675200762
30.0,0.66,2.0136835602145036
31.0,0.66,2.011406304651973
32.0,0.66,2.0092248865281515
33.0,0.66,2.0071323867594772
34.0,0.66,2.005122578324556
35.0,0.66,2.0031898390626637
36.0,0.66,2.001329077586425
37.0,0.66,1.999535670035099
38.0,0.66,1.9978054058384953
39.0,0.66,1.9961344410093287
40.0,0.66,1.9945192577565956
41.0,0.66,1.9929566294308898
42.0,0.66,1.9914435899871903
43.0,0.66,1.989977407291152
44.0,0.66,1.9885555597084819
45.0,0.66,1.9871757155093752
46.0,0.66,1.9858357146954106
47.0,0.66,1.9845335529183068
48.0,0.66,1.9832673672109542
49.0,0.66,1.9820354232935247
50.0,0.66,1.9808361042525882
51.0,0.66,1.9796679004205957
52.0,0.66,1.9785294003076646
53.0,0.66,1.977419282458373
54.0,0.66,1.976336308123702
55.0,0.66,1.9752793146530991
56.0,0.66,1.9742472095242476
57.0,0.66,1.9732389649387765
58.0,0.66,1.9722536129213966
59.0,0.66,1.9712902408677553
60.0,0.66,1.9703479874930925
61.0,0.66,1.9694260391395664
62.0,0.66,1.9685236264052013
63.0,0.66,1.9676400210617466
64.0,0.66,1.9667745332325042
0.0,0.68,2.68634032801383
1.0,0.68,2.4385820202139845
2.0,0.68,2.3385739080519894
3.0,0.68,2.2815082334524615
4.0,0.68,2.243494273226305
5.0,0.68,2.215825816777306
6.0,0.68,2.1944971271810316
7.0,0.68,2.1773809957083565
8.0,0.68,2.1632314317968344
9.0,0.68,2.151264470264207
10.0,0.68,2.140959145698236
11.0,0.68,2.1319540037864324
12.0,0.68,2.123989346055264
13.0,0.68,2.116873116999269
14.0,0.68,2.110459795423383
15.0,0.68,2.1046368141254854
16.0,0.68,2.099315529285506
17.0,0.68,2.0944250420878725
18.0,0.68,2.089907865899777
19.0,0.68,2.0857168210458448
20.0,0.68,2.0818127662162267
21.0,0.68,2.078162912482225
22.0,0.68,2.07473955091171
23.0,0.68,2.0715190789307623
24.0,0.68,2.0684812458748
25.0,0.68,2.065608561660429
26.0,0.68,2.0628858284360954
27.0,0.68,2.06029976605604
28.0,0.68,2.0578387099202926
29.0,0.68,2.0554923651961796
30.0,0.68,2.05325160537917
31.0,0.68,2.0511083060261996
32.0,0.68,2.0490552066155443
33.0,0.68,2.047085795068557
34.0,0.68,2.045194210659219
35.0,0.68,2.0433751619421443
36.0,0.68,2.041623857023331
37.0,0.68,2.039935944033848
38.0,0.68,2.0383074600841034
39.0,0.68,2.036734787303711
40.0,0.68,2.0352146148305508
41.0,0.68,2.0337439058181217
42.0,0.68,2.0323198686946395
43.0,0.68,2.030939932039545
44.0,0.68,2.0296017225499727
45.0,0.68,2.028303045656696
46.0,0.68,2.0270418684200235
47.0,0.68,2.025816304394514
48.0,0.68,2.024624600199359
49.0,0.68,2.0234651235711896
50.0,0.68,2.022336352709132
51.0,0.68,2.0212368667496095
52.0,0.68,2.020165337231557
53.0,0.68,2.019120520432223
54.0,0.68,2.0181012504701803
55.0,0.68,2.0171064330860835
56.0,0.68,2.016135040023635
57.0,0.68,2.0151861039431913
58.0,0.68,2.0142587138091868
59.0,0.68,2.0133520106998772
60.0,0.68,2.0124651839943124
61.0,0.68,2.011597467896876
62.0,0.68,2.0107481382645322
63.0,0.68,2.009916509705987
64.0,0.68,2.0091019329255233
0.0,0.7000000000000001,2.68634032801383
1.0,0.7000000000000001,2.4540669144514746
2.0,0.7000000000000001,2.3603093092996046
3.0,0.7000000000000001,2.306810239362547
4.0,0.7000000000000001,2.271172151650525
5.0,0.7000000000000001,2.2452329737295886
6.0,0.7000000000000001,2.2252373272330814
7.0,0.7000000000000001,2.2091909539774486
8.0,0.7000000000000001,2.1959257378103967
9.0,0.7000000000000001,2.1847067113735585
10.0,0.7000000000000001,2.175045469592961
11.0,0.7000000000000001,2.166603149050645
12.0,0.7000000000000001,2.1591362824276743
13.0,0.7000000000000001,2.152464817687679
14.0,0.7000000000000001,2.1464523287102857
15.0,0.7000000000000001,2.1409932837435073
16.0,0.7000000000000001,2.136004579206026
17.0,0.7000000000000001,2.131419747458245
18.0,0.7000000000000001,2.127184894781905
19.0,0.7000000000000001,2.1232557902313443
20.0,0.7000000000000001,2.119595738828577
21.0,0.7000000000000001,2.1161740009529506
22.0,0.7000000000000001,2.1129645994805926
23.0,0.7000000000000001,2.1099454069984542
24.0,0.7000000000000001,2.1070974385084895
25.0,0.7000000000000001,2.1044042970575165
26.0,0.7000000000000001,2.101851734659704
27.0,0.7000000000000001,2.099427301178402
28.0,0.7000000000000001,2.0971200610511387
29.0,0.7000000000000001,2.0949203628722826
30.0,0.7000000000000001,2.092819650543836
31.0,0.7000000000000001,2.0908103074004267
32.0,0.7000000000000001,2.088885526702937
33.0,0.7000000000000001,2.0870392033776364
34.0,0.7000000000000001,2.085265842993882
35.0,0.7000000000000001,2.0835604848216245
36.0,0.7000000000000001,2.0819186364602373
37.0,0.7000000000000001,2.080336218032597
38.0,0.7000000000000001,2.0788095143297114
39.0,0.7000000000000001,2.0773351335980936
40.0,0.7000000000000001,2.0759099719045055
41.0,0.7000000000000001,2.0745311822053534
42.0,0.7000000000000001,2.073196147402089
43.0,0.7000000000000001,2.071902456787938
44.0,0.7000000000000001,2.070647885391464
45.0,0.7000000000000001,2.069430375804017
46.0,0.7000000000000001,2.0682480221446364
47.0,0.7000000000000001,2.0670990558707216
48.0,0.7000000000000001,2.065981833187763
49.0,0.7000000000000001,2.0648948238488547
50.0,0.7000000000000001,2.0638366011656757
51.0,0.7000000000000001,2.062805833078623
52.0,0.7000000000000001,2.0618012741554486
53.0,0.7000000000000001,2.0608217584060737
54.0,0.7000000000000001,2.059866192816658
55.0,0.7000000000000001,2.0589335515190674
56.0,0.7000000000000001,2.058022870523022
57.0,0.7000000000000001,2.0571332429476064
58.0,0.7000000000000001,2.056263814696977
59.0,0.7000000000000001,2.0554137805319996
60.0,0.7000000000000001,2.0545823804955323
61.0,0.7000000000000001,2.0537688966541854
62.0,0.7000000000000001,2.0529726501238637
63.0,0.7000000000000001,2.0521929983502267
64.0,0.7000000000000001,2.0514293326185427
0.0,0.72,2.68634032801383
1.0,0.72,2.469551808688965
2.0,0.72,2.3820447105472193
3.0,0.72,2.3321122452726324
4.0,0.72,2.298850030074745
5.0,0.72,2.274640130681871
6.0,0.72,2.2559775272851312
7.0,0.72,2.2410009122465406
8.0,0.72,2.2286200438239585
9.0,0.72,2.2181489524829097
10.0,0.72,2.2091317934876855
11.0,0.72,2.201252294314857
12.0,0.72,2.1942832188000847
13.0,0.72,2.1880565183760887
14.0,0.72,2.1824448619971886
15.0,0.72,2.1773497533615287
16.0,0.72,2.172693629126546
17.0,0.72,2.1684144528286167
18.0,0.72,2.1644619236640334
19.0,0.72,2.160794759416843
20.0,0.72,2.1573787114409266
21.0,0.72,2.154185089423676
22.0,0.72,2.151189648049475
23.0,0.72,2.1483717350661458
24.0,0.72,2.1457136311421787
25.0,0.72,2.143200032454604
26.0,0.72,2.1408176408833124
27.0,0.72,2.138554836300764
28.0,0.72,2.1364014121819848
29.0,0.72,2.1343483605483855
30.0,0.72,2.132387695708502
31.0,0.72,2.1305123087746534
32.0,0.72,2.12871584679033
33.0,0.72,2.1269926116867155
34.0,0.72,2.125337475328545
35.0,0.72,2.123745807701105
36.0,0.72,2.1222134158971433
37.0,0.72,2.1207364920313454
38.0,0.72,2.119311568575319
39.0,0.72,2.117935479892476
40.0,0.72,2.1166053289784603
41.0,0.72,2.115318458592585
42.0,0.72,2.114072426109538
43.0,0.72,2.1128649815363305
44.0,0.72,2.111694048232955
45.0,0.72,2.110557705951338
46.0,0.72,2.1094541758692493
47.0,0.72,2.1083818073469285
48.0,0.72,2.1073390661761677
49.0,0.72,2.1063245241265194
50.0,0.72,2.105336849622219
51.0,0.72,2.104374799407637
52.0,0.72,2.1034372110793407
53.0,0.72,2.102522996379924
54.0,0.72,2.101631135163136
55.0,0.72,2.1007606699520514
56.0,0.72,2.099910701022409
57.0,0.72,2.099080381952021
58.0,0.72,2.098268915584767
59.0,0.72,2.097475550364121
60.0,0.72,2.096699576996752
61.0,0.72,2.0959403254114948
62.0,0.72,2.095197161983194
63.0,0.72,2.094469486994467
64.0,0.72,2.0937567323115616
0.0,0.74,2.68634032801383
1.0,0.74,2.4850367029264553
2.0,0.74,2.4037801117948345
3.0,0.74,2.357414251182718
4.0,0.74,2.326527908498966
5.0,0.74,2.304047287634154
6.0,0.74,2.286717727337181
7.0,0.74,2.2728108705156327
8.0,0.74,2.2613143498375208
9.0,0.74,2.2515911935922612
10.0,0.74,2.2432181173824097
11.0,0.74,2.2359014395790697
12.0,0.74,2.229430155172495
13.0,0.74,2.223648219064499
14.0,0.74,2.2184373952840915
15.0,0.74,2.21370622297955
16.0,0.74,2.2093826790470663
17.0,0.74,2.2054091581989894
18.0,0.74,2.2017389525461617
19.0,0.74,2.198333728602342
20.0,0.74,2.195161684053277
21.0,0.74,2.192196177894401
22.0,0.74,2.1894146966183574
23.0,0.74,2.1867980631338373
24.0,0.74,2.184329823775868
25.0,0.74,2.1819957678516917
26.0,0.74,2.1797835471069207
27.0,0.74,2.1776823714231255
28.0,0.74,2.175682763312831
29.0,0.74,2.173776358224489
30.0,0.74,2.1719557408731682
31.0,0.74,2.17021431014888
32.0,0.74,2.168546166877723
33.0,0.74,2.166946019995795
34.0,0.74,2.1654091076632085
35.0,0.74,2.1639311305805853
36.0,0.74,2.1625081953340497
37.0,0.74,2.1611367660300944
38.0,0.74,2.159813622820927
39.0,0.74,2.158535826186858
40.0,0.74,2.157300686052415
41.0,0.74,2.1561057349798167
42.0,0.74,2.1549487048169875
43.0,0.74,2.153827506284723
44.0,0.74,2.152740211074446
45.0,0.74,2.1516850360986584
46.0,0.74,2.150660329593862
47.0,0.74,2.149664558823136
48.0,0.74,2.148696299164572
49.0,0.74,2.1477542244041845
50.0,0.74,2.1468370980787626
51.0,0.74,2.1459437657366505
52.0,0.74,2.145073148003233
53.0,0.74,2.1442242343537745
54.0,0.74,2.1433960775096144
55.0,0.74,2.1425877883850357
56.0,0.74,2.1417985315217964
57.0,0.74,2.141027520956436
58.0,0.74,2.1402740164725573
59.0,0.74,2.139537320196243
60.0,0.74,2.1388167734979717
61.0,0.74,2.1381117541688046
62.0,0.74,2.1374216738425256
63.0,0.74,2.136745975638707
64.0,0.74,2.1360841320045805
0.0,0.76,2.68634032801383
1.0,0.76,2.5005215971639463
2.0,0.76,2.4255155130424497
3.0,0.76,2.3827162570928038
4.0,0.76,2.3542057869231865
5.0,0.76,2.333454444586437
6.0,0.76,2.3174579273892313
7.0,0.76,2.304620828784725
8.0,0.76,2.294008655851083
9.0,0.76,2.285033434701613
10.0,0.76,2.277304441277135
11.0,0.76,2.2705505848432823
12.0,0.76,2.2645770915449055
13.0,0.76,2.2592399197529094
14.0,0.76,2.254429928570995
15.0,0.76,2.250062692597572
16.0,0.76,2.246071728967587
17.0,0.76,2.2424038635693617
18.0,0.76,2.2390159814282904
19.0,0.76,2.235872697787841
20.0,0.76,2.2329446566656275
21.0,0.76,2.2302072663651265
22.0,0.76,2.2276397451872403
23.0,0.76,2.2252243912015293
24.0,0.76,2.2229460164095576
25.0,0.76,2.2207915032487793
26.0,0.76,2.2187494533305294
27.0,0.76,2.2168099065454876
28.0,0.76,2.214964114443677
29.0,0.76,2.2132043559005923
30.0,0.76,2.211523786037835
31.0,0.76,2.2099163115231075
32.0,0.76,2.208376486965116
33.0,0.76,2.206899428304875
34.0,0.76,2.205480739997872
35.0,0.76,2.204116453460066
36.0,0.76,2.202802974770956
37.0,0.76,2.2015370400288434
38.0,0.76,2.200315677066535
39.0,0.76,2.199136172481241
40.0,0.76,2.1979960431263708
41.0,0.76,2.196893011367049
42.0,0.76,2.1958249835244374
43.0,0.76,2.1947900310331163
44.0,0.76,2.193786373915937
45.0,0.76,2.1928123662459797
46.0,0.76,2.191866483318475
47.0,0.76,2.190947310299343
48.0,0.76,2.1900535321529766
49.0,0.76,2.18918392468185
50.0,0.76,2.188337346535307
51.0,0.76,2.187512732065665
52.0,0.76,2.186709084927125
53.0,0.76,2.185925472327625
54.0,0.76,2.1851610198560927
55.0,0.76,2.18441490681802
56.0,0.76,2.183686362021184
57.0,0.76,2.1829746599608515
58.0,0.76,2.1822791173603475
59.0,0.76,2.1815990900283655
60.0,0.76,2.180933969999192
61.0,0.76,2.180283182926115
62.0,0.76,2.179646185701857
63.0,0.76,2.179022464282948
64.0,0.76,2.1784115316976003
0.0,0.78,2.68634032801383
1.0,0.78,2.516006491401437
2.0,0.78,2.4472509142900645
3.0,0.78,2.4080182630028895
4.0,0.78,2.3818836653474063
5.0,0.78,2.36286160153872
6.0,0.78,2.348198127441281
7.0,0.78,2.336430787053817
8.0,0.78,2.3267029618646453
9.0,0.78,2.3184756758109644
10.0,0.78,2.3113907651718595
11.0,0.78,2.3051997301074945
12.0,0.78,2.299724027917316
13.0,0.78,2.2948316204413195
14.0,0.78,2.2904224618578977
15.0,0.78,2.2864191622155934
16.0,0.78,2.2827607788881075
17.0,0.78,2.2793985689397345
18.0,0.78,2.2762930103104186
19.0,0.78,2.2734116669733404
20.0,0.78,2.2707276292779777
21.0,0.78,2.268218354835852
22.0,0.78,2.2658647937561227
23.0,0.78,2.2636507192692212
24.0,0.78,2.2615622090432472
25.0,0.78,2.259587238645867
26.0,0.78,2.2577153595541377
27.0,0.78,2.2559374416678497
28.0,0.78,2.2542454655745234
29.0,0.78,2.2526323535766957
30.0,0.78,2.2510918312025012
31.0,0.78,2.249618312897334
32.0,0.78,2.248206807052509
33.0,0.78,2.2468528366139546
34.0,0.78,2.245552372332535
35.0,0.78,2.244301776339546
36.0,0.78,2.243097754207862
37.0,0.78,2.2419373140275924
38.0,0.78,2.240817731312143
39.0,0.78,2.2397365187756235
40.0,0.78,2.2386914002003255
41.0,0.78,2.2376802877542805
42.0,0.78,2.236701262231887
43.0,0.78,2.235752555781509
44.0,0.78,2.234832536757428
45.0,0.78,2.2339396963933007
46.0,0.78,2.233072637043088
47.0,0.78,2.2322300617755504
48.0,0.78,2.2314107651413813
49.0,0.78,2.230613624959515
50.0,0.78,2.22983759499185
51.0,0.78,2.2290816983946784
52.0,0.78,2.2283450218510175
53.0,0.78,2.2276267103014757
54.0,0.78,2.2269259622025706
55.0,0.78,2.2262420252510045
56.0,0.78,2.225574192520571
57.0,0.78,2.224921798965266
58.0,0.78,2.2242842182481377
59.0,0.78,2.2236608598604874
60.0,0.78,2.223051166500412
61.0,0.78,2.2224546116834243
62.0,0.78,2.221870697561188
63.0,0.78,2.221298952927188
64.0,0.78,2.220738931390619
0.0,0.8,2.68634032801383
1.0,0.8,2.5314913856389265
2.0,0.8,2.4689863155376797
3.0,0.8,2.433320268912975
4.0,0.8,2.409561543771627
5.0,0.8,2.3922687584910025
6.0,0.8,2.3789383274933313
7.0,0.8,2.3682407453229093
8.0,0.8,2.3593972678782076
9.0,0.8,2.351917916920316
10.0,0.8,2.345477089066584
11.0,0.8,2.3398488753717066
12.0,0.8,2.3348709642897263
13.0,0.8,2.3304233211297296
14.0,0.8,2.3264149951448005
15.0,0.8,2.322775631833615
16.0,0.8,2.3194498288086276
17.0,0.8,2.3163932743101068
18.0,0.8,2.313570039192547
19.0,0.8,2.3109506361588394
20.0,0.8,2.308510601890328
21.0,0.8,2.3062294433065773
22.0,0.8,2.304089842325005
23.0,0.8,2.3020770473369128
24.0,0.8,2.3001784016769364
25.0,0.8,2.2983829740429544
26.0,0.8,2.2966812657777465
27.0,0.8,2.2950649767902114
28.0,0.8,2.2935268167053695
29.0,0.8,2.2920603512527986
30.0,0.8,2.2906598763671675
31.0,0.8,2.2893203142715612
32.0,0.8,2.2880371271399014
33.0,0.8,2.286806244923034
34.0,0.8,2.285624004667198
35.0,0.8,2.2844870992190267
36.0,0.8,2.2833925336447685
37.0,0.8,2.2823375880263415
38.0,0.8,2.281319785557751
39.0,0.8,2.280336865070006
40.0,0.8,2.2793867572742808
41.0,0.8,2.2784675641415126
42.0,0.8,2.2775775409393364
43.0,0.8,2.276715080529902
44.0,0.8,2.2758786995989193
45.0,0.8,2.2750670265406217
46.0,0.8,2.2742787907677013
47.0,0.8,2.2735128132517577
48.0,0.8,2.2727679981297855
49.0,0.8,2.2720433252371803
50.0,0.8,2.2713378434483937
51.0,0.8,2.2706506647236924
52.0,0.8,2.269980958774909
53.0,0.8,2.269327948275326
54.0,0.8,2.268690904549049
55.0,0.8,2.2680691436839884
56.0,0.8,2.267462023019958
57.0,0.8,2.266868937969681
58.0,0.8,2.2662893191359283
59.0,0.8,2.26572262969261
60.0,0.8,2.265168363001632
61.0,0.8,2.2646260404407337
62.0,0.8,2.2640952094205193
63.0,0.8,2.263575441571428
64.0,0.8,2.2630663310836385
0.0,0.8200000000000001,2.68634032801383
1.0,0.8200000000000001,2.546976279876417
2.0,0.8200000000000001,2.490721716785295
3.0,0.8200000000000001,2.4586222748230604
4.0,0.8200000000000001,2.437239422195847
5.0,0.8200000000000001,2.421675915443285
6.0,0.8200000000000001,2.409678527545381
7.0,0.8200000000000001,2.4000507035920013
8.0,0.8200000000000001,2.39209157389177
9.0,0.8200000000000001,2.3853601580296675
10.0,0.8200000000000001,2.379563412961309
11.0,0.8200000000000001,2.374498020635919
12.0,0.8200000000000001,2.3700179006621367
13.0,0.8200000000000001,2.3660150218181393
14.0,0.8200000000000001,2.362407528431704
15.0,0.8200000000000001,2.3591321014516367
16.0,0.8200000000000001,2.3561388787291477
17.0,0.8200000000000001,2.353387979680479
18.0,0.8200000000000001,2.3508470680746756
19.0,0.8200000000000001,2.3484896053443385
20.0,0.8200000000000001,2.346293574502678
21.0,0.8200000000000001,2.3442405317773027
22.0,0.8200000000000001,2.3423148908938876
23.0,0.8200000000000001,2.3405033754046047
24.0,0.8200000000000001,2.338794594310626
25.0,0.8200000000000001,2.3371787094400425
26.0,0.8200000000000001,2.3356471720013547
27.0,0.8200000000000001,2.3341925119125735
28.0,0.8200000000000001,2.3328081678362156
29.0,0.8200000000000001,2.3314883489289016
30.0,0.8200000000000001,2.330227921531834
31.0,0.8200000000000001,2.3290223156457883
32.0,0.8200000000000001,2.327867447227294
33.0,0.8200000000000001,2.3267596532321138
34.0,0.8200000000000001,2.3256956370018615
35.0,0.8200000000000001,2.324672422098507
36.0,0.8200000000000001,2.3236873130816744
37.0,0.8200000000000001,2.32273786202509
38.0,0.8200000000000001,2.3218218398033588
39.0,0.8200000000000001,2.3209372113643885
40.0,0.8200000000000001,2.3200821143482355
41.0,0.8200000000000001,2.3192548405287443
42.0,0.8200000000000001,2.3184538196467854
43.0,0.8200000000000001,2.317677605278295
44.0,0.8200000000000001,2.3169248624404104
45.0,0.8200000000000001,2.3161943566879426
46.0,0.8200000000000001,2.3154849444923142
47.0,0.8200000000000001,2.314795564727965
48.0,0.8200000000000001,2.31412523111819
49.0,0.8200000000000001,2.313473025514845
50.0,0.8200000000000001,2.3128380919049376
51.0,0.8200000000000001,2.3122196310527063
52.0,0.8200000000000001,2.3116168956988017
53.0,0.8200000000000001,2.3110291862491765
54.0,0.8200000000000001,2.310455846895527
55.0,0.8200000000000001,2.3098962621169727
56.0,0.8200000000000001,2.3093498535193455
57.0,0.8200000000000001,2.308816076974096
58.0,0.8200000000000001,2.3082944200237185
59.0,0.8200000000000001,2.307784399524732
60.0,0.8200000000000001,2.3072855595028514
61.0,0.8200000000000001,2.3067974691980435
62.0,0.8200000000000001,2.3063197212798503
63.0,0.8200000000000001,2.3058519302156686
64.0,0.8200000000000001,2.305393730776658
0.0,0.84,2.68634032801383
1.0,0.84,2.562461174113907
2.0,0.84,2.51245711803291
3.0,0.84,2.4839242807331456
4.0,0.84,2.4649173006200673
5.0,0.84,2.451083072395568
6.0,0.84,2.440418727597431
7.0,0.84,2.4318606618610934
8.0,0.84,2.424785879905332
9.0,0.84,2.4188023991390186
10.0,0.84,2.413649736856033
11.0,0.84,2.4091471659001313
12.0,0.84,2.405164837034547
13.0,0.84,2.4016067225065494
14.0,0.84,2.3984000617186068
15.0,0.84,2.3954885710696576
16.0,0.84,2.392827928649668
17.0,0.84,2.390382685050851
18.0,0.84,2.3881240969568034
19.0,0.84,2.3860285745298375
20.0,0.84,2.3840765471150283
21.0,0.84,2.3822516202480277
22.0,0.84,2.38053993946277
23.0,0.84,2.3789297034722963
24.0,0.84,2.3774107869443153
25.0,0.84,2.3759744448371296
26.0,0.84,2.374613078224963
27.0,0.84,2.373320047034935
28.0,0.84,2.3720895189670617
29.0,0.84,2.370916346605005
30.0,0.84,2.3697959666965
31.0,0.84,2.368724317020015
32.0,0.84,2.367697767314687
33.0,0.84,2.3667130615411933
34.0,0.84,2.3657672693365246
35.0,0.84,2.3648577449779875
36.0,0.84,2.3639820925185804
37.0,0.84,2.363138136023839
38.0,0.84,2.362323894048967
39.0,0.84,2.3615375576587705
40.0,0.84,2.3607774714221903
41.0,0.84,2.360042116915976
42.0,0.84,2.3593300983542345
43.0,0.84,2.3586401300266875
44.0,0.84,2.3579710252819015
45.0,0.84,2.357321686835263
46.0,0.84,2.3566910982169267
47.0,0.84,2.356078316204172
48.0,0.84,2.3554824641065943
49.0,0.84,2.35490272579251
50.0,0.84,2.354338340361481
51.0,0.84,2.35378859738172
52.0,0.84,2.3532528326226934
53.0,0.84,2.3527304242230267
54.0,0.84,2.352220789242005
55.0,0.84,2.3517233805499567
56.0,0.84,2.3512376840187326
57.0,0.84,2.3507632159785103
58.0,0.84,2.3502995209115083
59.0,0.84,2.3498461693568538
60.0,0.84,2.3494027560040713
61.0,0.84,2.348968897955353
62.0,0.84,2.3485442331391813
63.0,0.84,2.3481284188599085
64.0,0.84,2.347721130469677
0.0,0.86,2.68634032801383
1.0,0.86,2.5779460683513977
2.0,0.86,2.534192519280525
3.0,0.86,2.509226286643231
4.0,0.86,2.4925951790442875
5.0,0.86,2.4804902293478506
6.0,0.86,2.4711589276494808
7.0,0.86,2.4636706201301855
8.0,0.86,2.4574801859188944
9.0,0.86,2.4522446402483697
10.0,0.86,2.4477360607507577
11.0,0.86,2.4437963111643435
12.0,0.86,2.4403117734069575
13.0,0.86,2.4371984231949595
14.0,0.86,2.434392595005509
15.0,0.86,2.431845040687679
16.0,0.86,2.429516978570188
17.0,0.86,2.4273773904212237
18.0,0.86,2.4254011258389316
19.0,0.86,2.4235675437153366
20.0,0.86,2.4218595197273785
21.0,0.86,2.4202627087187527
22.0,0.86,2.4187649880316524
23.0,0.86,2.4173560315399882
24.0,0.86,2.416026979578004
25.0,0.86,2.414770180234217
26.0,0.86,2.4135789844485713
27.0,0.86,2.412447582157297
28.0,0.86,2.4113708700979073
29.0,0.86,2.410344344281108
30.0,0.86,2.4093640118611663
31.0,0.86,2.4084263183942416
32.0,0.86,2.40752808740208
33.0,0.86,2.406666469850273
34.0,0.86,2.4058389016711876
35.0,0.86,2.4050430678574677
36.0,0.86,2.404276871955487
37.0,0.86,2.403538410022588
38.0,0.86,2.4028259482945744
39.0,0.86,2.402137903953153
40.0,0.86,2.4014728284961455
41.0,0.86,2.4008293933032077
42.0,0.86,2.400206377061684
43.0,0.86,2.39960265477508
44.0,0.86,2.3990171881233926
45.0,0.86,2.398449016982584
46.0,0.86,2.3978972519415396
47.0,0.86,2.397361067680379
48.0,0.86,2.3968396970949986
49.0,0.86,2.396332426070175
50.0,0.86,2.3958385888180245
51.0,0.86,2.3953575637107334
52.0,0.86,2.3948887695465855
53.0,0.86,2.3944316621968773
54.0,0.86,2.3939857315884834
55.0,0.86,2.3935504989829406
56.0,0.86,2.3931255145181196
57.0,0.86,2.3927103549829254
58.0,0.86,2.3923046217992985
59.0,0.86,2.3919079391889757
60.0,0.86,2.3915199525052913
61.0,0.86,2.3911403267126627
62.0,0.86,2.390768744998512
63.0,0.86,2.3904049075041485
64.0,0.86,2.3900485301626957
0.0,0.88,2.68634032801383
1.0,0.88,2.5934309625888883
2.0,0.88,2.55592792052814
3.0,0.88,2.534528292553317
4.0,0.88,2.520273057468508
5.0,0.88,2.5098973863001333
6.0,0.88,2.5018991277015306
7.0,0.88,2.4954805783992775
8.0,0.88,2.4901744919324567
9.0,0.88,2.4856868813577213
10.0,0.88,2.4818223846454828
11.0,0.88,2.478445456428556
12.0,0.88,2.475458709779368
13.0,0.88,2.4727901238833696
14.0,0.88,2.4703851282924125
15.0,0.88,2.468201510305701
16.0,0.88,2.4662060284907086
17.0,0.88,2.464372095791596
18.0,0.88,2.46267815472106
19.0,0.88,2.4611065129008356
20.0,0.88,2.4596424923397286
21.0,0.88,2.458273797189478
22.0,0.88,2.456990036600535
23.0,0.88,2.4557823596076798
24.0,0.88,2.4546431722116937
25.0,0.88,2.4535659156313048
26.0,0.88,2.4525448906721796
27.0,0.88,2.451575117279659
28.0,0.88,2.4506522212287534
29.0,0.88,2.449772341957211
30.0,0.88,2.4489320570258326
31.0,0.88,2.4481283197684687
32.0,0.88,2.4473584074894728
33.0,0.88,2.4466198781593524
34.0,0.88,2.4459105340058507
35.0,0.88,2.445228390736948
36.0,0.88,2.4445716513923927
37.0,0.88,2.4439386840213366
38.0,0.88,2.4433280025401825
39.0,0.88,2.4427382502475354
40.0,0.88,2.4421681855701003
41.0,0.88,2.4416166696904393
42.0,0.88,2.4410826557691334
43.0,0.88,2.4405651795234733
44.0,0.88,2.4400633509648832
45.0,0.88,2.439576347129905
46.0,0.88,2.4391034056661525
47.0,0.88,2.4386438191565865
48.0,0.88,2.438196930083403
49.0,0.88,2.43776212634784
50.0,0.88,2.4373388372745683
51.0,0.88,2.4369265300397474
52.0,0.88,2.4365247064704776
53.0,0.88,2.4361329001707275
54.0,0.88,2.4357506739349613
55.0,0.88,2.435377617415925
56.0,0.88,2.4350133450175067
57.0,0.88,2.4346574939873404
58.0,0.88,2.4343097226870887
59.0,0.88,2.4339697090210977
60.0,0.88,2.433637149006511
61.0,0.88,2.433311755469972
62.0,0.88,2.432993256857843
63.0,0.88,2.432681396148389
64.0,0.88,2.432375929855715
0.0,0.9,2.68634032801383
1.0,0.9,2.6089158568263784
2.0,0.9,2.577663321775755
3.0,0.9,2.5598302984634023
4.0,0.9,2.5479509358927284
5.0,0.9,2.5393045432524164
6.0,0.9,2.5326393277535804
7.0,0.9,2.5272905366683696
8.0,0.9,2.522868797946019
9.0,0.9,2.519129122467073
10.0,0.9,2.515908708540207
11.0,0.9,2.513094601692768
12.0,0.9,2.5106056461517783
13.0,0.9,2.5083818245717797
14.0,0.9,2.5063776615793154
15.0,0.9,2.5045579799237223
16.0,0.9,2.502895078411229
17.0,0.9,2.5013668011619683
18.0,0.9,2.499955183603188
19.0,0.9,2.4986454820863346
20.0,0.9,2.497425464952079
21.0,0.9,2.4962848856602036
22.0,0.9,2.4952150851694173
23.0,0.9,2.4942086876753713
24.0,0.9,2.493259364845383
25.0,0.9,2.4923616510283924
26.0,0.9,2.491510796895788
27.0,0.9,2.4907026524020206
28.0,0.9,2.4899335723596
29.0,0.9,2.489200339633314
30.0,0.9,2.488500102190499
31.0,0.9,2.4878303211426958
32.0,0.9,2.4871887275768656
33.0,0.9,2.486573286468432
34.0,0.9,2.485982166340514
35.0,0.9,2.485413713616428
36.0,0.9,2.484866430829299
37.0,0.9,2.484338958020085
38.0,0.9,2.4838300567857905
39.0,0.9,2.483338596541918
40.0,0.9,2.482863542644055
41.0,0.9,2.482403946077671
42.0,0.9,2.481958934476583
43.0,0.9,2.481527704271866
44.0,0.9,2.481109513806375
45.0,0.9,2.4807036772772255
46.0,0.9,2.4803095593907654
47.0,0.9,2.4799265706327938
48.0,0.9,2.479554163071808
49.0,0.9,2.479191826625505
50.0,0.9,2.478839085731112
51.0,0.9,2.4784954963687613
52.0,0.9,2.4781606433943697
53.0,0.9,2.477834138144578
54.0,0.9,2.4775156162814396
55.0,0.9,2.4772047358489093
56.0,0.9,2.476901175516894
57.0,0.9,2.4766046329917555
58.0,0.9,2.476314823574879
59.0,0.9,2.47603147885322
60.0,0.9,2.4757543455077307
61.0,0.9,2.475483184227282
62.0,0.9,2.4752177687171746
63.0,0.9,2.474957884792629
64.0,0.9,2.4747033295487344
0.0,0.92,2.68634032801383
1.0,0.92,2.624400751063869
2.0,0.92,2.5993987230233695
3.0,0.92,2.585132304373488
4.0,0.92,2.575628814316949
5.0,0.92,2.568711700204699
6.0,0.92,2.5633795278056306
7.0,0.92,2.5591004949374616
8.0,0.92,2.555563103959581
9.0,0.92,2.5525713635764244
10.0,0.92,2.5499950324349316
11.0,0.92,2.547743746956981
12.0,0.92,2.5457525825241887
13.0,0.92,2.54397352526019
14.0,0.92,2.5423701948662183
15.0,0.92,2.5409144495417437
16.0,0.92,2.539584128331749
17.0,0.92,2.53836150653234
18.0,0.92,2.537232212485317
19.0,0.92,2.5361844512718337
20.0,0.92,2.535208437564429
21.0,0.92,2.534295974130929
22.0,0.92,2.5334401337383
23.0,0.92,2.532635015743063
24.0,0.92,2.5318755574790726
25.0,0.92,2.5311573864254795
26.0,0.92,2.530476703119396
27.0,0.92,2.5298301875243827
28.0,0.92,2.529214923490446
29.0,0.92,2.5286283373094176
30.0,0.92,2.528068147355165
31.0,0.92,2.5275323225169224
32.0,0.92,2.527019047664259
33.0,0.92,2.5265266947775116
34.0,0.92,2.526053798675177
35.0,0.92,2.5255990364959087
36.0,0.92,2.525161210266205
37.0,0.92,2.5247392320188347
38.0,0.92,2.524332111031398
39.0,0.92,2.5239389428363004
40.0,0.92,2.5235588997180103
41.0,0.92,2.5231912224649027
42.0,0.92,2.5228352131840324
43.0,0.92,2.5224902290202587
44.0,0.92,2.522155676647866
45.0,0.92,2.5218310074245465
46.0,0.92,2.5215157131153783
47.0,0.92,2.5212093221090006
48.0,0.92,2.520911396060212
49.0,0.92,2.5206215269031698
50.0,0.92,2.5203393341876557
51.0,0.92,2.520064462697775
52.0,0.92,2.5197965803182614
53.0,0.92,2.5195353761184283
54.0,0.92,2.519280558627918
55.0,0.92,2.5190318542818937
56.0,0.92,2.518789006016281
57.0,0.92,2.5185517719961705
58.0,0.92,2.518319924462669
59.0,0.92,2.5180932486853416
60.0,0.92,2.5178715420089506
61.0,0.92,2.517654612984592
62.0,0.92,2.5174422805765055
63.0,0.92,2.5172343734368696
64.0,0.92,2.5170307292417533
0.0,0.9400000000000001,2.68634032801383
1.0,0.9400000000000001,2.6398856453013586
2.0,0.9400000000000001,2.6211341242709847
3.0,0.9400000000000001,2.610434310283573
4.0,0.9400000000000001,2.603306692741169
5.0,0.9400000000000001,2.5981188571569818
6.0,0.9400000000000001,2.5941197278576804
7.0,0.9400000000000001,2.5909104532065537
8.0,0.9400000000000001,2.588257409973143
9.0,0.9400000000000001,2.586013604685775
10.0,0.9400000000000001,2.584081356329656
11.0,0.9400000000000001,2.582392892221193
12.0,0.9400000000000001,2.5808995188965986
13.0,0.9400000000000001,2.5795652259485995
14.0,0.9400000000000001,2.578362728153121
15.0,0.9400000000000001,2.577270919159765
16.0,0.9400000000000001,2.576273178252269
17.0,0.9400000000000001,2.5753562119027125
18.0,0.9400000000000001,2.574509241367445
19.0,0.9400000000000001,2.5737234204573323
20.0,0.9400000000000001,2.5729914101767792
21.0,0.9400000000000001,2.5723070626016535
22.0,0.9400000000000001,2.571665182307182
23.0,0.9400000000000001,2.5710613438107544
24.0,0.9400000000000001,2.5704917501127618
25.0,0.9400000000000001,2.569953121822567
26.0,0.9400000000000001,2.5694426093430045
27.0,0.9400000000000001,2.568957722646744
28.0,0.9400000000000001,2.568496274621291
29.0,0.9400000000000001,2.5680563349855206
30.0,0.9400000000000001,2.567636192519831
31.0,0.9400000000000001,2.567234323891149
32.0,0.9400000000000001,2.5668493677516513
33.0,0.9400000000000001,2.566480103086591
34.0,0.9400000000000001,2.5661254310098403
35.0,0.9400000000000001,2.5657843593753884
36.0,0.9400000000000001,2.565455989703111
37.0,0.9400000000000001,2.5651395060175832
38.0,0.9400000000000001,2.564834165277006
39.0,0.9400000000000001,2.5645392891306824
40.0,0.9400000000000001,2.564254256791965
41.0,0.9400000000000001,2.5639784988521344
42.0,0.9400000000000001,2.5637114918914814
43.0,0.9400000000000001,2.5634527537686513
44.0,0.9400000000000001,2.5632018394893565
45.0,0.9400000000000001,2.562958337571867
46.0,0.9400000000000001,2.562721866839991
47.0,0.9400000000000001,2.562492073585208
48.0,0.9400000000000001,2.5622686290486167
49.0,0.9400000000000001,2.562051227180835
50.0,0.9400000000000001,2.5618395826441986
51.0,0.9400000000000001,2.5616334290267884
52.0,0.9400000000000001,2.5614325172421535
53.0,0.9400000000000001,2.561236614092279
54.0,0.9400000000000001,2.5610455009743953
55.0,0.9400000000000001,2.560858972714877
56.0,0.9400000000000001,2.5606768365156682
57.0,0.9400000000000001,2.5604989110005847
58.0,0.9400000000000001,2.5603250253504592
59.0,0.9400000000000001,2.5601550185174635
60.0,0.9400000000000001,2.5599887385101705
61.0,0.9400000000000001,2.559826041741901
62.0,0.9400000000000001,2.5596667924358365
63.0,0.9400000000000001,2.559510862081109
64.0,0.9400000000000001,2.559358128934772
0.0,0.96,2.68634032801383
1.0,0.96,2.655370539538849
2.0,0.96,2.6428695255186
3.0,0.96,2.6357363161936584
4.0,0.96,2.630984571165389
5.0,0.96,2.627526014109264
6.0,0.96,2.62485992790973
7.0,0.96,2.6227204114756457
8.0,0.96,2.6209517159867053
9.0,0.96,2.6194558457951267
10.0,0.96,2.618167680224381
11.0,0.96,2.617042037485405
12.0,0.96,2.616046455269009
13.0,0.96,2.61515692663701
14.0,0.96,2.614355261440024
15.0,0.96,2.613627388777787
16.0,0.96,2.6129622281727896
17.0,0.96,2.612350917273085
18.0,0.96,2.611786270249573
19.0,0.96,2.6112623896428313
20.0,0.96,2.6107743827891294
21.0,0.96,2.6103181510723794
22.0,0.96,2.609890230876065
23.0,0.96,2.6094876718784463
24.0,0.96,2.609107942746451
25.0,0.96,2.6087488572196547
26.0,0.96,2.6084085155666132
27.0,0.96,2.608085257769106
28.0,0.96,2.6077776257521377
29.0,0.96,2.6074843326616235
30.0,0.96,2.6072042376844973
31.0,0.96,2.606936325265376
32.0,0.96,2.606679687839044
33.0,0.96,2.6064335113956707
34.0,0.96,2.6061970633445033
35.0,0.96,2.6059696822548695
36.0,0.96,2.6057507691400175
37.0,0.96,2.6055397800163322
38.0,0.96,2.605336219522614
39.0,0.96,2.6051396354250653
40.0,0.96,2.60494961386592
41.0,0.96,2.6047657752393665
42.0,0.96,2.604587770598931
43.0,0.96,2.604415278517044
44.0,0.96,2.6042480023308476
45.0,0.96,2.604085667719188
46.0,0.96,2.603928020564604
47.0,0.96,2.6037748250614157
48.0,0.96,2.603625862037021
49.0,0.96,2.6034809274585
50.0,0.96,2.6033398311007425
51.0,0.96,2.6032023953558023
52.0,0.96,2.6030684541660456
53.0,0.96,2.6029378520661295
54.0,0.96,2.6028104433208736
55.0,0.96,2.6026860911478615
56.0,0.96,2.6025646670150557
57.0,0.96,2.6024460500049997
58.0,0.96,2.6023301262382494
59.0,0.96,2.6022167883495855
60.0,0.96,2.6021059350113904
61.0,0.96,2.6019974704992106
62.0,0.96,2.6018913042951675
63.0,0.96,2.6017873507253495
64.0,0.96,2.6016855286277916
0.0,0.98,2.68634032801383
1.0,0.98,2.6708554337763397
2.0,0.98,2.6646049267662146
3.0,0.98,2.6610383221037446
4.0,0.98,2.6586624495896096
5.0,0.98,2.656933171061547
6.0,0.98,2.65560012796178
7.0,0.98,2.6545303697447378
8.0,0.98,2.6536460220002676
9.0,0.98,2.6528980869044783
10.0,0.98,2.652254004119105
11.0,0.98,2.6516911827496177
12.0,0.98,2.6511933916414194
13.0,0.98,2.6507486273254197
14.0,0.98,2.650347794726927
15.0,0.98,2.649983858395808
16.0,0.98,2.6496512780933092
17.0,0.98,2.6493456226434575
18.0,0.98,2.6490632991317016
19.0,0.98,2.648801358828331
20.0,0.98,2.6485573554014796
21.0,0.98,2.648329239543105
22.0,0.98,2.648115279444947
23.0,0.98,2.647913999946138
24.0,0.98,2.6477241353801406
25.0,0.98,2.6475445926167422
26.0,0.98,2.6473744217902215
27.0,0.98,2.6472127928914677
28.0,0.98,2.6470589768829837
29.0,0.98,2.646912330337727
30.0,0.98,2.646772282849164
31.0,0.98,2.646638326639603
32.0,0.98,2.6465100079264374
33.0,0.98,2.6463869197047503
34.0,0.98,2.646268695679167
35.0,0.98,2.6461550051343496
36.0,0.98,2.6460455485769234
37.0,0.98,2.645940054015081
38.0,0.98,2.645838273768222
39.0,0.98,2.6457399817194474
40.0,0.98,2.645644970939875
41.0,0.98,2.645553051626598
42.0,0.98,2.6454640493063803
43.0,0.98,2.645377803265437
44.0,0.98,2.6452941651723387
45.0,0.98,2.6452129978665093
46.0,0.98,2.645134174289217
47.0,0.98,2.645057576537623
48.0,0.98,2.6449830950254256
49.0,0.98,2.6449106277361647
50.0,0.98,2.6448400795572864
51.0,0.98,2.644771361684816
52.0,0.98,2.644704391089938
53.0,0.98,2.644639090039979
54.0,0.98,2.6445753856673515
55.0,0.98,2.6445132095808455
56.0,0.98,2.6444524975144423
57.0,0.98,2.644393189009415
58.0,0.98,2.6443352271260396
59.0,0.98,2.644278558181708
60.0,0.98,2.64422313151261
61.0,0.98,2.6441688992565204
62.0,0.98,2.644115816154499
63.0,0.98,2.6440638393695894
64.0,0.98,2.644012928320811
0.0,1.0,2.68634032801383
1.0,1.0,2.68634032801383
2.0,1.0,2.68634032801383
3.0,1.0,2.68634032801383
4.0,1.0,2.68634032801383
5.0,1.0,2.68634032801383
6.0,1.0,2.68634032801383
7.0,1.0,2.68634032801383
8.0,1.0,2.68634032801383
9.0,1.0,2.68634032801383
10.0,1.0,2.68634032801383
11.0,1.0,2.68634032801383
12.0,1.0,2.68634032801383
13.0,1.0,2.68634032801383
14.0,1.0,2.68634032801383
15.0,1.0,2.68634032801383
16.0,1.0,2.68634032801383
17.0,1.0,2.68634032801383
18.0,1.0,2.68634032801383
19.0,1.0,2.68634032801383
20.0,1.0,2.68634032801383
21.0,1.0,2.68634032801383
22.0,1.0,2.68634032801383
23.0,1.0,2.68634032801383
24.0,1.0,2.68634032801383
25.0,1.0,2.68634032801383
26.0,1.0,2.68634032801383
27.0,1.0,2.68634032801383
28.0,1.0,2.68634032801383
29.0,1.0,2.68634032801383
30.0,1.0,2.68634032801383
31.0,1.0,2.68634032801383
32.0,1.0,2.68634032801383
33.0,1.0,2.68634032801383
34.0,1.0,2.68634032801383
35.0,1.0,2.68634032801383
36.0,1.0,2.68634032801383
37.0,1.0,2.68634032801383
38.0,1.0,2.68634032801383
39.0,1.0,2.68634032801383
40.0,1.0,2.68634032801383
41.0,1.0,2.68634032801383
42.0,1.0,2.68634032801383
43.0,1.0,2.68634032801383
44.0,1.0,2.68634032801383
45.0,1.0,2.68634032801383
46.0,1.0,2.68634032801383
47.0,1.0,2.68634032801383
48.0,1.0,2.68634032801383
49.0,1.0,2.68634032801383
50.0,1.0,2.68634032801383
51.0,1.0,2.68634032801383
52.0,1.0,2.68634032801383
53.0,1.0,2.68634032801383
54.0,1.0,2.68634032801383
55.0,1.0,2.68634032801383
56.0,1.0,2.68634032801383
57.0,1.0,2.68634032801383
58.0,1.0,2.68634032801383
59.0,1.0,2.68634032801383
60.0,1.0,2.68634032801383
61.0,1.0,2.68634032801383
62.0,1.0,2.68634032801383
63.0,1.0,2.68634032801383
64.0,1.0,2.68634032801383
