rank,HDOCK_score_arbitrary_units,residue_pairs_under_5A,interchain_heavy_atom_pairs_under_2A,ligand_backbone_RMSD_A,interface_backbone_RMSD_A,fraction_native_contacts,recovered_native_contacts
1,-343.38,75,0,1.1364593790421125,0.37179290493622696,0.9859154929577465,70
2,-251.24,47,0,47.7404493219614,17.695412038297235,0.0,0
3,-229.4,64,1,18.112083254533392,7.047768988886731,0.08450704225352113,6
4,-227.97,52,2,44.11612580771247,15.662050106741754,0.0,0
5,-227.7,51,0,28.528602474981692,9.212862492831675,0.0,0
6,-225.84,52,1,5.170554721464568,1.354919073676829,0.704225352112676,50
7,-225.56,74,4,23.54017236374648,7.679669517090482,0.056338028169014086,4
8,-225.34,58,1,4.965579496832335,1.4729000717661105,0.6338028169014085,45
9,-221.42,64,1,46.81967886340464,15.608354183434686,0.0,0
10,-220.68,45,1,45.96053343815987,16.498504455744268,0.0,0
11,-217.94,49,0,48.53027406220977,16.31605081237479,0.0,0
12,-215.59,44,0,47.19688738840999,17.467757846076477,0.0,0
13,-214.14,53,0,47.97228410887206,16.702317480232658,0.0,0
14,-212.71,58,3,45.95953298439417,16.128781398825552,0.0,0
15,-212.0,44,0,31.721629537356975,10.669899211727758,0.014084507042253521,1
16,-209.14,54,2,33.889650422520404,12.381505256287992,0.0,0
17,-209.14,56,3,44.7526158008217,15.826370852636819,0.0,0
18,-209.03,50,0,44.20892356374325,16.319568693245134,0.0,0
19,-204.87,58,0,34.99278324450354,11.748647960627308,0.014084507042253521,1
20,-202.62,60,0,41.053858462960676,13.92408837886063,0.0,0
21,-202.42,50,2,47.49251216003714,16.910746340891343,0.0,0
22,-202.07,52,1,49.44872463396331,17.674719729229572,0.0,0
23,-200.14,54,2,45.044333683723615,15.940551767031655,0.0,0
24,-198.58,61,3,47.30573893983282,16.617972492622933,0.0,0
25,-198.46,71,3,38.86750493520643,12.309109571822454,0.0,0
26,-198.37,78,3,16.852606311626722,6.654877675079667,0.1267605633802817,9
27,-196.9,42,0,45.44005021179003,15.753700262105092,0.0,0
28,-196.71,64,3,39.09018973252071,13.020433407754364,0.0,0
29,-196.5,54,4,40.438830465468364,14.29707131469815,0.0,0
30,-196.41,41,3,34.198912957248304,11.67074712092006,0.0,0
31,-196.14,51,3,46.137936437348465,15.324765521945594,0.0,0
32,-195.4,52,2,48.28076915547928,15.751319266714626,0.0,0
33,-195.27,51,1,20.275624472635094,9.147457023933454,0.0,0
34,-193.44,58,2,36.160980617999265,13.926577484650728,0.0,0
35,-193.33,53,3,44.87114227115334,16.54663043599824,0.0,0
36,-193.08,39,0,50.41722064618565,16.190850623147526,0.0,0
37,-192.35,52,2,46.65347331959234,16.141332415706746,0.0,0
38,-192.0,47,1,50.583050678898765,16.44846754226877,0.0,0
39,-190.65,53,0,52.953502568994125,17.432949209781036,0.0,0
40,-190.56,65,1,19.87690761901058,9.27627828434348,0.0,0
41,-190.41,52,0,27.731409310198913,8.822391027314623,0.09859154929577464,7
42,-190.29,50,0,42.5392741294767,15.180543771604391,0.0,0
43,-190.27,51,2,33.03963149909128,12.248939419895425,0.0,0
44,-189.61,44,0,47.315204118288634,15.434174409054444,0.0,0
45,-189.11,52,5,45.13056405668411,15.515435649229707,0.0,0
46,-189.1,70,5,41.02282296439489,15.082043492282725,0.0,0
47,-189.07,55,1,20.78650318383787,8.950184898465166,0.014084507042253521,1
48,-188.86,38,1,42.40793513061621,14.898643391184875,0.0,0
49,-188.71,57,1,19.231934161452028,8.41031378089151,0.0,0
50,-188.53,54,1,21.04949048342268,9.076547563694264,0.0,0
51,-188.45,49,1,46.91779511289206,15.9746335046291,0.0,0
52,-188.33,43,1,45.81774068204854,15.774674161824551,0.0,0
53,-187.71,54,3,40.39424057258868,14.520723818567351,0.0,0
54,-187.22,57,1,10.051336778619751,4.548853768083141,0.07042253521126761,5
55,-186.77,41,0,24.398906022846635,9.9185005729538,0.0,0
56,-186.73,53,3,35.13042048029513,10.905932417604369,0.0,0
57,-186.67,45,0,46.595501163248095,16.689079886966184,0.0,0
58,-185.32,41,1,49.17733094719989,17.897228984917646,0.0,0
59,-185.06,49,1,54.945871703286684,16.972002467366345,0.0,0
60,-184.92,47,0,26.36549972007664,9.175352953798273,0.014084507042253521,1
61,-184.79,46,3,33.292278366299115,10.19797442146598,0.0,0
62,-184.58,42,0,47.67742298972846,16.44623029881512,0.0,0
63,-183.12,43,3,43.92508937571889,16.56681996422879,0.0,0
64,-181.99,34,0,52.19749156573826,17.55430446905834,0.0,0
65,-181.98,56,2,28.91877591119872,10.591167078835596,0.0,0
66,-181.57,43,0,43.846706094897705,14.978379051037603,0.0,0
67,-180.36,52,5,36.34348992686075,11.492391129834548,0.0,0
68,-180.14,64,1,47.05646900686043,15.43108419186897,0.0,0
69,-179.75,52,3,47.71620812562851,15.736349967791288,0.0,0
70,-179.61,51,1,17.23435893279666,4.976948594488225,0.16901408450704225,12
71,-179.58,53,1,35.90463646481068,11.94333182614509,0.014084507042253521,1
72,-179.34,51,1,44.918292578882905,16.31158864067416,0.0,0
73,-179.22,33,0,44.109210710643595,12.575982495828768,0.0,0
74,-179.09,48,2,49.73408297438679,17.785255189658344,0.0,0
75,-179.08,37,0,46.59938063343988,15.664790743331775,0.0,0
76,-178.99,45,2,41.97031604452913,15.502048021179148,0.0,0
77,-178.77,37,0,47.91102583574033,15.48657695932273,0.0,0
78,-177.96,51,1,16.933610941751194,6.644247200307754,0.0,0
79,-177.89,45,1,22.169611099142763,9.745921949866242,0.014084507042253521,1
80,-177.84,50,1,50.32550728338251,17.971508734977384,0.0,0
81,-177.54,38,2,51.81343304013211,17.170179870863507,0.0,0
82,-177.19,55,1,49.79352949286063,18.04964086248245,0.0,0
83,-176.95,46,0,31.36996706949959,9.439840559783303,0.04225352112676056,3
84,-176.7,46,0,50.95861804095177,18.42152555557377,0.0,0
85,-176.69,45,1,47.84515963429164,16.376495366762388,0.0,0
86,-176.29,52,1,35.54943907740437,12.629371833955531,0.028169014084507043,2
87,-176.2,52,0,19.896126836808786,9.323911365277086,0.0,0
88,-176.16,50,1,43.55966792094469,16.220793037685347,0.0,0
89,-176.03,44,3,40.96579885196658,14.689612557159908,0.0,0
90,-175.85,39,1,45.53417496986378,15.594944054648668,0.0,0
91,-175.78,56,1,35.49464856645833,11.89752318678967,0.0,0
92,-175.4,40,1,50.08871282263821,16.699784387460458,0.0,0
93,-175.19,63,1,43.68272392838147,15.136343782389444,0.0,0
94,-175.16,44,2,32.69081668743515,11.788567519616075,0.0,0
95,-175.15,34,0,47.23964559674831,16.071121016227362,0.0,0
96,-174.81,63,2,47.96259211409648,16.908937930776258,0.0,0
97,-174.73,54,1,30.793811464750434,11.841199491891684,0.0,0
98,-174.28,38,1,26.405827521711615,11.198980579687639,0.0,0
99,-174.21,49,1,44.38269547405331,16.423908628478845,0.0,0
100,-174.18,40,0,51.047555185430504,17.283111853050805,0.0,0
