rank,HDOCK_score_arbitrary_units,residue_pairs_under_5A,interchain_heavy_atom_pairs_under_2A,Elafin_A24_C_to_NE_S195_OG_A
1,-229.06,76,4,19.28551801222876
2,-219.68,62,1,25.135988721353293
3,-212.56,60,3,38.58983849409065
4,-210.4,57,1,11.752079347928177
5,-209.61,55,2,34.648075877312436
6,-207.68,58,1,28.64722199446222
7,-207.03,68,5,27.700028501790392
8,-206.53,64,1,14.750645070640132
9,-204.54,61,2,15.645093352230276
10,-201.1,55,2,24.52977769976728
11,-200.9,80,6,29.95468886501744
12,-200.62,45,1,17.310756453719755
13,-199.4,61,3,18.55310327142066
14,-199.02,66,0,15.311722339436542
15,-198.95,47,1,27.145522319528133
16,-198.52,44,1,16.95189667854308
17,-198.44,59,0,38.021765201000335
18,-196.72,56,1,22.938415507615158
19,-195.39,37,0,14.531710635709755
20,-194.77,69,2,25.20847821666354
21,-194.63,58,1,26.705021494093582
22,-193.51,56,2,28.36144675435299
23,-190.52,54,1,28.621440459906974
24,-190.21,57,1,11.300548791983513
25,-189.99,43,0,22.783746267898955
26,-189.28,50,1,34.10174841558714
27,-188.61,52,0,46.83373545853459
28,-188.38,64,1,27.90998090289565
29,-187.98,56,0,3.2977439257771373
30,-187.91,64,2,25.429607566771455
31,-187.66,62,4,25.07684230520261
32,-187.38,51,0,30.875499558711596
33,-186.24,54,3,8.308732394294571
34,-185.88,51,3,27.657047890185236
35,-184.88,43,0,30.589385789845473
36,-184.8,44,2,29.39773637544225
37,-184.65,48,1,31.61263388267419
38,-184.49,47,0,48.97250928837524
39,-184.35,72,5,29.118503086525585
40,-183.84,63,2,24.96629487929677
41,-183.52,53,2,37.43099425609745
42,-183.39,55,2,30.98624143067371
43,-183.32,48,3,28.93641836855419
44,-182.48,60,0,23.103290350077845
45,-182.42,67,1,7.586405209320154
46,-182.4,52,0,22.014855779677504
47,-182.28,70,3,10.684503966024813
48,-181.98,59,1,17.549874928329263
49,-181.78,57,5,16.879387696240645
50,-181.02,53,1,28.973524984026366
51,-180.43,45,1,36.448233948985774
52,-180.13,42,0,15.069696645918256
53,-179.8,38,0,18.684627612023743
54,-179.79,52,0,18.638020576230726
55,-178.31,39,1,16.896182912125447
56,-177.96,50,1,32.46358134895163
57,-177.77,39,0,29.910448542273652
58,-177.74,46,0,29.03690012725188
59,-177.7,49,1,27.026629405088606
60,-177.68,63,0,36.04988302338858
61,-177.65,47,0,31.263071010379004
62,-177.55,52,0,40.710442665242546
63,-177.45,52,1,30.338983733803612
64,-176.73,62,4,3.1577824497580593
65,-176.35,72,0,21.842819048831583
66,-176.24,48,0,30.325474769572857
67,-176.19,53,0,25.538345698184916
68,-175.99,59,1,34.882418809480505
69,-175.67,36,0,18.130544696726577
70,-175.58,54,1,13.83697401891035
71,-175.49,48,0,9.854492731744239
72,-175.4,37,0,33.95876636451919
73,-175.18,45,1,21.973553422239195
74,-175.13,60,2,25.020381551846885
75,-175.07,56,6,36.6083444586067
76,-175.05,54,0,32.734064000670614
77,-174.8,53,4,26.89856384642124
78,-174.69,60,2,11.880886078066736
79,-174.55,43,1,11.683643738149497
80,-174.49,40,1,10.500657788919701
81,-174.05,50,0,28.407404263677456
82,-174.02,64,1,25.487834529437766
83,-173.92,45,1,33.59044511464533
84,-173.83,41,1,34.47337611839027
85,-173.63,53,1,45.289074410943755
86,-173.45,52,2,24.1652337046427
87,-173.37,70,1,19.537140988384152
88,-173.25,54,2,29.368478663356058
89,-173.18,60,4,24.25380580445057
90,-173.07,48,1,29.940452184294074
91,-173.06,37,1,13.112030201307498
92,-172.83,57,0,22.581395749598826
93,-172.54,41,0,23.235903554628564
94,-172.45,58,1,28.795065462679535
95,-172.36,57,1,27.320908714755447
96,-171.8,44,0,13.252336925991575
97,-171.78,46,3,29.517046955954108
98,-171.73,57,2,33.5104021014371
99,-171.68,52,0,20.115015535663893
100,-171.33,36,0,15.94138742393522
