scenario,time_s,free,attached,exited,shed,total
reversible,0.0,4000,0,0,0,4000
reversible,1.0,3949,51,0,0,4000
reversible,2.0,3904,96,0,0,4000
reversible,3.0,3866,133,0,1,4000
reversible,4.0,3832,167,0,1,4000
reversible,5.0,3800,199,0,1,4000
reversible,6.0,3773,226,0,1,4000
reversible,7.0,3733,265,0,2,4000
reversible,8.0,3704,293,0,3,4000
reversible,9.0,3677,319,0,4,4000
reversible,10.0,3644,351,0,5,4000
reversible,11.0,3605,385,3,7,4000
reversible,12.0,3437,415,138,10,4000
reversible,13.0,2957,444,589,10,4000
reversible,14.0,2404,482,1104,10,4000
reversible,15.0,2021,516,1453,10,4000
reversible,16.0,1746,546,1698,10,4000
reversible,17.0,1501,576,1913,10,4000
reversible,18.0,1305,599,2085,11,4000
reversible,19.0,1119,617,2253,11,4000
reversible,20.0,974,624,2387,15,4000
reversible,21.0,816,641,2526,17,4000
reversible,22.0,702,643,2638,17,4000
reversible,23.0,610,652,2721,17,4000
reversible,24.0,512,662,2807,19,4000
reversible,25.0,436,670,2873,21,4000
reversible,26.0,366,670,2943,21,4000
reversible,27.0,308,675,2993,24,4000
reversible,28.0,250,676,3049,25,4000
reversible,29.0,209,677,3089,25,4000
reversible,30.0,175,676,3123,26,4000
reversible,31.0,147,678,3148,27,4000
reversible,32.0,129,676,3165,30,4000
reversible,33.0,109,674,3185,32,4000
reversible,34.0,92,673,3200,35,4000
reversible,35.0,79,671,3214,36,4000
reversible,36.0,67,666,3230,37,4000
reversible,37.0,58,667,3238,37,4000
reversible,38.0,51,664,3246,39,4000
reversible,39.0,52,655,3249,44,4000
reversible,40.0,48,651,3255,46,4000
reversible,41.0,45,648,3260,47,4000
reversible,42.0,37,646,3268,49,4000
reversible,43.0,37,641,3269,53,4000
reversible,44.0,37,639,3270,54,4000
reversible,45.0,40,635,3271,54,4000
reversible,46.0,40,632,3274,54,4000
reversible,47.0,37,627,3278,58,4000
reversible,48.0,33,626,3283,58,4000
reversible,49.0,32,624,3285,59,4000
reversible,50.0,33,617,3287,63,4000
reversible,51.0,34,612,3290,64,4000
reversible,52.0,34,610,3292,64,4000
reversible,53.0,34,607,3294,65,4000
reversible,54.0,33,603,3298,66,4000
reversible,55.0,29,602,3300,69,4000
reversible,56.0,30,601,3300,69,4000
reversible,57.0,30,598,3301,71,4000
reversible,58.0,32,594,3302,72,4000
reversible,59.0,29,593,3304,74,4000
reversible,60.0,31,590,3305,74,4000
reversible,61.0,31,585,3307,77,4000
reversible,62.0,33,581,3308,78,4000
reversible,63.0,35,578,3309,78,4000
reversible,64.0,36,576,3310,78,4000
reversible,65.0,36,572,3312,80,4000
reversible,66.0,35,569,3313,83,4000
reversible,67.0,38,566,3313,83,4000
reversible,68.0,38,561,3318,83,4000
reversible,69.0,36,558,3321,85,4000
reversible,70.0,38,552,3322,88,4000
reversible,71.0,39,548,3322,91,4000
reversible,72.0,35,544,3329,92,4000
reversible,73.0,37,541,3329,93,4000
reversible,74.0,36,540,3330,94,4000
reversible,75.0,37,538,3330,95,4000
reversible,76.0,37,536,3331,96,4000
reversible,77.0,37,531,3335,97,4000
reversible,78.0,37,528,3337,98,4000
reversible,79.0,38,524,3339,99,4000
reversible,80.0,39,520,3341,100,4000
reversible,81.0,36,518,3345,101,4000
reversible,82.0,27,518,3353,102,4000
reversible,83.0,30,511,3354,105,4000
reversible,84.0,29,509,3356,106,4000
reversible,85.0,25,508,3361,106,4000
reversible,86.0,20,512,3362,106,4000
reversible,87.0,18,513,3363,106,4000
reversible,88.0,24,505,3363,108,4000
reversible,89.0,25,502,3365,108,4000
reversible,90.0,28,497,3366,109,4000
reversible,91.0,27,497,3367,109,4000
reversible,92.0,28,495,3368,109,4000
reversible,93.0,30,490,3370,110,4000
reversible,94.0,29,488,3373,110,4000
reversible,95.0,29,488,3373,110,4000
reversible,96.0,25,485,3378,112,4000
reversible,97.0,24,483,3381,112,4000
reversible,98.0,25,480,3381,114,4000
reversible,99.0,26,478,3382,114,4000
reversible,100.0,27,474,3383,116,4000
reversible,101.0,32,468,3384,116,4000
reversible,102.0,34,464,3385,117,4000
reversible,103.0,32,462,3387,119,4000
reversible,104.0,31,460,3390,119,4000
reversible,105.0,34,454,3392,120,4000
reversible,106.0,33,450,3396,121,4000
reversible,107.0,35,447,3396,122,4000
reversible,108.0,34,445,3399,122,4000
reversible,109.0,38,440,3400,122,4000
reversible,110.0,40,437,3400,123,4000
reversible,111.0,43,434,3400,123,4000
reversible,112.0,46,429,3402,123,4000
reversible,113.0,45,428,3404,123,4000
reversible,114.0,44,424,3406,126,4000
reversible,115.0,44,424,3406,126,4000
reversible,116.0,42,422,3410,126,4000
reversible,117.0,41,419,3412,128,4000
reversible,118.0,39,416,3416,129,4000
reversible,119.0,36,414,3420,130,4000
reversible,120.0,39,410,3421,130,4000
reversible,121.0,37,408,3423,132,4000
reversible,122.0,36,403,3426,135,4000
reversible,123.0,33,402,3430,135,4000
reversible,124.0,37,396,3432,135,4000
reversible,125.0,38,395,3432,135,4000
reversible,126.0,33,394,3435,138,4000
reversible,127.0,32,395,3435,138,4000
reversible,128.0,29,393,3440,138,4000
reversible,129.0,27,393,3442,138,4000
reversible,130.0,27,391,3443,139,4000
reversible,131.0,27,390,3444,139,4000
reversible,132.0,21,389,3450,140,4000
reversible,133.0,24,386,3450,140,4000
reversible,134.0,24,385,3451,140,4000
reversible,135.0,22,385,3453,140,4000
reversible,136.0,21,381,3454,144,4000
reversible,137.0,19,376,3459,146,4000
reversible,138.0,22,373,3459,146,4000
reversible,139.0,25,369,3459,147,4000
reversible,140.0,28,365,3460,147,4000
reversible,141.0,30,360,3460,150,4000
reversible,142.0,26,363,3461,150,4000
reversible,143.0,27,359,3464,150,4000
reversible,144.0,27,357,3465,151,4000
reversible,145.0,30,351,3466,153,4000
reversible,146.0,31,350,3466,153,4000
reversible,147.0,29,349,3468,154,4000
reversible,148.0,28,348,3470,154,4000
reversible,149.0,27,348,3471,154,4000
reversible,150.0,27,345,3473,155,4000
reversible,151.0,26,342,3474,158,4000
reversible,152.0,27,338,3475,160,4000
reversible,153.0,27,335,3477,161,4000
reversible,154.0,26,333,3479,162,4000
reversible,155.0,24,333,3481,162,4000
reversible,156.0,24,331,3483,162,4000
reversible,157.0,23,331,3484,162,4000
reversible,158.0,21,329,3487,163,4000
reversible,159.0,20,328,3489,163,4000
reversible,160.0,21,325,3491,163,4000
reversible,161.0,20,325,3492,163,4000
reversible,162.0,18,324,3493,165,4000
reversible,163.0,19,320,3495,166,4000
reversible,164.0,20,319,3495,166,4000
reversible,165.0,18,317,3499,166,4000
reversible,166.0,19,314,3499,168,4000
reversible,167.0,20,313,3499,168,4000
reversible,168.0,21,310,3500,169,4000
reversible,169.0,19,310,3502,169,4000
reversible,170.0,18,310,3503,169,4000
reversible,171.0,19,309,3503,169,4000
reversible,172.0,19,309,3503,169,4000
reversible,173.0,23,305,3503,169,4000
reversible,174.0,21,305,3505,169,4000
reversible,175.0,20,305,3506,169,4000
reversible,176.0,20,303,3508,169,4000
reversible,177.0,19,302,3509,170,4000
reversible,178.0,21,299,3510,170,4000
reversible,179.0,24,296,3510,170,4000
reversible,180.0,22,295,3512,171,4000
no-binding,0.0,4000,0,0,0,4000
no-binding,1.0,4000,0,0,0,4000
no-binding,2.0,4000,0,0,0,4000
no-binding,3.0,4000,0,0,0,4000
no-binding,4.0,4000,0,0,0,4000
no-binding,5.0,4000,0,0,0,4000
no-binding,6.0,4000,0,0,0,4000
no-binding,7.0,4000,0,0,0,4000
no-binding,8.0,4000,0,0,0,4000
no-binding,9.0,4000,0,0,0,4000
no-binding,10.0,4000,0,0,0,4000
no-binding,11.0,3995,0,5,0,4000
no-binding,12.0,3853,0,147,0,4000
no-binding,13.0,3373,0,627,0,4000
no-binding,14.0,2866,0,1134,0,4000
no-binding,15.0,2535,0,1465,0,4000
no-binding,16.0,2284,0,1716,0,4000
no-binding,17.0,2087,0,1913,0,4000
no-binding,18.0,1875,0,2125,0,4000
no-binding,19.0,1704,0,2296,0,4000
no-binding,20.0,1515,0,2485,0,4000
no-binding,21.0,1357,0,2643,0,4000
no-binding,22.0,1190,0,2810,0,4000
no-binding,23.0,1061,0,2939,0,4000
no-binding,24.0,937,0,3063,0,4000
no-binding,25.0,825,0,3175,0,4000
no-binding,26.0,743,0,3257,0,4000
no-binding,27.0,639,0,3361,0,4000
no-binding,28.0,527,0,3473,0,4000
no-binding,29.0,463,0,3537,0,4000
no-binding,30.0,396,0,3604,0,4000
no-binding,31.0,348,0,3652,0,4000
no-binding,32.0,283,0,3717,0,4000
no-binding,33.0,236,0,3764,0,4000
no-binding,34.0,194,0,3806,0,4000
no-binding,35.0,148,0,3852,0,4000
no-binding,36.0,119,0,3881,0,4000
no-binding,37.0,95,0,3905,0,4000
no-binding,38.0,79,0,3921,0,4000
no-binding,39.0,65,0,3935,0,4000
no-binding,40.0,55,0,3945,0,4000
no-binding,41.0,41,0,3959,0,4000
no-binding,42.0,33,0,3967,0,4000
no-binding,43.0,28,0,3972,0,4000
no-binding,44.0,20,0,3980,0,4000
no-binding,45.0,15,0,3985,0,4000
no-binding,46.0,11,0,3989,0,4000
no-binding,47.0,8,0,3992,0,4000
no-binding,48.0,7,0,3993,0,4000
no-binding,49.0,4,0,3996,0,4000
no-binding,50.0,3,0,3997,0,4000
no-binding,51.0,1,0,3999,0,4000
no-binding,52.0,1,0,3999,0,4000
no-binding,53.0,1,0,3999,0,4000
no-binding,54.0,1,0,3999,0,4000
no-binding,55.0,1,0,3999,0,4000
no-binding,56.0,0,0,4000,0,4000
no-binding,57.0,0,0,4000,0,4000
no-binding,58.0,0,0,4000,0,4000
no-binding,59.0,0,0,4000,0,4000
no-binding,60.0,0,0,4000,0,4000
no-binding,61.0,0,0,4000,0,4000
no-binding,62.0,0,0,4000,0,4000
no-binding,63.0,0,0,4000,0,4000
no-binding,64.0,0,0,4000,0,4000
no-binding,65.0,0,0,4000,0,4000
no-binding,66.0,0,0,4000,0,4000
no-binding,67.0,0,0,4000,0,4000
no-binding,68.0,0,0,4000,0,4000
no-binding,69.0,0,0,4000,0,4000
no-binding,70.0,0,0,4000,0,4000
no-binding,71.0,0,0,4000,0,4000
no-binding,72.0,0,0,4000,0,4000
no-binding,73.0,0,0,4000,0,4000
no-binding,74.0,0,0,4000,0,4000
no-binding,75.0,0,0,4000,0,4000
no-binding,76.0,0,0,4000,0,4000
no-binding,77.0,0,0,4000,0,4000
no-binding,78.0,0,0,4000,0,4000
no-binding,79.0,0,0,4000,0,4000
no-binding,80.0,0,0,4000,0,4000
no-binding,81.0,0,0,4000,0,4000
no-binding,82.0,0,0,4000,0,4000
no-binding,83.0,0,0,4000,0,4000
no-binding,84.0,0,0,4000,0,4000
no-binding,85.0,0,0,4000,0,4000
no-binding,86.0,0,0,4000,0,4000
no-binding,87.0,0,0,4000,0,4000
no-binding,88.0,0,0,4000,0,4000
no-binding,89.0,0,0,4000,0,4000
no-binding,90.0,0,0,4000,0,4000
no-binding,91.0,0,0,4000,0,4000
no-binding,92.0,0,0,4000,0,4000
no-binding,93.0,0,0,4000,0,4000
no-binding,94.0,0,0,4000,0,4000
no-binding,95.0,0,0,4000,0,4000
no-binding,96.0,0,0,4000,0,4000
no-binding,97.0,0,0,4000,0,4000
no-binding,98.0,0,0,4000,0,4000
no-binding,99.0,0,0,4000,0,4000
no-binding,100.0,0,0,4000,0,4000
no-binding,101.0,0,0,4000,0,4000
no-binding,102.0,0,0,4000,0,4000
no-binding,103.0,0,0,4000,0,4000
no-binding,104.0,0,0,4000,0,4000
no-binding,105.0,0,0,4000,0,4000
no-binding,106.0,0,0,4000,0,4000
no-binding,107.0,0,0,4000,0,4000
no-binding,108.0,0,0,4000,0,4000
no-binding,109.0,0,0,4000,0,4000
no-binding,110.0,0,0,4000,0,4000
no-binding,111.0,0,0,4000,0,4000
no-binding,112.0,0,0,4000,0,4000
no-binding,113.0,0,0,4000,0,4000
no-binding,114.0,0,0,4000,0,4000
no-binding,115.0,0,0,4000,0,4000
no-binding,116.0,0,0,4000,0,4000
no-binding,117.0,0,0,4000,0,4000
no-binding,118.0,0,0,4000,0,4000
no-binding,119.0,0,0,4000,0,4000
no-binding,120.0,0,0,4000,0,4000
no-binding,121.0,0,0,4000,0,4000
no-binding,122.0,0,0,4000,0,4000
no-binding,123.0,0,0,4000,0,4000
no-binding,124.0,0,0,4000,0,4000
no-binding,125.0,0,0,4000,0,4000
no-binding,126.0,0,0,4000,0,4000
no-binding,127.0,0,0,4000,0,4000
no-binding,128.0,0,0,4000,0,4000
no-binding,129.0,0,0,4000,0,4000
no-binding,130.0,0,0,4000,0,4000
no-binding,131.0,0,0,4000,0,4000
no-binding,132.0,0,0,4000,0,4000
no-binding,133.0,0,0,4000,0,4000
no-binding,134.0,0,0,4000,0,4000
no-binding,135.0,0,0,4000,0,4000
no-binding,136.0,0,0,4000,0,4000
no-binding,137.0,0,0,4000,0,4000
no-binding,138.0,0,0,4000,0,4000
no-binding,139.0,0,0,4000,0,4000
no-binding,140.0,0,0,4000,0,4000
no-binding,141.0,0,0,4000,0,4000
no-binding,142.0,0,0,4000,0,4000
no-binding,143.0,0,0,4000,0,4000
no-binding,144.0,0,0,4000,0,4000
no-binding,145.0,0,0,4000,0,4000
no-binding,146.0,0,0,4000,0,4000
no-binding,147.0,0,0,4000,0,4000
no-binding,148.0,0,0,4000,0,4000
no-binding,149.0,0,0,4000,0,4000
no-binding,150.0,0,0,4000,0,4000
no-binding,151.0,0,0,4000,0,4000
no-binding,152.0,0,0,4000,0,4000
no-binding,153.0,0,0,4000,0,4000
no-binding,154.0,0,0,4000,0,4000
no-binding,155.0,0,0,4000,0,4000
no-binding,156.0,0,0,4000,0,4000
no-binding,157.0,0,0,4000,0,4000
no-binding,158.0,0,0,4000,0,4000
no-binding,159.0,0,0,4000,0,4000
no-binding,160.0,0,0,4000,0,4000
no-binding,161.0,0,0,4000,0,4000
no-binding,162.0,0,0,4000,0,4000
no-binding,163.0,0,0,4000,0,4000
no-binding,164.0,0,0,4000,0,4000
no-binding,165.0,0,0,4000,0,4000
no-binding,166.0,0,0,4000,0,4000
no-binding,167.0,0,0,4000,0,4000
no-binding,168.0,0,0,4000,0,4000
no-binding,169.0,0,0,4000,0,4000
no-binding,170.0,0,0,4000,0,4000
no-binding,171.0,0,0,4000,0,4000
no-binding,172.0,0,0,4000,0,4000
no-binding,173.0,0,0,4000,0,4000
no-binding,174.0,0,0,4000,0,4000
no-binding,175.0,0,0,4000,0,4000
no-binding,176.0,0,0,4000,0,4000
no-binding,177.0,0,0,4000,0,4000
no-binding,178.0,0,0,4000,0,4000
no-binding,179.0,0,0,4000,0,4000
no-binding,180.0,0,0,4000,0,4000
