dt_s,seed,n,t_s,free,attached,exited,shed
0.04,202624000,6000,60,0.009,0.13866666666666666,0.8378333333333333,0.0145
0.04,202624001,6000,60,0.007166666666666667,0.14033333333333334,0.8355,0.017
0.04,202624002,6000,60,0.009166666666666667,0.14033333333333334,0.8315,0.019
0.04,202624003,6000,60,0.009,0.14666666666666667,0.8283333333333334,0.016
0.04,202624004,6000,60,0.011333333333333334,0.14016666666666666,0.8326666666666667,0.015833333333333335
0.04,202624005,6000,60,0.007833333333333333,0.1465,0.8305,0.015166666666666667
0.02,202622000,6000,60,0.01,0.1405,0.8331666666666667,0.01633333333333333
0.02,202622001,6000,60,0.007166666666666667,0.1425,0.832,0.018333333333333333
0.02,202622002,6000,60,0.008833333333333334,0.14833333333333334,0.8276666666666667,0.015166666666666667
0.02,202622003,6000,60,0.006166666666666667,0.1385,0.84,0.015333333333333332
0.02,202622004,6000,60,0.006666666666666667,0.1355,0.8406666666666667,0.017166666666666667
0.02,202622005,6000,60,0.007333333333333333,0.133,0.8418333333333333,0.017833333333333333
0.01,202621000,6000,60,0.008666666666666666,0.148,0.8296666666666667,0.013666666666666667
0.01,202621001,6000,60,0.009666666666666667,0.14983333333333335,0.8261666666666667,0.014333333333333333
0.01,202621002,6000,60,0.0085,0.14483333333333334,0.8318333333333333,0.014833333333333334
0.01,202621003,6000,60,0.009166666666666667,0.149,0.8261666666666667,0.015666666666666666
0.01,202621004,6000,60,0.009166666666666667,0.13266666666666665,0.8408333333333333,0.017333333333333333
0.01,202621005,6000,60,0.009333333333333334,0.14166666666666666,0.832,0.017
