case,L,H,U,D,kappa,koff,shedding,loss,coarse_wall_s,fine_wall_s,wall_relative_error
0,1800.0,180.0,166.82949415926075,30.06146795007204,1.3526019982346762,0.0246972118590316,0.00024042883903392767,0.00024244233964581258,6.3475046858108275,6.390632001017071,0.006748521147733055
1,1800.0,180.0,128.65160818771648,110.21435396390862,0.08908371507477271,0.002068353495300281,0.0020750473414953776,0.0004566615220701263,1.9282760326565571,1.9303120369387283,0.001054753968897204
2,1800.0,180.0,48.57949307847378,73.2849974266203,0.08004215830577771,0.01669235959177812,0.0011268241115336502,0.0032878798798833303,0.825909347789743,0.82592206465869,1.539717788290318e-05
3,1800.0,180.0,72.15934940894797,25.09618446882204,0.11808636196965276,0.00278804350506512,0.0009639322382790071,0.001181714992601326,5.064211342166714,5.082815827213142,0.003660271329687048
4,1800.0,180.0,191.00090904250968,223.1575759919474,0.056524175294242716,0.004879903244549543,0.0029776013061636607,0.0025808118131913573,0.3377465971053373,0.33786334390772704,0.00034554444717049826
5,1800.0,180.0,99.71923622493095,60.03330212663191,1.9076534239468965,0.0031698590383490268,0.0010954948681452259,0.0003552259177210218,42.2773234582839,42.34862208210304,0.0016836114214273667
6,1800.0,180.0,36.34607309267497,11.789988602356642,1.0628698850381628,0.0026048358530949387,0.0009225151824829313,0.0004919759011773999,59.44670486666365,59.61931287420343,0.002895169353997473
7,1800.0,180.0,144.5868001340307,148.25581091081065,0.6080271448469479,0.002424434844181804,0.0018477203013421539,0.0007537947934923412,9.484710465662605,9.490345371916954,0.0005937514424947388
8,1800.0,180.0,110.7945449717591,24.25918639943627,0.17578866650816127,0.008881115332897479,0.004579530702044073,0.000655949177288384,1.975079844256903,1.9860845045188633,0.005540882191528929
9,1800.0,180.0,90.10947386186034,10.796936325239855,0.6171671281371865,0.028865693483521825,0.0021103637333941,0.001398141516624805,4.086867237993909,4.122503653708441,0.00864436243312372
10,1800.0,180.0,76.33914125294037,23.01258320179108,2.750904560756803,0.003947441851043909,0.0023912554858644434,0.009176456432000605,9.084968878202687,9.120539187651675,0.0039000226540494287
11,1800.0,180.0,32.4899005008966,304.81766189617633,0.6380193062742092,0.02019275724581613,0.00023296271599609,0.0010238725590541317,8.349991178419373,8.33656006395476,0.0016111099016349328
12,1800.0,180.0,197.4825992446452,54.31032414289614,2.4623158017563984,0.0032496256675470115,0.0018665789474777905,0.0014751247027229182,19.52793833729432,19.59782598502099,0.003566091860397469
13,1800.0,180.0,39.83398501013551,23.719271083617667,1.5931254172856502,0.0035584585508221423,0.005501377343703677,0.00046672473191427383,21.819749444440216,21.848714034062827,0.0013256885314830713
14,1800.0,180.0,51.82308700505165,26.771162876837472,0.5412753742179359,0.018155239909748124,0.004174856997710706,0.0014897086680146004,5.345047272574984,5.357433966758959,0.002312057276082302
15,1800.0,180.0,138.82486403706798,25.67152617578025,0.24069002173892723,0.0005558268479101207,0.00741139843331134,0.0024634166407417816,2.612141959122747,2.6276194170521476,0.005890296680317819
16,1800.0,180.0,300,10,5,0.005,0.002,0.0,24.85269834235713,25.20996979498301,0.014171831839996152
17,1800.0,180.0,20,10,5,0.005,0.002,0.0,80.55707651684241,80.6588634091095,0.0012619430520711683
18,1800.0,180.0,300,330,0.02,0.005,0.002,0.0,0.11757884742028865,0.11763063056429568,0.0004402181962182006
