map,kappa_um_s,variable,wall_live_s,outlet_fraction
flow,0.02,20.0,1.3983590920158582,0.9972032818159728
flow,0.02,22.752773385800463,1.242202206429355,0.9975155955871393
flow,0.02,25.88443483727948,1.1049818538064522,0.997790036292383
flow,0.02,29.44713400360694,0.9843877156524141,0.9980312245686964
flow,0.02,33.50019834226839,0.87838471370685,0.9982432305725885
flow,0.02,38.11112106305003,0.7851756730227234,0.9984296486539472
flow,0.02,43.356685051319204,0.703168891169486,0.9985936622176612
flow,0.02,49.32424148660941,0.6309511865409985,0.9987380976269158
flow,0.02,56.11316444856608,0.5672668034687762,0.9988654663930581
flow,0.02,63.836505732918944,0.5110018870265514,0.9989779962259518
flow,0.02,72.6228774341228,0.4611733973239128,0.9990776532053509
flow,0.02,82.6185936441679,0.41692070347606414,0.9991661585930375
flow,0.02,93.99010693196429,0.377497952855744,0.9992450040942865
flow,0.02,106.92678017650682,0.3422656872388846,0.9993154686255158
flow,0.02,121.64403991146804,0.3106809040817181,0.9993786381918314
flow,0.02,138.38696369194494,0.2822855733045571,0.9994354288533799
flow,0.02,157.434361221591,0.25669426700958975,0.9994866114659722
flow,0.02,179.1034172006554,0.23358188039792474,0.999532836239199
flow,0.02,203.75497320944964,0.2126723835215474,0.9995746552329533
flow,0.02,231.79953658322236,0.19372923720609164,0.9996125415255811
flow,0.02,263.7041163405811,0.17654769910782003,0.9996469046017822
flow,0.02,300.0,0.16094889870409318,0.9996781022025888
off-rate,0.02,0.0005,1.0872951751073825,0.9978254096497763
off-rate,0.02,0.0006225985423675165,1.0368428154598162,0.9979263143690708
off-rate,0.02,0.0007752578899163125,0.980207131507168,0.9980395857369767
off-rate,0.02,0.0009653488644416247,0.91778259550588,0.9981644348089788
off-rate,0.02,0.0012020495917549857,0.8503494839463295,0.9982993010320991
off-rate,0.02,0.001496788647360245,0.7790724665297537,0.9984418550669307
off-rate,0.02,0.0018637968601574687,0.7054429059616597,0.9985891141880677
off-rate,0.02,0.002320794416806388,0.6311656323723307,0.9987376687352464
off-rate,0.02,0.0028898464420766563,0.5580060478214091,0.9988839879043486
off-rate,0.02,0.0035984283650057603,0.4876255178723405,0.9990247489642455
off-rate,0.02,0.004480752509733024,0.42143675874846465,0.9991571264824934
off-rate,0.02,0.005579419962538739,0.3605045712707825,0.9992789908574483
off-rate,0.02,0.006947477471865686,0.30550376200777307,0.9993889924759753
off-rate,0.02,0.008650978694229471,0.25673124439970635,0.9994865375111923
off-rate,0.02,0.010772173450159416,0.21415846627278323,0.9995716830674449
off-rate,0.02,0.013413478976398621,0.17750591452138484,0.9996449881709488
off-rate,0.02,0.016702424917566218,0.14632282396269064,0.9997073543520654
off-rate,0.02,0.02079781081535923,0.12005993290162925,0.9997598801341865
off-rate,0.02,0.025897373396156047,0.09812863558494626,0.999803742728821
off-rate,0.02,0.0322473338551881,0.07994449122202492,0.999840111017546
off-rate,0.02,0.04015428610695756,0.06495609632669855,0.999870087807337
off-rate,0.02,0.05,0.052661875630900516,0.9998946762487294
flow,0.026014627706840755,20.0,1.8163220947829513,0.99636735581044
flow,0.026014627706840755,22.752773385800463,1.6135976091823607,0.9967728047816338
flow,0.026014627706840755,25.88443483727948,1.4354395033495682,0.997129120993297
flow,0.026014627706840755,29.44713400360694,1.2788541685265389,0.9974422916629458
flow,0.026014627706840755,33.50019834226839,1.1412038059546894,0.9977175923880934
flow,0.026014627706840755,38.11112106305003,1.020158333359875,0.9979596833332743
flow,0.026014627706840755,43.356685051319204,0.9136535622120671,0.9981726928755773
flow,0.026014627706840755,49.32424148660941,0.8198564158580495,0.9983602871682814
flow,0.026014627706840755,56.11316444856608,0.7371377002841615,0.998525724599427
flow,0.026014627706840755,63.836505732918944,0.6640520709909432,0.9986718958580245
flow,0.026014627706840755,72.6228774341228,0.5993237395117177,0.9988013525209763
flow,0.026014627706840755,82.6185936441679,0.5418356408422218,0.9989163287183067
flow,0.026014627706840755,93.99010693196429,0.4906195918455644,0.9990187608163074
flow,0.026014627706840755,106.92678017650682,0.4448454571127768,0.9991103090857673
flow,0.026014627706840755,121.64403991146804,0.40380828194086854,0.999192383436114
flow,0.026014627706840755,138.38696369194494,0.36691340725224475,0.9992661731854837
flow,0.026014627706840755,157.434361221591,0.3336604223573203,0.9993326791552758
flow,0.026014627706840755,179.1034172006554,0.30362722867904574,0.9993927455426369
flow,0.026014627706840755,203.75497320944964,0.2764554374440005,0.9994470891251079
flow,0.026014627706840755,231.79953658322236,0.25183792611109757,0.9994963241477712
flow,0.026014627706840755,263.7041163405811,0.22950884852527761,0.9995409823029469
flow,0.026014627706840755,300.0,0.2092359421852094,0.9995815281156274
off-rate,0.026014627706840755,0.0005,1.41099187433674,0.9971780162513171
off-rate,0.026014627706840755,0.0006225985423675165,1.3456647335774539,0.9973086705328359
off-rate,0.026014627706840755,0.0007752578899163125,1.2723144198128327,0.9974553711603649
off-rate,0.026014627706840755,0.0009653488644416247,1.1914461890851151,0.9976171076218208
off-rate,0.026014627706840755,0.0012020495917549857,1.1040652619875035,0.9977918694760158
off-rate,0.026014627706840755,0.001496788647360245,1.0116758884643124,0.9979766482230621
off-rate,0.026014627706840755,0.0018637968601574687,0.9162075156783243,0.998167584968634
off-rate,0.026014627706840755,0.002320794416806388,0.8198688001649087,0.9983602623996609
off-rate,0.026014627706840755,0.0028898464420766563,0.724949776399815,0.9985501004471914
off-rate,0.026014627706840755,0.0035984283650057603,0.6336082925552509,0.9987327834148807
off-rate,0.026014627706840755,0.004480752509733024,0.5476818619453883,0.9989046362760996
off-rate,0.026014627706840755,0.005579419962538739,0.4685579943321612,0.9990628840113259
off-rate,0.026014627706840755,0.006947477471865686,0.39711862512857704,0.9992057627497348
off-rate,0.026014627706840755,0.008650978694229471,0.33375497514456687,0.9993324900497007
off-rate,0.026014627706840755,0.010772173450159416,0.2784350066776109,0.9994431299866356
off-rate,0.026014627706840755,0.013413478976398621,0.2307998281939137,0.9995384003436026
off-rate,0.026014627706840755,0.016702424917566218,0.1902671038847527,0.9996194657922209
off-rate,0.026014627706840755,0.02079781081535923,0.15612560618398874,0.9996877487876229
off-rate,0.026014627706840755,0.025897373396156047,0.1276121964347446,0.999744775607121
off-rate,0.026014627706840755,0.0322473338551881,0.10396852099563283,0.9997920629579996
off-rate,0.026014627706840755,0.04015428610695756,0.08447868981411434,0.9998310426203623
off-rate,0.026014627706840755,0.05,0.06849123564118839,0.999863017528709
flow,0.03383804273627631,20.0,2.358216327308374,0.9952835673453888
flow,0.03383804273627631,22.752773385800463,2.095189779785429,0.9958096204404268
flow,0.03383804273627631,25.88443483727948,1.864008091324232,0.9962719838173503
flow,0.03383804273627631,29.44713400360694,1.6607967197823386,0.9966784065604359
flow,0.03383804273627631,33.50019834226839,1.4821402333286642,0.9970357195333438
flow,0.03383804273627631,38.11112106305003,1.325020545543418,0.9973499589089071
flow,0.03383804273627631,43.356685051319204,1.1867631214338632,0.9976264737571341
flow,0.03383804273627631,49.32424148660941,1.0649921975252536,0.9978700156049463
flow,0.03383804273627631,56.11316444856608,0.9575957159594719,0.9980848085680762
flow,0.03383804273627631,63.836505732918944,0.8626995372720296,0.9982746009254618
flow,0.03383804273627631,72.6228774341228,0.7786490602405702,0.9984427018795179
flow,0.03383804273627631,82.6185936441679,0.7039953021067302,0.9985920093957766
flow,0.03383804273627631,93.99010693196429,0.6374822384941322,0.9987250355230102
flow,0.03383804273627631,106.92678017650682,0.5780328305571447,0.9988439343388785
flow,0.03383804273627631,121.64403991146804,0.5247323904159888,0.9989505352191628
flow,0.03383804273627631,138.38696369194494,0.47680930637790386,0.9990463813872327
flow,0.03383804273627631,157.434361221591,0.43361424251473807,0.9991327715149614
flow,0.03383804273627631,179.1034172006554,0.3945994696778009,0.9992108010606396
flow,0.03383804273627631,203.75497320944964,0.35929992007338396,0.9992814001598495
flow,0.03383804273627631,231.79953658322236,0.3273170398350417,0.9993453659203241
flow,0.03383804273627631,263.7041163405811,0.2983058250916032,0.9994033883498139
flow,0.03383804273627631,300.0,0.2719648395713266,0.9994560703208546
off-rate,0.03383804273627631,0.0005,1.8297875748688435,0.9963404248502534
off-rate,0.03383804273627631,0.0006225985423675165,1.7453147461387808,0.9965093705077147
off-rate,0.03383804273627631,0.0007752578899163125,1.650439159901381,0.9966991216801887
off-rate,0.03383804273627631,0.0009653488644416247,1.5458048769956265,0.9969083902459989
off-rate,0.03383804273627631,0.0012020495917549857,1.4327031287798204,0.9971345937424312
off-rate,0.03383804273627631,0.001496788647360245,1.3130726046063166,0.997373854790779
off-rate,0.03383804273627631,0.0018637968601574687,1.1894054628925588,0.9976211890742056
off-rate,0.03383804273627631,0.002320794416806388,1.0645596082537043,0.9978708807834833
off-rate,0.03383804273627631,0.0028898464420766563,0.9415031315422258,0.9981169937369067
off-rate,0.03383804273627631,0.0035984283650057603,0.8230374537787057,0.9983539250924338
off-rate,0.03383804273627631,0.004480752509733024,0.7115525316760984,0.9985768949366391
off-rate,0.03383804273627631,0.005579419962538739,0.6088572781155637,0.9987822854437599
off-rate,0.03383804273627631,0.006947477471865686,0.5161058751005431,0.9989677882497909
off-rate,0.03383804273627631,0.008650978694229471,0.4338156201594617,0.9991323687596718
off-rate,0.03383804273627631,0.010772173450159416,0.3619534228166621,0.9992760931543574
off-rate,0.03383804273627631,0.013413478976398621,0.3000603446999327,0.999399879310591
off-rate,0.03383804273627631,0.016702424917566218,0.24738564801203455,0.9995052287039663
off-rate,0.03383804273627631,0.02079781081535923,0.2030096398167147,0.9995939807203577
off-rate,0.03383804273627631,0.025897373396156047,0.16594386698257052,0.999668112266027
off-rate,0.03383804273627631,0.0322473338551881,0.13520503409629356,0.9997295899317977
off-rate,0.03383804273627631,0.04015428610695756,0.10986422054220053,0.9997802715589073
off-rate,0.03383804273627631,0.05,0.08907564350586321,0.999821848712979
flow,0.04401420420561974,20.0,3.0601072784362984,0.9938797854431354
flow,0.04401420420561974,22.752773385800463,2.719097571812889,0.994561804856373
flow,0.04401420420561974,25.88443483727948,2.4193254873968497,0.9951613490252024
flow,0.04401420420561974,29.44713400360694,2.155783766296376,0.9956884324674068
flow,0.04401420420561974,33.50019834226839,1.924056119165066,0.9961518877616727
flow,0.04401420420561974,38.11112106305003,1.7202382124858853,0.9965595235750224
flow,0.04401420420561974,43.356685051319204,1.5408687125206089,0.9969182625749586
flow,0.04401420420561974,49.32424148660941,1.3828718128704953,0.997234256374256
flow,0.04401420420561974,56.11316444856608,1.2435122132803005,0.997512975573435
flow,0.04401420420561974,63.836505732918944,1.120362030940434,0.9977592759381251
flow,0.04401420420561974,72.6228774341228,1.0112772481258356,0.9979774455037469
flow,0.04401420420561974,82.6185936441679,0.9143798923454057,0.9981712402152997
flow,0.04401420420561974,93.99010693196429,0.8280418059769102,0.9983439163880455
flow,0.04401420420561974,106.92678017650682,0.7508666719683283,0.9984982666560567
flow,0.04401420420561974,121.64403991146804,0.6816685481039573,0.9986366629037874
flow,0.04401420420561974,138.38696369194494,0.6194469414883724,0.9987611061170129
flow,0.04401420420561974,157.434361221591,0.5633598751066773,0.9988732802497774
flow,0.04401420420561974,179.1034172006554,0.5126971036905603,0.9989746057926141
flow,0.04401420420561974,203.75497320944964,0.46685555201955464,0.9990662888959556
flow,0.04401420420561974,231.79953658322236,0.42531837594129146,0.9991493632481105
flow,0.04401420420561974,263.7041163405811,0.38763815056385553,0.9992247236988689
flow,0.04401420420561974,300.0,0.35342392586726146,0.9992931521482629
off-rate,0.04401420420561974,0.0005,2.3707596277014487,0.9952584807445886
off-rate,0.04401420420561974,0.0006225985423675165,2.2617215437375324,0.9954765569125159
off-rate,0.04401420420561974,0.0007752578899163125,2.139208393337123,0.9957215832133164
off-rate,0.04401420420561974,0.0009653488644416247,2.0040359834972383,0.9959919280329971
off-rate,0.04401420420561974,0.0012020495917549857,1.8578565958022613,0.9962842868083865
off-rate,0.04401420420561974,0.001496788647360245,1.7031618633426424,0.9965936762733056
off-rate,0.04401420420561974,0.0018637968601574687,1.5431639404107564,0.9969136721191688
off-rate,0.04401420420561974,0.002320794416806388,1.3815549684994881,0.9972368900629917
off-rate,0.04401420420561974,0.0028898464420766563,1.2221776446811092,0.997555644710628
off-rate,0.04401420420561974,0.0035984283650057603,1.068666703019153,0.9978626665939524
off-rate,0.04401420420561974,0.004480752509733024,0.9241304257384808,0.9981517391485142
off-rate,0.04401420420561974,0.005579419962538739,0.7909285509230566,0.9984181428981442
off-rate,0.04401420420561974,0.006947477471865686,0.670574077066532,0.9986588518458579
off-rate,0.04401420420561974,0.008650978694229471,0.5637539857627324,0.9988724920284661
off-rate,0.04401420420561974,0.010772173450159416,0.47043964905076363,0.999059120701889
off-rate,0.04401420420561974,0.013413478976398621,0.39004737242070214,0.9992199052551495
off-rate,0.04401420420561974,0.016702424917566218,0.3216119732276251,0.9993567760535359
off-rate,0.04401420420561974,0.02079781081535923,0.2639463197587019,0.9994721073604725
off-rate,0.04401420420561974,0.025897373396156047,0.21577176022675326,0.9995684564795372
off-rate,0.04401420420561974,0.0322473338551881,0.17581455589966216,0.9996483708881924
off-rate,0.04401420420561974,0.04015428610695756,0.14287024703915827,0.9997142595059144
off-rate,0.04401420420561974,0.05,0.11584140209283925,0.9997683171958046
flow,0.05725065681110309,20.0,3.9680914650979213,0.9920638170698113
flow,0.05725065681110309,22.752773385800463,3.5264076070004715,0.9929471847859972
flow,0.05725065681110309,25.88443483727948,3.1380539590282694,0.9937238920819423
flow,0.05725065681110309,29.44713400360694,2.796571853049511,0.9944068562939015
flow,0.05725065681110309,33.50019834226839,2.496260927808107,0.9950074781443881
flow,0.05725065681110309,38.11112106305003,2.2320785662951685,0.9955358428674033
flow,0.05725065681110309,43.356685051319204,1.9995518985794454,0.9960008962028426
flow,0.05725065681110309,49.32424148660941,1.794704339390293,0.9964105913212189
flow,0.05725065681110309,56.11316444856608,1.6139980141806909,0.9967720039716361
flow,0.05725065681110309,63.836505732918944,1.4542914780797482,0.9970914170438466
flow,0.05725065681110309,72.6228774341228,1.3128096749169913,0.9973743806501661
flow,0.05725065681110309,82.6185936441679,1.1871212371029998,0.9976257575257842
flow,0.05725065681110309,93.99010693196429,1.0751177711755606,0.9978497644576482
flow,0.05725065681110309,106.92678017650682,0.974990814288287,0.9980500183714172
flow,0.05725065681110309,121.64403991146804,0.8852042004547362,0.9982295915990852
flow,0.05725065681110309,138.38696369194494,0.8044618838189699,0.9983910762323507
flow,0.05725065681110309,157.434361221591,0.7316731108771596,0.9985366537782359
flow,0.05725065681110309,179.1034172006554,0.6659177506042521,0.9986681644987873
flow,0.05725065681110309,203.75497320944964,0.6064144827268494,0.9987871710345423
flow,0.05725065681110309,231.79953658322236,0.5524936700956495,0.998895012659802
flow,0.05725065681110309,263.7041163405811,0.5035755763808415,0.9989928488472363
flow,0.05725065681110309,300.0,0.45915359616151374,0.9990816928076739
off-rate,0.05725065681110309,0.0005,3.0681136682602834,0.9938637726634708
off-rate,0.05725065681110309,0.0006225985423675165,2.9276855577551926,0.994144628884481
off-rate,0.05725065681110309,0.0007752578899163125,2.7698247278010366,0.9944603505443901
off-rate,0.05725065681110309,0.0009653488644416247,2.5955558295555505,0.9948088883408803
off-rate,0.05725065681110309,0.0012020495917549857,2.406982559254428,0.9951860348814817
off-rate,0.05725065681110309,0.001496788647360245,2.2072955451483023,0.9955854089096953
off-rate,0.05725065681110309,0.0018637968601574687,2.0006234892507964,0.995998753021489
off-rate,0.05725065681110309,0.002320794416806388,1.7917264053177377,0.9964165471893563
off-rate,0.05725065681110309,0.0028898464420766563,1.5855721545470494,0.9968288556908965
off-rate,0.05725065681110309,0.0035984283650057603,1.3868728472672889,0.997226254305456
off-rate,0.05725065681110309,0.004480752509733024,1.1996705109897257,0.9976006589780122
off-rate,0.05725065681110309,0.005579419962538739,1.0270457185401058,0.9979459085629103
off-rate,0.05725065681110309,0.006947477471865686,0.8709859493691519,0.9982580281012516
off-rate,0.05725065681110309,0.008650978694229471,0.7324083674982405,0.9985351832649951
off-rate,0.05725065681110309,0.010772173450159416,0.6112998909110411,0.9987774002181694
off-rate,0.05725065681110309,0.013413478976398621,0.5069235590445778,0.9989861528819017
off-rate,0.05725065681110309,0.016702424917566218,0.41804297662214585,0.9991639140467468
off-rate,0.05725065681110309,0.02079781081535923,0.34312939754058064,0.99931374120491
off-rate,0.05725065681110309,0.025897373396156047,0.280531538772513,0.9994389369224451
off-rate,0.05725065681110309,0.0322473338551881,0.22860148787088141,0.9995427970242489
off-rate,0.05725065681110309,0.04015428610695756,0.18577900727255325,0.9996284419854456
off-rate,0.05725065681110309,0.05,0.15064120022679162,0.9996987175995372
flow,0.07446772614564769,20.0,5.140770813752712,0.9897184583725
flow,0.07446772614564769,22.752773385800463,4.5694103152883905,0.9908611793694206
flow,0.07446772614564769,25.88443483727948,4.066900812649803,0.9918661983746977
flow,0.07446772614564769,29.44713400360694,3.624932271865027,0.9927501354562691
flow,0.07446772614564769,33.50019834226839,3.2361637016724316,0.9935276725966566
flow,0.07446772614564769,38.11112106305003,2.8940960274280796,0.9942118079451376
flow,0.07446772614564769,43.356685051319204,2.5929604525891126,0.9948140790948232
flow,0.07446772614564769,49.32424148660941,2.327625057994957,0.9953447498840075
flow,0.07446772614564769,56.11316444856608,2.0935215570250065,0.9958129568859454
flow,0.07446772614564769,63.836505732918944,1.8865915632444987,0.9962268168735169
flow,0.07446772614564769,72.6228774341228,1.7032485059927895,0.996593502988014
flow,0.07446772614564769,82.6185936441679,1.5403489022096433,0.9969193021955716
flow,0.07446772614564769,93.99010693196429,1.3951660751112815,0.9972096678497755
flow,0.07446772614564769,106.92678017650682,1.2653607426328788,0.9974692785147274
flow,0.07446772614564769,121.64403991146804,1.1489455540656195,0.9977021088918643
flow,0.07446772614564769,138.38696369194494,1.0442436463902494,0.9979115127072072
flow,0.07446772614564769,157.434361221591,0.9498436867881039,0.9981003126264147
flow,0.07446772614564769,179.1034172006554,0.8645550598705237,0.9982708898802543
flow,0.07446772614564769,203.75497320944964,0.7873667179430646,0.9984252665641098
flow,0.07446772614564769,231.79953658322236,0.7174120769639608,0.9985651758460659
flow,0.07446772614564769,263.7041163405811,0.6539408267356421,0.9986921183465266
flow,0.07446772614564769,300.0,0.5962972305535849,0.99880740553889
off-rate,0.07446772614564769,0.0005,3.9646695648018198,0.9920706608703865
off-rate,0.07446772614564769,0.0006225985423675165,3.7843435139443233,0.9924313129721037
off-rate,0.07446772614564769,0.0007752578899163125,3.581501889236735,0.9928369962215174
off-rate,0.07446772614564769,0.0009653488644416247,3.3574171033251226,0.9932851657933405
off-rate,0.07446772614564769,0.0012020495917549857,3.1147499607340805,0.9937705000785232
off-rate,0.07446772614564769,0.001496788647360245,2.857566735066712,0.9942848665298579
off-rate,0.07446772614564769,0.0018637968601574687,2.591155016781242,0.9948176899664286
off-rate,0.07446772614564769,0.002320794416806388,2.3216349101251197,0.9953567301797411
off-rate,0.07446772614564769,0.0028898464420766563,2.055416719686233,0.9958891665606193
off-rate,0.07446772614564769,0.0035984283650057603,1.7986026426694646,0.9964027947146509
off-rate,0.07446772614564769,0.004480752509733024,1.5564478700782882,0.9968871042598334
off-rate,0.07446772614564769,0.005579419962538739,1.3329775377932327,0.9973340449244043
off-rate,0.07446772614564769,0.006947477471865686,1.130809011896775,0.9977383819761974
off-rate,0.07446772614564769,0.008650978694229471,0.9511745321324179,0.9980976509357261
off-rate,0.07446772614564769,0.010772173450159416,0.7940974458520698,0.998411805108287
off-rate,0.07446772614564769,0.013413478976398621,0.6586564775955368,0.9986826870448
off-rate,0.07446772614564769,0.016702424917566218,0.5432753881347869,0.998913449223721
off-rate,0.07446772614564769,0.02079781081535923,0.44599157242950216,0.9991080168551321
off-rate,0.07446772614564769,0.025897373396156047,0.3646771873806789,0.9992706456252296
off-rate,0.07446772614564769,0.0322473338551881,0.2972037045355701,0.9994055925909204
off-rate,0.07446772614564769,0.04015428610695756,0.24155253626471634,0.9995168949274613
off-rate,0.07446772614564769,0.05,0.19588058273207087,0.9996082388345269
flow,0.09686250859269974,20.0,6.652121082417179,0.9866957578351685
flow,0.09686250859269974,22.752773385800463,5.914209922631239,0.9881715801547356
flow,0.09686250859269974,25.88443483727948,5.264991664175953,0.9894700166716448
flow,0.09686250859269974,29.44713400360694,4.693808627329173,0.9906123827453407
flow,0.09686250859269974,33.50019834226839,4.1912348711634575,0.9916175302576754
flow,0.09686250859269974,38.11112106305003,3.7489169204061086,0.9925021661591832
flow,0.09686250859269974,43.356685051319204,3.3594332261673294,0.9932811335476668
flow,0.09686250859269974,49.32424148660941,3.0161762462625594,0.9939676475074721
flow,0.09686250859269974,56.11316444856608,2.7132598982368448,0.9945734802035232
flow,0.09686250859269974,63.836505732918944,2.445451764773413,0.9951090964704583
flow,0.09686250859269974,72.6228774341228,2.2081252007311525,0.995583749598537
flow,0.09686250859269974,82.6185936441679,1.9972232920715314,0.9960055534158478
flow,0.09686250859269974,93.99010693196429,1.809225772776459,0.9963815484544457
flow,0.09686250859269974,106.92678017650682,1.641111703780315,0.9967177765924327
flow,0.09686250859269974,121.64403991146804,1.49031414605343,0.9970193717078882
flow,0.09686250859269974,138.38696369194494,1.3546669371332931,0.997290666125722
flow,0.09686250859269974,157.434361221591,1.2323467882910177,0.9975353064234086
flow,0.09686250859269974,179.1034172006554,1.1218154688978803,0.9977563690621993
flow,0.09686250859269974,203.75497320944964,1.0217666642319299,0.9979564666715329
flow,0.09686250859269974,231.79953658322236,0.9310806184743006,0.9981378387630458
flow,0.09686250859269974,263.7041163405811,0.8487877067239706,0.9983024245865489
flow,0.09686250859269974,300.0,0.774040397334328,0.9984519192053292
off-rate,0.09686250859269974,0.0005,5.1133894646493765,0.9897732210706922
off-rate,0.09686250859269974,0.0006225985423675165,4.882700816575662,0.9902345983668386
off-rate,0.09686250859269974,0.0007752578899163125,4.622994395551748,0.9907540112088873
off-rate,0.09686250859269974,0.0009653488644416247,4.335826028684242,0.9913283479426219
off-rate,0.09686250859269974,0.0012020495917549857,4.024531932509589,0.9919509361349723
off-rate,0.09686250859269974,0.001496788647360245,3.6942620450443586,0.9926114759099022
off-rate,0.09686250859269974,0.0018637968601574687,3.3517561184600595,0.9932964877630707
off-rate,0.09686250859269974,0.002320794416806388,3.0048549986685904,0.9939902900026539
off-rate,0.09686250859269974,0.0028898464420766563,2.6618095438338356,0.9946763809123226
off-rate,0.09686250859269974,0.0035984283650057603,2.330510512686952,0.9953389789746169
off-rate,0.09686250859269974,0.004480752509733024,2.0177879676794865,0.9959644240646318
off-rate,0.09686250859269974,0.005579419962538739,1.7289065189360713,0.9965421869621193
off-rate,0.09686250859269974,0.006947477471865686,1.4673234751118525,0.9970653530497664
off-rate,0.09686250859269974,0.008650978694229471,1.234706659786574,0.997530586680418
off-rate,0.09686250859269974,0.010772173450159416,1.0311536354019202,0.9979376927291868
off-rate,0.09686250859269974,0.013413478976398621,0.8555284034834703,0.9982889431930242
off-rate,0.09686250859269974,0.016702424917566218,0.7058342628459564,0.9985883314742988
off-rate,0.09686250859269974,0.02079781081535923,0.5795618308984525,0.9988408763381945
off-rate,0.09686250859269974,0.025897373396156047,0.4739770291739025,0.9990520459416424
off-rate,0.09686250859269974,0.0322473338551881,0.38633639781046647,0.99922732720437
off-rate,0.09686250859269974,0.04015428610695756,0.3140325972675556,0.9993719348054552
off-rate,0.09686250859269974,0.05,0.25468124439938306,0.9994906375111918
flow,0.12599210498948732,20.0,8.594659190931308,0.9828106816181437
flow,0.12599210498948732,22.752773385800463,7.643637554291084,0.9847127248914174
flow,0.12599210498948732,25.88443483727948,6.8065448710902245,0.9863869102578182
flow,0.12599210498948732,29.44713400360694,6.06976931589411,0.9878604613682095
flow,0.12599210498948732,33.50019834226839,5.421253830980007,0.9891574923380425
flow,0.12599210498948732,38.11112106305003,4.850298947368804,0.9902994021052562
flow,0.12599210498948732,43.356685051319204,4.34738766716084,0.9913052246656785
flow,0.12599210498948732,49.32424148660941,3.904037960270875,0.992191924079456
flow,0.12599210498948732,56.11316444856608,3.5126868767819532,0.9929746262464313
flow,0.12599210498948732,63.836505732918944,3.1666058224655464,0.9936667883550749
flow,0.12599210498948732,72.6228774341228,2.859840977233394,0.9942803180455319
flow,0.12599210498948732,82.6185936441679,2.587168606988473,0.9948256627860131
flow,0.12599210498948732,93.99010693196429,2.344053854291632,0.9953118922914151
flow,0.12599210498948732,106.92678017650682,2.126603743765285,0.9957467925124638
flow,0.12599210498948732,121.64403991146804,1.9315095540423042,0.9961369808919115
flow,0.12599210498948732,138.38696369194494,1.7559787245954628,0.9964880425507976
flow,0.12599210498948732,157.434361221591,1.5976604962135923,0.9968046790075626
flow,0.12599210498948732,179.1034172006554,1.4545714974317128,0.9970908570051322
flow,0.12599210498948732,203.75497320944964,1.3250272583191491,0.997349945483358
flow,0.12599210498948732,231.79953658322236,1.2075837197996049,0.9975848325603942
flow,0.12599210498948732,263.7041163405811,1.100990249669048,0.9977980195006586
flow,0.12599210498948732,300.0,1.004153487612179,0.9979916930247723
off-rate,0.12599210498948732,0.0005,6.578735838925321,0.9868425283221405
off-rate,0.12599210498948732,0.0006225985423675165,6.285042817809774,0.9874299143643714
off-rate,0.12599210498948732,0.0007752578899163125,5.954057507123775,0.9880918849857435
off-rate,0.12599210498948732,0.0009653488644416247,5.587641939771419,0.9888247161204485
off-rate,0.12599210498948732,0.0012020495917549857,5.1899310180079645,0.9896201379639752
off-rate,0.12599210498948732,0.001496788647360245,4.767393794267537,0.9904652124114557
off-rate,0.12599210498948732,0.0018637968601574687,4.328567799520835,0.9913428644009494
off-rate,0.12599210498948732,0.002320794416806388,3.8834515315656795,0.9922330969368603
off-rate,0.12599210498948732,0.0028898464420766563,3.442629630307157,0.9931147407393772
off-rate,0.12599210498948732,0.0035984283650057603,3.016285238796766,0.9939674295223979
off-rate,0.12599210498948732,0.004480752509733024,2.613289977815924,0.9947734200443593
off-rate,0.12599210498948732,0.005579419962538739,2.2405371126568605,0.995518925774677
off-rate,0.12599210498948732,0.006947477471865686,1.9026095083197787,0.9961947809833516
off-rate,0.12599210498948732,0.008650978694229471,1.6017835124163289,0.9967964329751586
off-rate,0.12599210498948732,0.010772173450159416,1.3382973362280601,0.997323405327534
off-rate,0.12599210498948732,0.013413478976398621,1.1107770855821553,0.9977784458288259
off-rate,0.12599210498948732,0.016702424917566218,0.9167150301347051,0.9981665699397213
off-rate,0.12599210498948732,0.02079781081535923,0.7529198642589918,0.9984941602714734
off-rate,0.12599210498948732,0.025897373396156047,0.6158917799581805,0.9987682164400749
off-rate,0.12599210498948732,0.0322473338551881,0.502104592761266,0.9989957908144694
off-rate,0.12599210498948732,0.04015428610695756,0.4081976481213236,0.9991836047037489
off-rate,0.12599210498948732,0.05,0.33109139283861616,0.9993378172143138
flow,0.16388188526513522,20.0,11.082669476552567,0.977834661046903
flow,0.16388188526513522,22.752773385800463,9.860274266963241,0.9802794514660729
flow,0.16388188526513522,25.88443483727948,8.78369227928036,0.9824326154414383
flow,0.16388188526513522,29.44713400360694,7.835631503547555,0.9843287369929065
flow,0.16388188526513522,33.50019834226839,7.000744649136436,0.9859985107017295
flow,0.16388188526513522,38.11112106305003,6.265388937193382,0.9874692221256076
flow,0.16388188526513522,43.356685051319204,5.617410858536652,0.9887651782829279
flow,0.16388188526513522,49.32424148660941,5.045963915650258,0.9899080721686974
flow,0.16388188526513522,56.11316444856608,4.541365228971763,0.9909172695420524
flow,0.16388188526513522,63.836505732918944,4.094990993260265,0.9918100180134856
flow,0.16388188526513522,72.6228774341228,3.6992034249041614,0.9926015931501904
flow,0.16388188526513522,82.6185936441679,3.3472962298553526,0.9933054075402804
flow,0.16388188526513522,93.99010693196429,3.0334439970148352,0.9939331120059679
flow,0.16388188526513522,106.92678017650682,2.752643623616412,0.9944947127527608
flow,0.16388188526513522,121.64403991146804,2.50064155171771,0.9949987168965598
flow,0.16388188526513522,138.38696369194494,2.273847076087267,0.9954523058478145
flow,0.16388188526513522,157.434361221591,2.0692372064555933,0.9958615255870797
flow,0.16388188526513522,179.1034172006554,1.8842611835779712,0.996231477632839
flow,0.16388188526513522,203.75497320944964,1.7167524547033683,0.9965664950905891
flow,0.16388188526513522,231.79953658322236,1.5648534336416482,0.9968702931327105
flow,0.16388188526513522,263.7041163405811,1.4269550495043117,0.997146089900988
flow,0.16388188526513522,300.0,1.3016502407005681,0.9973966995185956
off-rate,0.16388188526513522,0.0005,8.437485773052304,0.9831250284538862
off-rate,0.16388188526513522,0.0006225985423675165,8.065885224543642,0.9838682295509035
off-rate,0.16388188526513522,0.0007752578899163125,7.646535210702269,0.9847069295785857
off-rate,0.16388188526513522,0.0009653488644416247,7.1815973141632305,0.9856368053716643
off-rate,0.16388188526513522,0.0012020495917549857,6.676117519401431,0.9866477649611872
off-rate,0.16388188526513522,0.001496788647360245,6.1381343780503075,0.9877237312438906
off-rate,0.16388188526513522,0.0018637968601574687,5.578374854345006,0.9888432502913006
off-rate,0.16388188526513522,0.002320794416806388,5.009510493349269,0.9899809790132932
off-rate,0.16388188526513522,0.0028898464420766563,4.445059894070901,0.99110988021185
off-rate,0.16388188526513522,0.0035984283650057603,3.898128492070473,0.9922037430158497
off-rate,0.16388188526513522,0.004480752509733024,3.380228338123646,0.9932395433237428
off-rate,0.16388188526513522,0.005579419962538739,2.900394898317229,0.9941992102033574
off-rate,0.16388188526513522,0.006947477471865686,2.464726948483798,0.9950705461030229
off-rate,0.16388188526513522,0.008650978694229471,2.07635985614844,0.9958472802876946
off-rate,0.16388188526513522,0.010772173450159416,1.7357866712933503,0.9965284266574046
off-rate,0.16388188526513522,0.013413478976398621,1.4413920984887998,0.9971172158030132
off-rate,0.16388188526513522,0.016702424917566218,1.1900630171288795,0.9976198739657332
off-rate,0.16388188526513522,0.02079781081535923,0.9777697717257414,0.9980444604565392
off-rate,0.16388188526513522,0.025897373396156047,0.8000545892541278,0.998399890821483
off-rate,0.16388188526513522,0.0322473338551881,0.6524018211929694,0.9986951963576051
off-rate,0.16388188526513522,0.04015428610695756,0.5304918886814052,0.9989390162226294
off-rate,0.16388188526513522,0.05,0.43035594174096264,0.9991392881165088
flow,0.2131663116533842,20.0,14.255013199559095,0.9714899736008875
flow,0.2131663116533842,22.752773385800463,12.689188981254528,0.9746216220374886
flow,0.2131663116533842,25.88443483727948,11.309118565178501,0.9773817628696396
flow,0.2131663116533842,29.44713400360694,10.092985103401462,0.9798140297931969
flow,0.2131663116533842,33.50019834226839,9.021375403520398,0.9819572491929626
flow,0.2131663116533842,38.11112106305003,8.076993672921173,0.9838460126541516
flow,0.2131663116533842,43.356685051319204,7.244401783618246,0.9855111964327642
flow,0.2131663116533842,49.32424148660941,6.509797733473289,0.9869804045330504
flow,0.2131663116533842,56.11316444856608,5.860841022262322,0.9882783179554706
flow,0.2131663116533842,63.836505732918944,5.286525842840721,0.9894269483143247
flow,0.2131663116533842,72.6228774341228,4.77709327550995,0.9904458134489789
flow,0.2131663116533842,82.6185936441679,4.323966200522571,0.9913520675989448
flow,0.2131663116533842,93.99010693196429,3.91968835329212,0.9921606232934144
flow,0.2131663116533842,106.92678017650682,3.5578523051372493,0.992884295389719
flow,0.2131663116533842,121.64403991146804,3.2330084138132253,0.9935339831723689
flow,0.2131663116533842,138.38696369194494,2.9405551461583572,0.9941188897076724
flow,0.2131663116533842,157.434361221591,2.6766179362770917,0.994646764127436
flow,0.2131663116533842,179.1034172006554,2.4379271424905804,0.9951241457150143
flow,0.2131663116533842,203.75497320944964,2.22170529568444,0.9955565894086269
flow,0.2131663116533842,231.79953658322236,2.0255706197695105,0.9959488587604545
flow,0.2131663116533842,263.7041163405811,1.8474594938373672,0.9963050810123226
flow,0.2131663116533842,300.0,1.6855668216245974,0.9966288663567481
off-rate,0.2131663116533842,0.0005,10.778404598705041,0.978443190802581
off-rate,0.2131663116533842,0.0006225985423675165,10.311911693484053,0.9793761766130229
off-rate,0.2131663116533842,0.0007752578899163125,9.784575078004382,0.9804308498439829
off-rate,0.2131663116533842,0.0009653488644416247,9.198793109613636,0.9816024137807635
off-rate,0.2131663116533842,0.0012020495917549857,8.56059581609062,0.98287880836781
off-rate,0.2131663116533842,0.001496788647360245,7.879829840799257,0.984240340318393
off-rate,0.2131663116533842,0.0018637968601574687,7.1698289565467395,0.9856603420868976
off-rate,0.2131663116533842,0.002320794416806388,6.446522152232802,0.987106955695525
off-rate,0.2131663116533842,0.0028898464420766563,5.727073446240011,0.9885458531075104
off-rate,0.2131663116533842,0.0035984283650057603,5.028285212569999,0.9899434295748499
off-rate,0.2131663116533842,0.004480752509733024,4.365071653220074,0.9912698566935504
off-rate,0.2131663116533842,0.005579419962538739,3.749286500220078,0.9925014269995509
off-rate,0.2131663116533842,0.006947477471865686,3.1890796999046436,0.9936218406001809
off-rate,0.2131663116533842,0.008650978694229471,2.688810816480336,0.9946223783670307
off-rate,0.2131663116533842,0.010772173450159416,2.2494201620093923,0.9955011596759721
off-rate,0.2131663116533842,0.013413478976398621,1.8690892483309804,0.9962618215033298
off-rate,0.2131663116533842,0.016702424917566218,1.5440148944454757,0.9969119702110999
off-rate,0.2131663116533842,0.02079781081535923,1.2691573336262956,0.997461685332738
off-rate,0.2131663116533842,0.025897373396156047,1.0388758767446284,0.9979222482465004
off-rate,0.2131663116533842,0.0322473338551881,0.8474155782803371,0.9983051688434313
off-rate,0.2131663116533842,0.04015428610695756,0.6892445404176395,0.9986215109191555
off-rate,0.2131663116533842,0.05,0.5592621899351509,0.9988814756201206
flow,0.2772721118651588,20.0,18.276690931475223,0.9634466181370549
flow,0.2772721118651588,22.752773385800463,16.279687998075154,0.9674406240038471
flow,0.2772721118651588,25.88443483727948,14.517923653795085,0.9709641526924077
flow,0.2772721118651588,29.44713400360694,12.964112711062207,0.9740717745778759
flow,0.2772721118651588,33.50019834226839,11.593894754239983,0.9768122104915221
flow,0.2772721118651588,38.11112106305003,10.385503344851422,0.9792289933102929
flow,0.2772721118651588,43.356685051319204,9.319460388405304,0.9813610792231906
flow,0.2772721118651588,49.32424148660941,8.378312753137807,0.9832433744937222
flow,0.2772721118651588,56.11316444856608,7.54642414109365,0.9849071517178098
flow,0.2772721118651588,63.836505732918944,6.80982482799574,0.9863803503440141
flow,0.2772721118651588,72.6228774341228,6.156109019074558,0.9876877819618505
flow,0.2772721118651588,82.6185936441679,5.574359575938201,0.9888512808481144
flow,0.2772721118651588,93.99010693196429,5.055076608369599,0.9898898467832595
flow,0.2772721118651588,106.92678017650682,4.590090540982371,0.990819818918029
flow,0.2772721118651588,121.64403991146804,4.172449519252787,0.991655100961489
flow,0.2772721118651588,138.38696369194494,3.7962817734423173,0.9924074364531041
flow,0.2772721118651588,157.434361221591,3.4566423015242966,0.9930867153969418
flow,0.2772721118651588,179.1034172006554,3.149357650242157,0.9937012846995116
flow,0.2772721118651588,203.75497320944964,2.870882112334294,0.9942582357753286
flow,0.2772721118651588,231.79953658322236,2.618174505655505,0.9947636509886832
flow,0.2772721118651588,263.7041163405811,2.3885991081658084,0.9952228017836662
flow,0.2772721118651588,300.0,2.1798495056456018,0.9956403009887067
off-rate,0.2772721118651588,0.0005,13.699913589962005,0.9726001728200667
off-rate,0.2772721118651588,0.0006225985423675165,13.12008349672667,0.9737598330065373
off-rate,0.2772721118651588,0.0007752578899163125,12.463214016800112,0.9750735719663904
off-rate,0.2772721118651588,0.0009653488644416247,11.731781504086264,0.9765364369918186
off-rate,0.2772721118651588,0.0012020495917549857,10.932786907170097,0.978134426185651
off-rate,0.2772721118651588,0.001496788647360245,10.078063248272942,0.9798438735034448
off-rate,0.2772721118651588,0.0018637968601574687,9.183950714225755,0.9816320985715394
off-rate,0.2772721118651588,0.002320794416806388,8.270258231977202,0.9834594835360367
off-rate,0.2772721118651588,0.0028898464420766563,7.358605936276019,0.9852827881274395
off-rate,0.2772721118651588,0.0035984283650057603,6.470422368501659,0.9870591552629882
off-rate,0.2772721118651588,0.004480752509733024,5.624978927275519,0.9887500421454408
off-rate,0.2772721118651588,0.005579419962538739,4.837832081388012,0.990324335837215
off-rate,0.2772721118651588,0.006947477471865686,4.119916826854812,0.9917601663462816
off-rate,0.2772721118651588,0.008650978694229471,3.4773504907170714,0.9930452990185575
off-rate,0.2772721118651588,0.010772173450159416,2.911838711662755,0.9941763225766664
off-rate,0.2772721118651588,0.013413478976398621,2.4214770192809407,0.9951570459614286
off-rate,0.2772721118651588,0.016702424917566218,2.001723056317198,0.9959965538873569
off-rate,0.2772721118651588,0.02079781081535923,1.6463549302231502,0.9967072901395441
off-rate,0.2772721118651588,0.025897373396156047,1.3482974719184644,0.9973034050561546
off-rate,0.2772721118651588,0.0322473338551881,1.1002628859542951,0.9977994742280819
off-rate,0.2772721118651588,0.04015428610695756,0.8952006108898578,0.9982095987782118
off-rate,0.2772721118651588,0.05,0.7265797766896736,0.9985468404466107
flow,0.36065653818308024,20.0,23.33784237216708,0.9533243152556699
flow,0.36065653818308024,22.752773385800463,20.80494282905582,0.958390114341885
flow,0.36065653818308024,25.88443483727948,18.56773241692094,0.9628645351661553
flow,0.36065653818308024,29.44713400360694,16.59246565957468,0.9668150686808501
flow,0.36065653818308024,33.50019834226839,14.848883201071938,0.9703022335978576
flow,0.36065653818308024,38.11112106305003,13.30984621125307,0.9733803075774888
flow,0.36065653818308024,43.356685051319204,11.950989210974623,0.9760980215780499
flow,0.36065653818308024,49.32424148660941,10.750416359994915,0.978499167280009
flow,0.36065653818308024,56.11316444856608,9.68846062491329,0.9806230787501697
flow,0.36065653818308024,63.836505732918944,8.747511456072308,0.9825049770878619
flow,0.36065653818308024,72.6228774341228,7.9118995259898846,0.9841762009480198
flow,0.36065653818308024,82.6185936441679,7.167813673555671,0.9856643726528791
flow,0.36065653818308024,93.99010693196429,6.5032205140848,0.9869935589718277
flow,0.36065653818308024,106.92678017650682,5.907762126462183,0.9881844757470685
flow,0.36065653818308024,121.64403991146804,5.3726189591249165,0.9892547620817457
flow,0.36065653818308024,138.38696369194494,4.890338894875073,0.9902193222102387
flow,0.36065653818308024,157.434361221591,4.454644704130044,0.9910907105917302
flow,0.36065653818308024,179.1034172006554,4.0602378591392885,0.991879524281717
flow,0.36065653818308024,203.75497320944964,3.702616119934409,0.9925947677601276
flow,0.36065653818308024,231.79953658322236,3.3779169471826753,0.9932441661056287
flow,0.36065653818308024,263.7041163405811,3.0827915527432985,0.9938344168945111
flow,0.36065653818308024,300.0,2.8143081362862192,0.9943713837274254
off-rate,0.36065653818308024,0.0005,17.304639767275177,0.9653907204654406
off-rate,0.36065653818308024,0.0006225985423675165,16.592847069088208,0.9668143058618136
off-rate,0.36065653818308024,0.0007752578899163125,15.784310861183805,0.9684313782776235
off-rate,0.36065653818308024,0.0009653488644416247,14.881276070333888,0.9702374478593229
off-rate,0.36065653818308024,0.0012020495917549857,13.89154581110245,0.9722169083777861
off-rate,0.36065653818308024,0.001496788647360245,12.828978675532332,0.9743420426489263
off-rate,0.36065653818308024,0.0018637968601574687,11.713224541442164,0.9765735509171068
off-rate,0.36065653818308024,0.002320794416806388,10.568566400711326,0.9788628671985685
off-rate,0.36065653818308024,0.0028898464420766563,9.421947540801174,0.9811561049183884
off-rate,0.36065653818308024,0.0035984283650057603,8.300494954338127,0.983399010091315
off-rate,0.36065653818308024,0.004480752509733024,7.22900713801962,0.9855419857239511
off-rate,0.36065653818308024,0.005579419962538739,6.227885881573165,0.9875442282368447
off-rate,0.36065653818308024,0.006947477471865686,5.311851858688289,0.9893762962826147
off-rate,0.36065653818308024,0.008650978694229471,4.489557062415906,0.9910208858751584
off-rate,0.36065653818308024,0.010772173450159416,3.763987485331887,0.992472025029328
off-rate,0.36065653818308024,0.013413478976398621,3.1334092535255325,0.9937331814929408
off-rate,0.36065653818308024,0.016702424917566218,2.5925730449026627,0.9948148539101862
off-rate,0.36065653818308024,0.02079781081535923,2.133933294979471,0.9957321334100312
off-rate,0.36065653818308024,0.025897373396156047,1.7487195292691706,0.9965025609414527
off-rate,0.36065653818308024,0.0322473338551881,1.4277805508609864,0.997144438898269
off-rate,0.36065653818308024,0.04015428610695756,1.1621868964252215,0.9976756262071399
off-rate,0.36065653818308024,0.05,0.9436167455439961,0.9981127665089033
flow,0.46911727854354146,20.0,29.64829365200189,0.9407034126960011
flow,0.46911727854354146,22.752773385800463,26.457837303279952,0.9470843253934395
flow,0.46911727854354146,25.88443483727948,23.63559751703756,0.9527288049659227
flow,0.46911727854354146,29.44713400360694,21.140423159496365,0.957719153681008
flow,0.46911727854354146,33.50019834226839,18.93520556593336,0.9621295888681355
flow,0.46911727854354146,38.11112106305003,16.98650129226921,0.966026997415456
flow,0.46911727854354146,43.356685051319204,15.264157531083935,0.9694716849378325
flow,0.46911727854354146,49.32424148660941,13.7409767384563,0.9725180465230863
flow,0.46911727854354146,56.11316444856608,12.392449381985138,0.9752151012360257
flow,0.46911727854354146,63.836505732918944,11.19656546386288,0.9776068690722801
flow,0.46911727854354146,72.6228774341228,10.13369281370056,0.9797326143725967
flow,0.46911727854354146,82.6185936441679,9.186492103974983,0.9816270157920405
flow,0.46911727854354146,93.99010693196429,8.339831769645755,0.9833203364607058
flow,0.46911727854354146,106.92678017650682,7.580671819973256,0.9848386563600476
flow,0.46911727854354146,121.64403991146804,6.897900299400281,0.9862041994011952
flow,0.46911727854354146,138.38696369194494,6.282123799103825,0.9874357524017814
flow,0.46911727854354146,157.434361221591,5.725427977059434,0.9885491440458725
flow,0.46911727854354146,179.1034172006554,5.221131514610182,0.9895577369707751
flow,0.46911727854354146,203.75497320944964,4.763556275862491,0.9904728874482708
flow,0.46911727854354146,231.79953658322236,4.347829551201388,0.9913043408975912
flow,0.46911727854354146,263.7041163405811,3.9697248965588465,0.9920605502068801
flow,0.46911727854354146,300.0,3.6255399440698026,0.9927489201118572
off-rate,0.46911727854354146,0.0005,21.689665859302632,0.956620668281386
off-rate,0.46911727854354146,0.0006225985423675165,20.829246443505426,0.9583415071129798
off-rate,0.46911727854354146,0.0007752578899163125,19.84863586038357,0.9603027282792242
off-rate,0.46911727854354146,0.0009653488644416247,18.74932142393955,0.9625013571521119
off-rate,0.46911727854354146,0.0012020495917549857,17.539490813548753,0.9649210183728931
off-rate,0.46911727854354146,0.001496788647360245,16.234812918711658,0.967530374162567
off-rate,0.46911727854354146,0.0018637968601574687,14.8583281065773,0.9702833437868369
off-rate,0.46911727854354146,0.002320794416806388,13.439239086900248,0.973121521826191
off-rate,0.46911727854354146,0.0028898464420766563,12.010640511759672,0.9759787189764721
off-rate,0.46911727854354146,0.0035984283650057603,10.606518875403854,0.9787869622491837
off-rate,0.46911727854354146,0.004480752509733024,9.258579313763814,0.9814828413724634
off-rate,0.46911727854354146,0.005579419962538739,7.9935115947618955,0.9840129768104678
off-rate,0.46911727854354146,0.006947477471865686,6.831167695242006,0.9863376646095066
off-rate,0.46911727854354146,0.008650978694229471,5.783853042237403,0.9884322939155156
off-rate,0.46911727854354146,0.010772173450159416,4.856648386944194,0.990286703226102
off-rate,0.46911727854354146,0.013413478976398621,4.048479649795946,0.9919030407003986
off-rate,0.46911727854354146,0.016702424917566218,3.3535802104081114,0.9932928395791742
off-rate,0.46911727854354146,0.02079781081535923,2.7630257858741403,0.9944739484282429
off-rate,0.46911727854354146,0.025897373396156047,2.2661172244894674,0.9954677655510112
off-rate,0.46911727854354146,0.0322473338551881,1.8514927548869378,0.9962970144902171
off-rate,0.46911727854354146,0.04015428610695756,1.5079377468266508,0.9969841245063383
off-rate,0.46911727854354146,0.05,1.224915813815014,0.9975501683723603
flow,0.6101955676078271,20.0,37.42525316966552,0.9251494936606742
flow,0.6101955676078271,22.752773385800463,33.44087291859159,0.933118254162816
flow,0.6101955676078271,25.88443483727948,29.909756121070515,0.940180487757858
flow,0.6101955676078271,29.44713400360694,26.78259948260721,0.9464348010347837
flow,0.6101955676078271,33.50019834226839,24.014616086696833,0.9519707678266071
flow,0.6101955676078271,38.11112106305003,21.565189513406608,0.9568696209731797
flow,0.6101955676078271,43.356685051319204,19.397500935129123,0.961204998129741
flow,0.6101955676078271,49.32424148660941,17.478181981032428,0.9650436360379325
flow,0.6101955676078271,56.11316444856608,15.777036044754874,0.9684459279104867
flow,0.6101955676078271,63.836505732918944,14.266846703372437,0.9714663065932603
flow,0.6101955676078271,72.6228774341228,12.9232619145642,0.9741534761708707
flow,0.6101955676078271,82.6185936441679,11.724718355152667,0.9765505632896847
flow,0.6101955676078271,93.99010693196429,10.652360443505124,0.9786952791129883
flow,0.6101955676078271,106.92678017650682,9.689915162057542,0.980620169675878
flow,0.6101955676078271,121.64403991146804,8.823502237477935,0.9823529955250387
flow,0.6101955676078271,138.38696369194494,8.041381708890281,0.9839172365822091
flow,0.6101955676078271,157.434361221591,7.33365965035054,0.985332680699289
flow,0.6101955676078271,179.1034172006554,6.69198254221624,0.9866160349155625
flow,0.6101955676078271,203.75497320944964,6.1092500505941025,0.9877814998988076
flow,0.6101955676078271,231.79953658322236,5.579367163608202,0.9888412656727774
flow,0.6101955676078271,263.7041163405811,5.09704454409454,0.9898059109118079
flow,0.6101955676078271,300.0,4.657645400149082,0.9906847091996994
off-rate,0.6101955676078271,0.0005,26.93167470342373,0.9461366505931427
off-rate,0.6101955676078271,0.0006225985423675165,25.911017682216954,0.9481779646355577
off-rate,0.6101955676078271,0.0007752578899163125,24.743086789120028,0.9505138264217502
off-rate,0.6101955676078271,0.0009653488644416247,23.42780442669201,0.9531443911466067
off-rate,0.6101955676078271,0.0012020495917549857,21.972969172700953,0.9560540616545898
off-rate,0.6101955676078271,0.001496788647360245,20.395441287037205,0.9592091174259167
off-rate,0.6101955676078271,0.0018637968601574687,18.721329198851365,0.9625573416022889
off-rate,0.6101955676078271,0.002320794416806388,16.984860856737427,0.9660302782865173
off-rate,0.6101955676078271,0.0028898464420766563,15.225896924947737,0.9695482061500946
off-rate,0.6101955676078271,0.0035984283650057603,13.486403663608503,0.9730271926727743
off-rate,0.6101955676078271,0.004480752509733024,11.806518170341686,0.9763869636593079
off-rate,0.6101955676078271,0.005579419962538739,10.22096940627571,0.9795580611874393
off-rate,0.6101955676078271,0.006947477471865686,8.756503685298583,0.9824869926293929
off-rate,0.6101955676078271,0.008650978694229471,7.430657283769904,0.9851386854324513
off-rate,0.6101955676078271,0.010772173450159416,6.251856753673515,0.9874962864926439
off-rate,0.6101955676078271,0.013413478976398621,5.2205456615238885,0.9895589086769435
off-rate,0.6101955676078271,0.016702424917566218,4.330906577467182,0.9913381868450565
off-rate,0.6101955676078271,0.02079781081535923,3.572762569772351,0.9928544748604465
off-rate,0.6101955676078271,0.025897373396156047,2.9333479444396717,0.9941333041111112
off-rate,0.6101955676078271,0.0322473338551881,2.3987704366579443,0.9952024591266745
off-rate,0.6101955676078271,0.04015428610695756,1.9551021599342164,0.9960897956801228
off-rate,0.6101955676078271,0.05,1.589115160194651,0.9968217696796022
flow,0.7937005259840996,20.0,46.8716625911562,0.9062566748176918
flow,0.7937005259840996,22.752773385800463,41.94777966144248,0.9161044406771147
flow,0.7937005259840996,25.88443483727948,37.57404317345397,0.9248519136530892
flow,0.7937005259840996,29.44713400360694,33.692663270211135,0.9326146734595768
flow,0.7937005259840996,33.50019834226839,30.250641392715977,0.9394987172145706
flow,0.7937005259840996,38.11112106305003,27.199525465147367,0.9456009490696999
flow,0.7937005259840996,43.356685051319204,24.495088454051025,0.9510098230918956
flow,0.7937005259840996,49.32424148660941,22.0970052584047,0.9558059894831882
flow,0.7937005259840996,56.11316444856608,19.96859000694964,0.9600628199860959
flow,0.7937005259840996,63.836505732918944,18.07662466377605,0.963846750672453
flow,0.7937005259840996,72.6228774341228,16.391270336871457,0.967217459326255
flow,0.7937005259840996,82.6185936441679,14.886019989611478,0.9702279600207687
flow,0.7937005259840996,93.99010693196429,13.537637020138268,0.9729247259597208
flow,0.7937005259840996,106.92678017650682,12.326031244253254,0.9753479375114862
flow,0.7937005259840996,121.64403991146804,11.234046614618256,0.9775319067707597
flow,0.7937005259840996,138.38696369194494,10.247163495052956,0.9795056730098828
flow,0.7937005259840996,157.434361221591,9.353142378175775,0.9812937152436396
flow,0.7937005259840996,179.1034172006554,8.541648627749503,0.9829167027444956
flow,0.7937005259840996,203.75497320944964,7.803897095844741,0.9843922058083069
flow,0.7937005259840996,231.79953658322236,7.1323442636960745,0.9857353114726017
flow,0.7937005259840996,263.7041163405811,6.5204400112477625,0.9869591199775021
flow,0.7937005259840996,300.0,5.962437443855755,0.9880751251122858
off-rate,0.7937005259840996,0.0005,33.06734912839604,0.9338653017431991
off-rate,0.7937005259840996,0.0006225985423675165,31.883740826044903,0.9362325183479013
off-rate,0.7937005259840996,0.0007752578899163125,30.522813781016836,0.9389543724379575
off-rate,0.7937005259840996,0.0009653488644416247,28.981803318680704,0.9420363933626293
off-rate,0.7937005259840996,0.0012020495917549857,27.26689684876532,0.9454662063024597
off-rate,0.7937005259840996,0.001496788647360245,25.394963651948686,0.9492100726960935
off-rate,0.7937005259840996,0.0018637968601574687,23.394230308727188,0.9532115393825367
off-rate,0.7937005259840996,0.002320794416806388,21.303445813283837,0.9573931083734225
off-rate,0.7937005259840996,0.0028898464420766563,19.16935804847239,0.961661283903046
off-rate,0.7937005259840996,0.0035984283650057603,17.042746232160596,0.9659145075356701
off-rate,0.7937005259840996,0.004480752509733024,14.973678423694906,0.9700526431526014
off-rate,0.7937005259840996,0.005579419962538739,13.006909599052427,0.9739861808018863
off-rate,0.7937005259840996,0.006947477471865686,11.178289594426353,0.9776434208111379
off-rate,0.7937005259840996,0.008650978694229471,9.512733685020436,0.9809745326299496
off-rate,0.7937005259840996,0.010772173450159416,8.023866322070223,0.98395226735585
off-rate,0.7937005259840996,0.013413478976398621,6.715058684973473,0.9865698826300436
off-rate,0.7937005259840996,0.016702424917566218,5.5813609662439,0.9888372780675035
off-rate,0.7937005259840996,0.02079781081535923,4.611799996678602,0.9907764000066341
off-rate,0.7937005259840996,0.025897373396156047,3.7916167832818743,0.9924167664334282
off-rate,0.7937005259840996,0.0322473338551881,3.1041776545550643,0.9937916446908809
off-rate,0.7937005259840996,0.04015428610695756,2.532443743763544,0.9949351125124634
off-rate,0.7937005259840996,0.05,2.0599939837963164,0.9958800120323986
flow,1.0323911847100011,20.0,58.14362375805024,0.8837127524839042
flow,1.0323911847100011,22.752773385800463,52.135109332771506,0.8957297813344529
flow,1.0323911847100011,25.88443483727948,46.78317056250441,0.9064336588749867
flow,1.0323911847100011,29.44713400360694,42.02186576176869,0.9159562684764624
flow,1.0323911847100011,33.50019834226839,37.78996498420576,0.9244200700315893
flow,1.0323911847100011,38.11112106305003,34.03090765258816,0.9319381846948178
flow,1.0323911847100011,43.356685051319204,30.692607854976323,0.9386147842900483
flow,1.0323911847100011,49.32424148660941,27.727211115890384,0.9445455777682165
flow,1.0323911847100011,56.11316444856608,25.09089106200101,0.9498182178759927
flow,1.0323911847100011,63.836505732918944,22.743734717714197,0.9545125305645772
flow,1.0323911847100011,72.6228774341228,20.64971364988265,0.9587005727002323
flow,1.0323911847100011,82.6185936441679,18.776694405418276,0.9624466111891544
flow,1.0323911847100011,93.99010693196429,17.09642115348554,0.9658071576930262
flow,1.0323911847100011,106.92678017650682,15.58441045849073,0.9688311790830124
flow,1.0323911847100011,121.64403991146804,14.21972595189686,0.9715605480962011
flow,1.0323911847100011,138.38696369194494,12.984636575156662,0.9740307268496753
flow,1.0323911847100011,157.434361221591,11.864192921220603,0.97627161415755
flow,1.0323911847100011,179.1034172006554,10.84577280612541,0.978308454387745
flow,1.0323911847100011,203.75497320944964,9.918646650911976,0.9801627066981717
flow,1.0323911847100011,231.79953658322236,9.073599142121548,0.9818528017157511
flow,1.0323911847100011,263.7041163405811,8.30262375122456,0.9833947524975484
flow,1.0323911847100011,300.0,7.598689027576274,0.9848026219448445
off-rate,1.0323911847100011,0.0005,40.07156887796446,0.9198568622440618
off-rate,1.0323911847100011,0.0006225985423675165,38.73512123684754,0.9225297575262958
off-rate,1.0323911847100011,0.0007752578899163125,37.18980854998286,0.9256203829000257
off-rate,1.0323911847100011,0.0009653488644416247,35.428784615645014,0.9291424307686998
off-rate,1.0323911847100011,0.0012020495917549857,33.45493273061304,0.9330901345387649
off-rate,1.0323911847100011,0.001496788647360245,31.28327213475698,0.9374334557304763
off-rate,1.0323911847100011,0.0018637968601574687,28.942350638801972,0.9421152987223866
off-rate,1.0323911847100011,0.002320794416806388,26.47400404230674,0.9470519919153776
off-rate,1.0323911847100011,0.0028898464420766563,23.931106856653972,0.9521377862866846
off-rate,1.0323911847100011,0.0035984283650057603,21.3733981239428,0.9572532037521058
off-rate,1.0323911847100011,0.004480752509733024,18.8620067056564,0.9622759865886781
off-rate,1.0323911847100011,0.005579419962538739,16.453706640687358,0.9670925867186153
off-rate,1.0323911847100011,0.006947477471865686,14.196020080989445,0.9716079598380133
off-rate,1.0323911847100011,0.008650978694229471,12.124011918040232,0.97575197616391
off-rate,1.0323911847100011,0.010772173450159416,10.25911560784405,0.9794817687843024
off-rate,1.0323911847100011,0.013413478976398621,8.609810805077226,0.9827803783898366
off-rate,1.0323911847100011,0.016702424917566218,7.173621099040233,0.9856527578019103
off-rate,1.0323911847100011,0.02079781081535923,5.939782376682215,0.9881204352466268
off-rate,1.0323911847100011,0.025897373396156047,4.892008873811315,0.9902159822523687
off-rate,1.0323911847100011,0.0322473338551881,4.010962366678078,0.9919780752666334
off-rate,1.0323911847100011,0.04015428610695756,3.2762226459307406,0.9934475547081298
off-rate,1.0323911847100011,0.05,2.667711061814273,0.9946645778763628
flow,1.3428636159027472,20.0,71.30797999119761,0.8573840400176094
flow,1.3428636159027472,22.752773385800463,64.0842172318828,0.8718315655362331
flow,1.3428636159027472,25.88443483727948,57.628768692065705,0.8847424626158661
flow,1.3428636159027472,29.44713400360694,51.86879481494259,0.8962624103701138
flow,1.3428636159027472,33.50019834226839,46.735553101532446,0.9065288937969378
flow,1.3428636159027472,38.11112106305003,42.1646910672077,0.9156706178655795
flow,1.3428636159027472,43.356685051319204,38.09628038124595,0.9238074392375075
flow,1.3428636159027472,49.32424148660941,34.474731258635906,0.931050537482726
flow,1.3428636159027472,56.11316444856608,31.248709617425376,0.9375025807651453
flow,1.3428636159027472,63.836505732918944,28.37113047137987,0.9432577390572461
flow,1.3428636159027472,72.6228774341228,25.799234863700484,0.9484015302725989
flow,1.3428636159027472,82.6185936441679,23.494699554943832,0.9530106008901025
flow,1.3428636159027472,93.99010693196429,21.42369934329893,0.9571526013133994
flow,1.3428636159027472,106.92678017650682,19.556847890750383,0.9608863042184937
flow,1.3428636159027472,121.64403991146804,17.868976432331394,0.9642620471353325
flow,1.3428636159027472,138.38696369194494,16.338754693217474,0.9673224906135539
flow,1.3428636159027472,157.434361221591,14.948197790083793,0.9701036044198234
flow,1.3428636159027472,179.1034172006554,13.682124680319,0.9726357506393574
flow,1.3428636159027472,203.75497320944964,12.527633699241928,0.9749447326015127
flow,1.3428636159027472,231.79953658322236,11.473643167982583,0.977052713664029
flow,1.3428636159027472,263.7041163405811,10.510519782316134,0.9789789604353651
flow,1.3428636159027472,300.0,9.629794770639418,0.9807404104587185
off-rate,1.3428636159027472,0.0005,47.83883589693559,0.9043223282061209
off-rate,1.3428636159027472,0.0006225985423675165,46.375295419611746,0.9072494091607675
off-rate,1.3428636159027472,0.0007752578899163125,44.672213091863995,0.9106555738162635
off-rate,1.3428636159027472,0.0009653488644416247,42.717164025515906,0.9145656719489593
off-rate,1.3428636159027472,0.0012020495917549857,40.50768607078167,0.9189846278584276
off-rate,1.3428636159027472,0.001496788647360245,38.05444103291298,0.9238911179341653
off-rate,1.3428636159027472,0.0018637968601574687,35.383542019374104,0.9292329159612424
off-rate,1.3428636159027472,0.002320794416806388,32.537266861725115,0.9349254662765409
off-rate,1.3428636159027472,0.0028898464420766563,29.572533679663678,0.9408549326406636
off-rate,1.3428636159027472,0.0035984283650057603,26.55695496509849,0.946886090069794
off-rate,1.3428636159027472,0.004480752509733024,23.56291857698152,0.9528741628460284
off-rate,1.3428636159027472,0.005579419962538739,20.6607401214547,0.9586785197570824
off-rate,1.3428636159027472,0.006947477471865686,17.91223063758742,0.9641755387248179
off-rate,1.3428636159027472,0.008650978694229471,15.365884835151912,0.9692682303296869
off-rate,1.3428636159027472,0.010772173450159416,13.054386393620897,0.9738912272127492
off-rate,1.3428636159027472,0.013413478976398621,10.994480428865494,0.9780110391422601
off-rate,1.3428636159027472,0.016702424917566218,9.188733492720132,0.9816225330145509
off-rate,1.3428636159027472,0.02079781081535923,7.628435511594322,0.9847431289768026
off-rate,1.3428636159027472,0.025897373396156047,6.296898689532931,0.9874062026209252
off-rate,1.3428636159027472,0.0322473338551881,5.172582352002111,0.9896548352959876
off-rate,1.3428636159027472,0.04015428610695756,4.2317056902443495,0.9915365886195024
off-rate,1.3428636159027472,0.05,3.4502187194990395,0.9930995625609941
flow,1.746704851438598,20.0,86.2959555423037,0.8274080889153976
flow,1.746704851438598,22.752773385800463,77.75816049868443,0.8444836790026283
flow,1.746704851438598,25.88443483727948,70.09958449500229,0.8598008310099935
flow,1.746704851438598,29.44713400360694,63.242818437629644,0.8735143631247416
flow,1.746704851438598,33.50019834226839,57.11322702764333,0.8857735459447154
flow,1.746704851438598,38.11112106305003,51.63973233439843,0.8967205353311992
flow,1.746704851438598,43.356685051319204,46.75520061959433,0.9064895987608133
flow,1.746704851438598,49.32424148660941,42.39661107607514,0.9152067778478481
flow,1.746704851438598,56.11316444856608,38.5051705543507,0.9229896588912948
flow,1.746704851438598,63.836505732918944,35.02648021174349,0.9299470395765174
flow,1.746704851438598,72.6228774341228,31.910776847621552,0.9361784463047551
flow,1.746704851438598,82.6185936441679,29.11319564078154,0.9417736087184276
flow,1.746704851438598,93.99010693196429,26.59395967549029,0.9468120806490175
flow,1.746704851438598,106.92678017650682,24.318405095740438,0.9513631898085129
flow,1.746704851438598,121.64403991146804,22.256790313858822,0.9554864193722773
flow,1.746704851438598,138.38696369194494,20.38389349709921,0.9592322130057901
flow,1.746704851438598,157.434361221591,18.678452824700166,0.962643094350591
flow,1.746704851438598,179.1034172006554,17.1225326807908,0.9657549346384133
flow,1.746704851438598,203.75497320944964,15.700900082653622,0.9685981998346886
flow,1.746704851438598,231.79953658322236,14.400474169314434,0.9711990516613657
flow,1.746704851438598,263.7041163405811,13.209879758668187,0.9735802404826603
flow,1.746704851438598,300.0,12.119106933368984,0.9757617861332605
off-rate,1.746704851438598,0.0005,56.17567602567085,0.887648647948649
off-rate,1.746704851438598,0.0006225985423675165,54.62662242817784,0.8907467551436357
off-rate,1.746704851438598,0.0007752578899163125,52.81137193329278,0.8943772561334057
off-rate,1.746704851438598,0.0009653488644416247,50.71063991319464,0.8985787201736012
off-rate,1.746704851438598,0.0012020495917549857,48.31455835252466,0.9033708832949411
off-rate,1.746704851438598,0.001496788647360245,45.626554062485646,0.9087468918750202
off-rate,1.746704851438598,0.0018637968601574687,42.66673602980389,0.9146665279403839
off-rate,1.746704851438598,0.002320794416806388,39.473900023389994,0.9210521999532114
off-rate,1.746704851438598,0.0028898464420766563,36.105268686479334,0.927789462627033
off-rate,1.746704851438598,0.0035984283650057603,32.63342128793349,0.9347331574241232
off-rate,1.746704851438598,0.004480752509733024,29.14051612394252,0.9417189677521058
off-rate,1.746704851438598,0.005579419962538739,25.71067922014919,0.9485786415596922
off-rate,1.746704851438598,0.006947477471865686,22.422013051452673,0.9551559738970853
off-rate,1.746704851438598,0.008650978694229471,19.339800435095675,0.9613203991297993
off-rate,1.746704851438598,0.010772173450159416,16.512084810044716,0.9669758303799018
off-rate,1.746704851438598,0.013413478976398621,13.96808908632058,0.9720638218273505
off-rate,1.746704851438598,0.016702424917566218,11.71920442353889,0.976561591152914
off-rate,1.746704851438598,0.02079781081535923,9.761793011475863,0.9804764139770389
off-rate,1.746704851438598,0.025897373396156047,8.080895209295392,0.9838382095814003
off-rate,1.746704851438598,0.0322473338551881,6.6540481105903435,0.9866919037788097
off-rate,1.746704851438598,0.04015428610695756,5.4546765572982245,0.9890906468853942
off-rate,1.746704851438598,0.05,4.454786400572894,0.9910904271988453
flow,2.2719938211953856,20.0,102.86496433657528,0.7942700713268558
flow,2.2719938211953856,22.752773385800463,92.96370262438315,0.8140725947512327
flow,2.2719938211953856,25.88443483727948,84.04433577941853,0.8319113284411617
flow,2.2719938211953856,29.44713400360694,76.02824318220569,0.8479435136355904
flow,2.2719938211953856,33.50019834226839,68.83742848042118,0.8623251430391599
flow,2.2719938211953856,38.11112106305003,62.39595146609189,0.8752080970678116
flow,2.2719938211953856,43.356685051319204,56.63079964078248,0.8867384007184363
flow,2.2719938211953856,49.32424148660941,51.47241765429711,0.8970551646914043
flow,2.2719938211953856,56.11316444856608,46.85510573819339,0.9062897885236088
flow,2.2719938211953856,63.836505732918944,42.71743316516637,0.9145651336696737
flow,2.2719938211953856,72.6228774341228,39.00271113548421,0.9219945777290306
flow,2.2719938211953856,82.6185936441679,35.65947178255807,0.9286810564348749
flow,2.2719938211953856,93.99010693196429,32.641842814585644,0.9347163143708265
flow,2.2719938211953856,106.92678017650682,29.909705977237564,0.9401805880455187
flow,2.2719938211953856,121.64403991146804,27.428573226464273,0.9451428535470667
flow,2.2719938211953856,138.38696369194494,25.169183026744285,0.9496616339464998
flow,2.2719938211953856,157.434361221591,23.10688291643783,0.9537862341671152
flow,2.2719938211953856,179.1034172006554,21.220902278915972,0.9575581954421635
flow,2.2719938211953856,203.75497320944964,19.493622606063823,0.9610127547878686
flow,2.2719938211953856,231.79953658322236,17.909926868036838,0.9641801462639207
flow,2.2719938211953856,263.7041163405811,16.456670039316446,0.9670866599213637
flow,2.2719938211953856,300.0,15.122276008357371,0.9697554479832825
off-rate,2.2719938211953856,0.0005,64.8113311800107,0.8703773376399713
off-rate,2.2719938211953856,0.0006225985423675165,63.230660133933156,0.8735386797321251
off-rate,2.2719938211953856,0.0007752578899163125,61.364590604809436,0.8772708187903723
off-rate,2.2719938211953856,0.0009653488644416247,59.186328312234046,0.8816273433755237
off-rate,2.2719938211953856,0.0012020495917549857,56.677041244071106,0.8866459175118496
off-rate,2.2719938211953856,0.001496788647360245,53.83025057489616,0.8923394988501991
off-rate,2.2719938211953856,0.0018637968601574687,50.65621360855801,0.8986875727828751
off-rate,2.2719938211953856,0.002320794416806388,47.185398993498595,0.9056292020129932
off-rate,2.2719938211953856,0.0028898464420766563,43.46998132254792,0.9130600373548957
off-rate,2.2719938211953856,0.0035984283650057603,39.58241816888983,0.920835163662211
off-rate,2.2719938211953856,0.004480752509733024,35.61071005459118,0.9287785798908083
off-rate,2.2719938211953856,0.005579419962538739,31.65079331248609,0.9366984133750187
off-rate,2.2719938211953856,0.006947477471865686,27.79738132607163,0.9444052373478478
off-rate,2.2719938211953856,0.008650978694229471,24.1350732827774,0.9517298534344371
off-rate,2.2719938211953856,0.010772173450159416,20.731451587612867,0.9585370968247654
off-rate,2.2719938211953856,0.013413478976398621,17.633242180543064,0.9647335156389043
off-rate,2.2719938211953856,0.016702424917566218,14.865723167218244,0.9702685536655542
off-rate,2.2719938211953856,0.02079781081535923,12.434802019069977,0.9751303959618512
off-rate,2.2719938211953856,0.025897373396156047,10.330769176734249,0.9793384616465229
off-rate,2.2719938211953856,0.0322473338551881,8.5327001761068,0.9829345996477763
off-rate,2.2719938211953856,0.04015428610695756,7.012698319753606,0.9859746033604845
off-rate,2.2719938211953856,0.05,5.739485661693921,0.9885210286766024
flow,2.9552536705320205,20.0,120.5853644727375,0.7588292710545287
flow,2.9552536705320205,22.752773385800463,109.3334907479773,0.7813330185040447
flow,2.9552536705320205,25.88443483727948,99.15062692858896,0.801698746142821
flow,2.9552536705320205,29.44713400360694,89.96101393988047,0.8200779721202386
flow,2.9552536705320205,33.50019834226839,81.68652978662634,0.8366269404267495
flow,2.9552536705320205,38.11112106305003,74.24890131490035,0.8515021973701942
flow,2.9552536705320205,43.356685051319204,67.57117992694734,0.8648576401461061
flow,2.9552536705320205,49.32424148660941,61.57873230823961,0.8768425353835189
flow,2.9552536705320205,56.11316444856608,56.200005875561985,0.8875999882488723
flow,2.9552536705320205,63.836505732918944,51.367261292917085,0.8972654774141718
flow,2.9552536705320205,72.6228774341228,47.017344538566604,0.9059653109228666
flow,2.9552536705320205,82.6185936441679,43.092448402450316,0.9138151031950905
flow,2.9552536705320205,93.99010693196429,39.54073593534616,0.9209185281293056
flow,2.9552536705320205,106.92678017650682,36.31668915811534,0.9273666216837629
flow,2.9552536705320205,121.64403991146804,33.38109754478434,0.933237804910426
flow,2.9552536705320205,138.38696369194494,30.700683776126766,0.938598632447735
flow,2.9552536705320205,157.434361221591,28.24744441986045,0.9435051111602697
flow,2.9552536705320205,179.1034172006554,25.9978329526356,0.9480043340947235
flow,2.9552536705320205,203.75497320944964,23.931919742224583,0.952136160515547
flow,2.9552536705320205,231.79953658322236,22.032633824382962,0.9559347323512284
flow,2.9552536705320205,263.7041163405811,20.285142888263216,0.9594297142234708
flow,2.9552536705320205,300.0,18.676381727940978,0.9626472365441158
off-rate,2.9552536705320205,0.0005,73.42912177171945,0.8531417564565525
off-rate,2.9552536705320205,0.0006225985423675165,71.8759485490632,0.8562481029018651
off-rate,2.9552536705320205,0.0007752578899163125,70.02850381517855,0.8599429923696336
off-rate,2.9552536705320205,0.0009653488644416247,67.85282574849334,0.8642943485030041
off-rate,2.9552536705320205,0.0012020495917549857,65.3206274645298,0.8693587450709316
off-rate,2.9552536705320205,0.001496788647360245,62.41383002528797,0.8751723399494159
off-rate,2.9552536705320205,0.0018637968601574687,59.12962465670441,0.8817407506865829
off-rate,2.9552536705320205,0.002320794416806388,55.485297175168625,0.8890294056496537
off-rate,2.9552536705320205,0.0028898464420766563,51.521704975842056,0.8969565900483059
off-rate,2.9552536705320205,0.0035984283650057603,47.30417121793597,0.905391657564119
off-rate,2.9552536705320205,0.004480752509733024,42.919838812063915,0.9141603223758635
off-rate,2.9552536705320205,0.005579419962538739,38.47127025967792,0.9230574594806351
off-rate,2.9552536705320205,0.006947477471865686,34.067111363885104,0.931865777272221
off-rate,2.9552536705320205,0.008650978694229471,29.81155939473858,0.9403768812105134
off-rate,2.9552536705320205,0.010772173450159416,25.794766629401604,0.9484104667411882
off-rate,2.9552536705320205,0.013413478976398621,22.085981325973254,0.9558280373480441
off-rate,2.9552536705320205,0.016702424917566218,18.730350095691293,0.9625392998086075
off-rate,2.9552536705320205,0.02079781081535923,15.749286622321618,0.9685014267553478
off-rate,2.9552536705320205,0.025897373396156047,13.143545267184306,0.9737129094656227
off-rate,2.9552536705320205,0.0322473338551881,10.897812453819158,0.9782043750923527
off-rate,2.9552536705320205,0.04015428610695756,8.985703355969184,0.982028593288053
off-rate,2.9552536705320205,0.05,7.374358115766588,0.9852512837684576
flow,3.8439912009082566,20.0,138.86732754829333,0.7222653449034201
flow,3.8439912009082566,22.752773385800463,126.34336054901436,0.7473132789019694
flow,3.8439912009082566,25.88443483727948,114.95435828105106,0.7700912834378965
flow,3.8439912009082566,29.44713400360694,104.63165483700539,0.7907366903259896
flow,3.8439912009082566,33.50019834226839,95.30052001814326,0.8093989599637164
flow,3.8439912009082566,38.11112106305003,86.88322743079067,0.8262335451384134
flow,3.8439912009082566,43.356685051319204,79.3012181367504,0.8413975637264997
flow,3.8439912009082566,49.32424148660941,72.47662966573324,0.8550467406685305
flow,3.8439912009082566,56.11316444856608,66.33349468424062,0.8673330106315144
flow,3.8439912009082566,63.836505732918944,60.7988513835711,0.8784022972328636
flow,3.8439912009082566,72.6228774341228,55.80387214541618,0.8883922557091661
flow,3.8439912009082566,82.6185936441679,51.284967495870276,0.8974300650082498
flow,3.8439912009082566,93.99010693196429,47.18472037263441,0.9056305592547299
flow,3.8439912009082566,106.92678017650682,43.45248465050473,0.9130950306989851
flow,3.8439912009082566,121.64403991146804,40.044536999645665,0.9199109260007035
flow,3.8439912009082566,138.38696369194494,36.92376980351092,0.9261524603929674
flow,3.8439912009082566,157.434361221591,34.05901252381147,0.9318819749523676
flow,3.8439912009082566,179.1034172006554,31.424134010936612,0.9371517319781222
flow,3.8439912009082566,203.75497320944964,28.99709166562542,0.9420058166687453
flow,3.8439912009082566,231.79953658322236,26.759060123726787,0.9464818797525404
flow,3.8439912009082566,263.7041163405811,24.693714039398653,0.9506125719211999
flow,3.8439912009082566,300.0,22.786682514708275,0.9544266349705804
off-rate,3.8439912009082566,0.0005,81.7123693475646,0.8365752613048625
off-rate,3.8439912009082566,0.0006225985423675165,80.24213285425282,0.8395157342914854
off-rate,3.8439912009082566,0.0007752578899163125,78.48051689981006,0.8430389662003722
off-rate,3.8439912009082566,0.0009653488644416247,76.38783947467076,0.8472243210506498
off-rate,3.8439912009082566,0.0012020495917549857,73.92728558900991,0.8521454288219713
off-rate,3.8439912009082566,0.001496788647360245,71.06912340567291,0.8578617531886451
off-rate,3.8439912009082566,0.0018637968601574687,67.79591168338287,0.864408176633226
off-rate,3.8439912009082566,0.002320794416806388,64.10819147936016,0.8717836170412715
off-rate,3.8439912009082566,0.0028898464420766563,60.029719310593705,0.8799405613788046
off-rate,3.8439912009082566,0.0035984283650057603,55.610932428874555,0.8887781351422429
off-rate,3.8439912009082566,0.004480752509733024,50.92926191169751,0.8981414761765968
off-rate,3.8439912009082566,0.005579419962538739,46.08532936576942,0.9078293412684524
off-rate,3.8439912009082566,0.006947477471865686,41.19500403812272,0.9176099919237454
off-rate,3.8439912009082566,0.008650978694229471,36.37849272907082,0.9272430145418497
off-rate,3.8439912009082566,0.010772173450159416,31.748592598310253,0.9365028148033703
off-rate,3.8439912009082566,0.013413478976398621,27.400503758061717,0.9451989924838674
off-rate,3.8439912009082566,0.016702424917566218,23.405050499465034,0.9531898990010611
off-rate,3.8439912009082566,0.02079781081535923,19.80607950923973,0.9603878409815118
off-rate,3.8439912009082566,0.025897373396156047,16.6216833230533,0.9667566333538852
off-rate,3.8439912009082566,0.0322473338551881,13.848143838659109,0.972303712322674
off-rate,3.8439912009082566,0.04015428610695756,11.465247987475983,0.97706950402504
off-rate,3.8439912009082566,0.05,9.441798016903679,0.981116403966185
flow,5.0,20.0,157.03162693161693,0.6859367461367706
flow,5.0,22.752773385800463,143.37087425570584,0.713258251488586
flow,5.0,25.88443483727948,130.88739145686162,0.7382252170862756
flow,5.0,29.44713400360694,119.5233465499602,0.7609533069000798
flow,5.0,33.50019834226839,109.21067279394029,0.7815786544121204
flow,5.0,38.11112106305003,99.87499576765006,0.800250008464694
flow,5.0,43.356685051319204,91.43851590009263,0.8171229681998147
flow,5.0,49.32424148660941,83.82211471732043,0.8323557705653569
flow,5.0,56.11316444856608,76.9470237140419,0.8461059525719125
flow,5.0,63.836505732918944,70.73634713282816,0.8585273057343482
flow,5.0,72.6228774341228,65.11658405036204,0.8697668318992743
flow,5.0,82.6185936441679,60.01911854939131,0.8799617629012081
flow,5.0,93.99010693196429,55.381516196762476,0.8892369676064723
flow,5.0,106.92678017650682,51.14842739928119,0.8977031452014316
flow,5.0,121.64403991146804,47.271954467784866,0.905456091064425
flow,5.0,138.38696369194494,43.71145376532034,0.9125770924693495
flow,5.0,157.434361221591,40.43286619602168,0.9191342676079481
flow,5.0,179.1034172006554,37.407753456071255,0.9251844930878519
flow,5.0,203.75497320944964,34.61224013838077,0.9307755197232342
flow,5.0,231.79953658322236,32.02602651178662,0.9359479469764207
flow,5.0,263.7041163405811,29.631568731172386,0.9407368625376531
flow,5.0,300.0,27.413454016427714,0.9451730919671425
off-rate,5.0,0.0005,89.39130379445473,0.8212173924110823
off-rate,5.0,0.0006225985423675165,88.04786192509766,0.8239042761497961
off-rate,5.0,0.0007752578899163125,86.42720152776141,0.8271455969444683
off-rate,5.0,0.0009653488644416247,84.48623039746585,0.8310275392050596
off-rate,5.0,0.0012020495917549857,82.18186418958973,0.8356362716208124
off-rate,5.0,0.001496788647360245,79.47451349671097,0.841050973006569
off-rate,5.0,0.0018637968601574687,76.33283197411397,0.8473343360517634
off-rate,5.0,0.002320794416806388,72.73953461169812,0.8545209307765945
off-rate,5.0,0.0028898464420766563,68.69767888585257,0.8626046422282867
off-rate,5.0,0.0035984283650057603,64.23630790767355,0.8715273841846439
off-rate,5.0,0.004480752509733024,59.413960917270245,0.881172078165451
off-rate,5.0,0.005579419962538739,54.31852309352569,0.8913629538129405
off-rate,5.0,0.006947477471865686,49.06243434257898,0.9018751313148337
off-rate,5.0,0.008650978694229471,43.773398157781635,0.9124532036844275
off-rate,5.0,0.010772173450159416,38.5820768908578,0.9228358462182747
off-rate,5.0,0.013413478976398621,33.60924967089814,0.9327815006581948
off-rate,5.0,0.016702424917566218,28.955065994033838,0.9420898680119241
off-rate,5.0,0.02079781081535923,24.69228755513884,0.9506154248897135
off-rate,5.0,0.025897373396156047,20.864155857281535,0.9582716882854272
off-rate,5.0,0.0322473338551881,17.486317543408294,0.9650273649131745
off-rate,5.0,0.04015428610695756,14.551497168755056,0.9708970056624816
off-rate,5.0,0.05,12.035433084226042,0.9759291338315388
