scenario,t_s,free,bound,outlet,shed,nonviable
no-binding,0.0,1.0,0.0,0.0,0.0,0.0
no-binding,5.0,0.999997443307189,0.0,2.5566928075290986e-06,0.0,0.0
no-binding,10.0,0.9740300253569796,0.0,0.0259699746430136,0.0,0.0
no-binding,15.0,0.6703151293659724,0.0,0.3296848706340188,0.0,0.0
no-binding,20.0,0.3921413432057634,0.0,0.6078586567942261,0.0,0.0
no-binding,25.0,0.2174441038445168,0.0,0.7825558961554717,0.0,0.0
no-binding,30.0,0.10663004746228752,0.0,0.8933699525377007,0.0,0.0
no-binding,35.0,0.045540264018047345,0.0,0.9544597359819401,0.0,0.0
no-binding,40.0,0.016818245143749383,0.0,0.9831817548562377,0.0,0.0
no-binding,45.0,0.005358339096471637,0.0,0.9946416609035156,0.0,0.0
no-binding,50.0,0.0014756813368924995,0.0,0.9985243186630922,0.0,0.0
no-binding,55.0,0.0003531083148855809,0.0,0.9996468916851001,0.0,0.0
no-binding,60.0,7.394786493892955e-05,0.0,0.9999260521350463,0.0,0.0
no-binding,65.0,1.3667851590526267e-05,0.0,0.999986332148396,0.0,0.0
no-binding,70.0,2.249528819235614e-06,0.0,0.9999977504711665,0.0,0.0
no-binding,75.0,3.3262868975479804e-07,0.0,0.999999667371296,0.0,0.0
no-binding,80.0,4.456925514542508e-08,0.0,0.9999999554307303,0.0,0.0
no-binding,85.0,5.455622090649853e-09,0.0,0.9999999945443648,0.0,0.0
no-binding,90.0,6.147078612179633e-10,0.0,0.999999999385279,0.0,0.0
no-binding,95.0,6.41998180397872e-11,0.0,0.9999999999357881,0.0,0.0
no-binding,100.0,6.254723666418408e-12,0.0,0.9999999999937333,0.0,0.0
no-binding,105.0,5.717610494896271e-13,0.0,0.9999999999994155,0.0,0.0
no-binding,110.0,4.929980326611048e-14,0.0,0.9999999999999368,0.0,0.0
no-binding,115.0,4.0288292737867585e-15,0.0,0.9999999999999788,0.0,0.0
no-binding,120.0,3.134003657615871e-16,0.0,0.9999999999999788,0.0,0.0
no-binding,125.0,2.3297746144885927e-17,0.0,0.9999999999999788,0.0,0.0
no-binding,130.0,1.660996945592198e-18,0.0,0.9999999999999788,0.0,0.0
no-binding,135.0,1.1393751682529487e-19,0.0,0.9999999999999788,0.0,0.0
no-binding,140.0,7.541893024266175e-21,0.0,0.9999999999999788,0.0,0.0
no-binding,145.0,4.830207583885733e-22,0.0,0.9999999999999788,0.0,0.0
no-binding,150.0,3.000367212902192e-23,0.0,0.9999999999999788,0.0,0.0
no-binding,155.0,1.811605049623155e-24,0.0,0.9999999999999788,0.0,0.0
no-binding,160.0,1.0653833583976866e-25,0.0,0.9999999999999788,0.0,0.0
no-binding,165.0,6.113618596167974e-27,0.0,0.9999999999999788,0.0,0.0
no-binding,170.0,3.429013469528167e-28,0.0,0.9999999999999788,0.0,0.0
no-binding,175.0,1.8827177155346003e-29,0.0,0.9999999999999788,0.0,0.0
no-binding,180.0,1.0133455758921064e-30,0.0,0.9999999999999788,0.0,0.0
no-binding,185.0,5.353616955490487e-32,0.0,0.9999999999999788,0.0,0.0
no-binding,190.0,2.779521309138034e-33,0.0,0.9999999999999788,0.0,0.0
no-binding,195.0,1.4197121366754407e-34,0.0,0.9999999999999788,0.0,0.0
no-binding,200.0,7.141271051814354e-36,0.0,0.9999999999999788,0.0,0.0
no-binding,205.0,3.54078255549051e-37,0.0,0.9999999999999788,0.0,0.0
no-binding,210.0,1.7319860803953482e-38,0.0,0.9999999999999788,0.0,0.0
no-binding,215.0,8.364806259561423e-40,0.0,0.9999999999999788,0.0,0.0
no-binding,220.0,3.991657017841373e-41,0.0,0.9999999999999788,0.0,0.0
no-binding,225.0,1.8833570355770622e-42,0.0,0.9999999999999788,0.0,0.0
no-binding,230.0,8.791627146057696e-44,0.0,0.9999999999999788,0.0,0.0
no-binding,235.0,4.062736617790936e-45,0.0,0.9999999999999788,0.0,0.0
no-binding,240.0,1.859596620611892e-46,0.0,0.9999999999999788,0.0,0.0
no-binding,245.0,8.435116188087631e-48,0.0,0.9999999999999788,0.0,0.0
no-binding,250.0,3.793518743070139e-49,0.0,0.9999999999999788,0.0,0.0
no-binding,255.0,1.692252214311298e-50,0.0,0.9999999999999788,0.0,0.0
no-binding,260.0,7.49100053525099e-52,0.0,0.9999999999999788,0.0,0.0
no-binding,265.0,3.291811595172756e-53,0.0,0.9999999999999788,0.0,0.0
no-binding,270.0,1.4365087860666272e-54,0.0,0.9999999999999788,0.0,0.0
no-binding,275.0,6.227412164189132e-56,0.0,0.9999999999999788,0.0,0.0
no-binding,280.0,2.682696829354838e-57,0.0,0.9999999999999788,0.0,0.0
no-binding,285.0,1.1487628956158715e-58,0.0,0.9999999999999788,0.0,0.0
no-binding,290.0,4.8910973758225663e-60,0.0,0.9999999999999788,0.0,0.0
no-binding,295.0,2.0711631723199943e-61,0.0,0.9999999999999788,0.0,0.0
no-binding,300.0,8.724943760411392e-63,0.0,0.9999999999999788,0.0,0.0
no-binding,305.0,3.6572377941192696e-64,0.0,0.9999999999999788,0.0,0.0
no-binding,310.0,1.5257454394159668e-65,0.0,0.9999999999999788,0.0,0.0
no-binding,315.0,6.336360991506145e-67,0.0,0.9999999999999788,0.0,0.0
no-binding,320.0,2.620066120816136e-68,0.0,0.9999999999999788,0.0,0.0
no-binding,325.0,1.0788968595410987e-69,0.0,0.9999999999999788,0.0,0.0
no-binding,330.0,4.425061994794609e-71,0.0,0.9999999999999788,0.0,0.0
no-binding,335.0,1.8080183589822294e-72,0.0,0.9999999999999788,0.0,0.0
no-binding,340.0,7.360355621906659e-74,0.0,0.9999999999999788,0.0,0.0
no-binding,345.0,2.9858781471485044e-75,0.0,0.9999999999999788,0.0,0.0
no-binding,350.0,1.2072136627988296e-76,0.0,0.9999999999999788,0.0,0.0
no-binding,355.0,4.865116901332896e-78,0.0,0.9999999999999788,0.0,0.0
no-binding,360.0,1.95458619252528e-79,0.0,0.9999999999999788,0.0,0.0
no-binding,365.0,7.829271076736332e-81,0.0,0.9999999999999788,0.0,0.0
no-binding,370.0,3.127106893601207e-82,0.0,0.9999999999999788,0.0,0.0
no-binding,375.0,1.245565290493208e-83,0.0,0.9999999999999788,0.0,0.0
no-binding,380.0,4.9480925374015756e-85,0.0,0.9999999999999788,0.0,0.0
no-binding,385.0,1.9606481867536974e-86,0.0,0.9999999999999788,0.0,0.0
no-binding,390.0,7.74984518328339e-88,0.0,0.9999999999999788,0.0,0.0
no-binding,395.0,3.0560249918202667e-89,0.0,0.9999999999999788,0.0,0.0
no-binding,400.0,1.2023433416858602e-90,0.0,0.9999999999999788,0.0,0.0
no-binding,405.0,4.720014379548277e-92,0.0,0.9999999999999788,0.0,0.0
no-binding,410.0,1.848992846492443e-93,0.0,0.9999999999999788,0.0,0.0
no-binding,415.0,7.228306729385851e-95,0.0,0.9999999999999788,0.0,0.0
no-binding,420.0,2.8201892084339026e-96,0.0,0.9999999999999788,0.0,0.0
no-binding,425.0,1.098221092731719e-97,0.0,0.9999999999999788,0.0,0.0
no-binding,430.0,4.268737142549889e-99,0.0,0.9999999999999788,0.0,0.0
no-binding,435.0,1.656281517465343e-100,0.0,0.9999999999999788,0.0,0.0
no-binding,440.0,6.415342697886493e-102,0.0,0.9999999999999788,0.0,0.0
no-binding,445.0,2.480740179774509e-103,0.0,0.9999999999999788,0.0,0.0
no-binding,450.0,9.57727870593148e-105,0.0,0.9999999999999788,0.0,0.0
no-binding,455.0,3.6916890757445407e-106,0.0,0.9999999999999788,0.0,0.0
no-binding,460.0,1.4208624394960764e-107,0.0,0.9999999999999788,0.0,0.0
no-binding,465.0,5.460642787013687e-109,0.0,0.9999999999999788,0.0,0.0
no-binding,470.0,2.0956577608547573e-110,0.0,0.9999999999999788,0.0,0.0
no-binding,475.0,8.031581066284006e-112,0.0,0.9999999999999788,0.0,0.0
no-binding,480.0,3.074003087882207e-113,0.0,0.9999999999999788,0.0,0.0
no-binding,485.0,1.1750270311242231e-114,0.0,0.9999999999999788,0.0,0.0
no-binding,490.0,4.4858915340940784e-116,0.0,0.9999999999999788,0.0,0.0
no-binding,495.0,1.7105013364960345e-117,0.0,0.9999999999999788,0.0,0.0
no-binding,500.0,6.5145971015789e-119,0.0,0.9999999999999788,0.0,0.0
no-binding,505.0,2.4783141442370516e-120,0.0,0.9999999999999788,0.0,0.0
no-binding,510.0,9.417689811063745e-122,0.0,0.9999999999999788,0.0,0.0
no-binding,515.0,3.5749146535809945e-123,0.0,0.9999999999999788,0.0,0.0
no-binding,520.0,1.3556068627024703e-124,0.0,0.9999999999999788,0.0,0.0
no-binding,525.0,5.135250596842297e-126,0.0,0.9999999999999788,0.0,0.0
no-binding,530.0,1.9433985260069747e-127,0.0,0.9999999999999788,0.0,0.0
no-binding,535.0,7.347617304254415e-129,0.0,0.9999999999999788,0.0,0.0
no-binding,540.0,2.7754107941864822e-130,0.0,0.9999999999999788,0.0,0.0
no-binding,545.0,1.047406684805953e-131,0.0,0.9999999999999788,0.0,0.0
no-binding,550.0,3.9493131754984856e-133,0.0,0.9999999999999788,0.0,0.0
no-binding,555.0,1.4878406905577072e-134,0.0,0.9999999999999788,0.0,0.0
no-binding,560.0,5.600541395010046e-136,0.0,0.9999999999999788,0.0,0.0
no-binding,565.0,2.106454395409263e-137,0.0,0.9999999999999788,0.0,0.0
no-binding,570.0,7.916477738986151e-139,0.0,0.9999999999999788,0.0,0.0
no-binding,575.0,2.9728904583239984e-140,0.0,0.9999999999999788,0.0,0.0
no-binding,580.0,1.1155822237384489e-141,0.0,0.9999999999999788,0.0,0.0
no-binding,585.0,4.183198981451522e-143,0.0,0.9999999999999788,0.0,0.0
no-binding,590.0,1.567501378605074e-144,0.0,0.9999999999999788,0.0,0.0
no-binding,595.0,5.869589795539024e-146,0.0,0.9999999999999788,0.0,0.0
no-binding,600.0,2.1964213796371932e-147,0.0,0.9999999999999788,0.0,0.0
reversible,0.0,1.0,0.0,0.0,0.0,0.0
reversible,5.0,0.9766674685222366,0.02320528335452743,2.556651876946438e-06,0.00012469147135571107,0.0
reversible,10.0,0.9304760207334156,0.0430998583925304,0.025961925670524345,0.00046219520352259834,0.0
reversible,15.0,0.6102472007424384,0.06040656531018555,0.3283602210679798,0.0009860128793862672,0.0
reversible,20.0,0.33013080404958073,0.0725072046047506,0.5957034957486201,0.001658495597036388,0.0
reversible,25.0,0.17056968660321914,0.07838972237778952,0.7486219243624321,0.002418666656545288,0.0
reversible,30.0,0.07984686620913131,0.08000562115759657,0.836933929021664,0.0032135836115929385,0.0
reversible,35.0,0.034574272316496416,0.07937292158192386,0.8820412438260983,0.0040115622754647974,0.0
reversible,40.0,0.01501198481009845,0.07779246040422824,0.9023980418876241,0.0047975128980335385,0.0
reversible,45.0,0.007681089049929362,0.07590760568717164,0.9108455598489995,0.005565745413884053,0.0
reversible,50.0,0.005257016779753969,0.0739694544664818,0.9144587885480105,0.006314740205738275,0.0
reversible,55.0,0.004502387813997052,0.07205627291255062,0.9163968861126874,0.007044453160749178,0.0
reversible,60.0,0.004234164834378524,0.07018730743492928,0.9178232695577149,0.007755258172960618,0.0
reversible,65.0,0.00408969376095241,0.06836570094643304,0.9190969858108381,0.008447619481759682,0.0
reversible,70.0,0.0039744149586557545,0.06659101461504792,0.9203125609181059,0.009122009508173571,0.0
reversible,75.0,0.003867046538981435,0.06486216394231814,0.9214918975398017,0.00977889197888297,0.0
reversible,80.0,0.003763362461924912,0.06317798717342991,0.9226399311532695,0.010418719211360419,0.0
reversible,85.0,0.0036625711691762176,0.06153733772780569,0.9237581591418818,0.011041931961120788,0.0
reversible,90.0,0.003564488847736086,0.05993909657339365,0.9248474549201592,0.011648959658694849,0.0
reversible,95.0,0.0034690285342389637,0.05838217310043725,0.9259085776729511,0.012240220692357036,0.0
reversible,100.0,0.0033761185137910414,0.05686550457133818,0.9269422542250723,0.01281612268978196,0.0
reversible,105.0,0.0032856906267577186,0.05538805542918609,0.9279491911508548,0.013377062793187053,0.0
reversible,110.0,0.0031976787167709007,0.053948816608354544,0.9289300767473179,0.013923427927542349,0.0
reversible,115.0,0.0031120184058264,0.05254680486111915,0.9298855816710725,0.014455595061968135,0.0
reversible,120.0,0.0030286470285294568,0.05118106210116323,0.9308163594058079,0.014973931464485899,0.0
reversible,125.0,0.0029475035848502275,0.04985065476365338,0.9317230467011919,0.015478794950291376,0.0
reversible,130.0,0.0028685286958280713,0.0485546731814773,0.93260626399897,0.015970534123712424,0.0
reversible,135.0,0.0027916645606065283,0.04729223097723961,0.9334666158481303,0.016449488614011788,0.0
reversible,140.0,0.0027168549146172703,0.04606246447062058,0.93430469130956,0.016915989305189647,0.0
reversible,145.0,0.002644044988869678,0.044864532100712694,0.9351210643504645,0.017370358559938688,0.0
reversible,150.0,0.0025731814703158344,0.0436976138629593,0.9359162942288135,0.017812910437897844,0.0
reversible,155.0,0.0025042124632625525,0.04256091076032931,0.9366909258680446,0.018243950908350584,0.0
reversible,160.0,0.0024370874518028465,0.041453644268370435,0.9374454902223063,0.018663778057506616,0.0
reversible,165.0,0.0023717572632400235,0.04037505581379297,0.938180504632448,0.019072682290505558,0.0
reversible,170.0,0.00230817403247825,0.03932440626624435,0.9388964731729895,0.019470946528275006,0.0
reversible,175.0,0.0022462911673541454,0.038300975442943336,0.9395938869903149,0.019858846399373006,0.0
reversible,180.0,0.002186063314884615,0.03730406162585092,0.9402732246323072,0.020236650426943243,0.0
reversible,185.0,0.002127446328406803,0.036332981091063074,0.9409349523696097,0.02060462021090502,0.0
reversible,190.0,0.002070397235586645,0.03538706765011822,0.9415795245087808,0.020963010605499578,0.0
reversible,195.0,0.0020148742072731594,0.03446567220292004,0.9422073836974818,0.02131206989231048,0.0
reversible,200.0,0.00196083652717618,0.0335681623019838,0.9428189612219537,0.021652039948871393,0.0
reversible,205.0,0.0019082445623458373,0.03269392172772134,0.9434146772969413,0.02198315641297547,0.0
reversible,210.0,0.00185705973443267,0.03184235007448735,0.9439949413482719,0.022305648842792226,0.0
reversible,215.0,0.0018072444917077717,0.031012862347116026,0.94456015228826,0.02261974087290065,0.0
reversible,220.0,0.0017587622818229693,0.030204888567684527,0.9451106987841372,0.022925650366340783,0.0
reversible,225.0,0.0017115775252915025,0.029417873392245622,0.9456469595196642,0.02322358956278501,0.0
reversible,230.0,0.0016656555896702202,0.028651275737278856,0.9461693034501096,0.023513765222927037,0.0
reversible,235.0,0.0016209627644248024,0.027904568415615477,0.94667809005076,0.02379637876918558,0.0
reversible,240.0,0.0015774662364599877,0.027177237781598543,0.9471736695591112,0.02407162642281499,0.0
reversible,245.0,0.0015351340662972837,0.026468783385245838,0.9476563832109258,0.024339699337514467,0.0
reversible,250.0,0.0014939351648830675,0.025778717635188596,0.9481265634702859,0.024600783729625226,0.0
reversible,255.0,0.001453839271010469,0.02510656547016516,0.9485845342538063,0.024855061005001,0.0
reversible,260.0,0.0014148169293388298,0.02445186403885383,0.9490306111491523,0.02510270788263762,0.0
reversible,265.0,0.001376839468994988,0.023814162387834785,0.9494651016280096,0.02534389651514305,0.0
reversible,270.0,0.0013398789827410284,0.02319302115747615,0.9498883052536371,0.025578794606128722,0.0
reversible,275.0,0.0013039083066935554,0.02258801228554444,0.9503005138831471,0.025807565524599316,0.0
reversible,280.0,0.0012689010005799395,0.02199871871834444,0.9507020118646399,0.02603036841641895,0.0
reversible,285.0,0.0012348313285173566,0.02142473412919874,0.9510930762293409,0.026247358312926745,0.0
reversible,290.0,0.0012016742403008352,0.02086566264408169,0.951473976878828,0.026458686236773866,0.0
reversible,295.0,0.0011694053531868648,0.02032111857422716,0.9518449767675164,0.02666449930505432,0.0
reversible,300.0,0.0011380009341594897,0.019790726155534163,0.9522063320804945,0.02686494082979667,0.0
reversible,305.0,0.00110743788266615,0.019274119294598716,0.9525582924068347,0.027060150415884825,0.0
reversible,310.0,0.0010776937138108646,0.018770941321204566,0.9529011009084964,0.027250264056472497,0.0
reversible,315.0,0.0010487465419926844,0.018280844747109726,0.9532349944849278,0.027435414225955374,0.0
reversible,320.0,0.0010205750649776527,0.017803491030969672,0.953560203933475,0.027615729970564006,0.0
reversible,325.0,0.0009931585483928262,0.017338550349242303,0.9538769541057149,0.02779133699663604,0.0
reversible,330.0,0.0009664768106312105,0.016885701372923334,0.9541854640598028,0.02796235775662867,0.0
reversible,335.0,0.000940510208156749,0.01644463104996486,0.9544859472089374,0.02812891153292801,0.0
reversible,340.0,0.0009152396211988071,0.016015034393233384,0.9547786114660436,0.028291114519511246,0.0
reversible,345.0,0.0008906464398258529,0.015596614273867193,0.9550636593847778,0.028449079901517016,0.0
reversible,350.0,0.0008667125503883159,0.015189081219896549,0.9553412882969262,0.02860291793277678,0.0
reversible,355.0,0.0008434203223208753,0.014792153219993614,0.9556116904463156,0.02875273601135851,0.0
reversible,360.0,0.0008207525952946684,0.014405555532222229,0.9558750531192979,0.028898638753174947,0.0
reversible,365.0,0.0007986926667101806,0.014029020497661051,0.9561315587719155,0.029040728063704304,0.0
reversible,370.0,0.0007772242795218042,0.013662287358776743,0.9563813851538202,0.029179103207871832,0.0
reversible,375.0,0.0007563316103853054,0.013305102082426908,0.9566247054290381,0.02931386087813974,0.0
reversible,380.0,0.0007359992581196568,0.012957217187375502,0.9568616882936447,0.029445095260850266,0.0
reversible,385.0,0.0007162122324749266,0.012618391576206544,0.957092498090441,0.02957289810086724,0.0
reversible,390.0,0.0006969559431981325,0.012288390371524623,0.9573172949207083,0.029697358764559208,0.0
reversible,395.0,0.0006782161893891772,0.011966984756333614,0.9575362347531013,0.02981856430116553,0.0
reversible,400.0,0.0006599791491391996,0.011653951818487732,0.9577494695297721,0.029936599502588892,0.0
reversible,405.0,0.0006422313694438641,0.0113490743991117,0.9579571472697791,0.030051546961651826,0.0
reversible,410.0,0.000624959756384325,0.011052140944889419,0.9581594121698543,0.030163487128858524,0.0
reversible,415.0,0.000608151565568774,0.010762945364123012,0.9583564047025961,0.030272498367698367,0.0
reversible,420.0,0.0005917943928276887,0.01048128688646671,0.9585482617121628,0.03037865700853027,0.0
reversible,425.0,0.0005758761651560575,0.010206969926242232,0.9587351165075073,0.03048203740108215,0.0
reversible,430.0,0.0005603851318960545,0.00993980394924495,0.9589170989532452,0.030582711965602114,0.0
reversible,435.0,0.0005453098561537972,0.009679603342952148,0.9590943355581872,0.030680751242695373,0.0
reversible,440.0,0.0005306392064439924,0.009426187290047051,0.9592669495616163,0.030776223941881335,0.0
reversible,445.0,0.0005163623485564382,0.009179379645174535,0.9594350610173563,0.030869196988901268,0.0
reversible,450.0,0.0005024687376385108,0.008939008814846338,0.959598786875694,0.03095973557181141,0.0
reversible,455.0,0.0004889481104879153,0.008704907640415902,0.9597582410631968,0.031047903185890267,0.0
reversible,460.0,0.00047579047805013775,0.008476913284044832,0.9599135345605038,0.03113376167739188,0.0
reversible,465.0,0.00046298611811517457,0.008254867117584986,0.960064775478117,0.031217371286173384,0.0
reversible,470.0,0.0004505255682082653,0.008038614614302116,0.9602120691302545,0.03129879068722694,0.0
reversible,475.0,0.0004383996186694876,0.007828005243368847,0.96035551810681,0.03137807703114245,0.0
reversible,480.0,0.0004265993059172176,0.007622892367056613,0.9604952223434885,0.0314552859835303,0.0
reversible,485.0,0.00041511590589057916,0.00742313314055793,0.9606312791901143,0.031530471763429026,0.0
reversible,490.0,0.00040394092766614674,0.007228588414372109,0.9607637834772298,0.03160368718072484,0.0
reversible,495.0,0.0003930661072442808,0.007039122639189276,0.96089282758095,0.03167498367260781,0.0
reversible,500.0,0.00038248340150060433,0.006854603773209077,0.961018501486192,0.031744411339090485,0.0
reversible,505.0,0.0003721849822982436,0.006674903191832171,0.961140892848251,0.031812018977610795,0.0
reversible,510.0,0.0003621632307565732,0.006499895599664138,0.9612600870528262,0.031877854116744604,0.0
reversible,515.0,0.00035241073167231794,0.006329458944772978,0.9613761672744959,0.031941963049050816,0.0
reversible,520.0,0.00034292026808897396,0.006163474335142733,0.9614892145336915,0.03200439086306863,0.0
reversible,525.0,0.00033368481601061606,0.0060018259572674395,0.9615993077522224,0.03206518147449251,0.0
reversible,530.0,0.00032469753925626636,0.0058444009968308805,0.9617065238073639,0.03212437765654278,0.0
reversible,535.0,0.0003159517844510957,0.00569108956141897,0.9618109375845696,0.032182021069553673,0.0
reversible,540.0,0.00030744107615083123,0.005541784605213049,0.9619126220288285,0.03223815228979999,0.0
reversible,545.0,0.0002991591120958374,0.005396381855613584,0.9620116481947041,0.03229281083757862,0.0
reversible,550.0,0.00029109975859143225,0.005254779741745152,0.9621080852950878,0.03234603520456852,0.0
reversible,555.0,0.00028325704601109156,0.0051168793247946456,0.9622020007487024,0.03239786288048377,0.0
reversible,560.0,0.0002756251644192804,0.004982584230136106,0.9622934602263963,0.032448330379040234,0.0
reversible,565.0,0.00026819845931074003,0.004851800581196529,0.9623825276962343,0.03249747326325099,0.0
reversible,570.0,0.0002609714274631413,0.0047244369350183096,0.9624692654674402,0.032545326170071526,0.0
reversible,575.0,0.0002539387129000958,0.004600404219475034,0.9625537342332093,0.03259192283440742,0.0
reversible,580.0,0.00024709510296159744,0.004479615672098454,0.9626359931124282,0.0326372961125038,0.0
reversible,585.0,0.00024043552447904494,0.004361986780475542,0.9627160996903074,0.03268147800473004,0.0
reversible,590.0,0.00023395504005206837,0.004247435224175533,0.9627941100579877,0.03272449967777754,0.0
reversible,595.0,0.00022764884442445912,0.004135880818167978,0.9628700788511174,0.032766391486283825,0.0
reversible,600.0,0.0002215122609565726,0.004027245457693665,0.9629440592874451,0.032807182993898815,0.0
no-renewal,0.0,1.0,0.0,0.0,0.0,0.0
no-renewal,5.0,0.9766684747067373,0.023328968641382022,2.556651876996519e-06,0.0,0.0
no-renewal,10.0,0.9304829503623304,0.043555123933055995,0.02596192570460648,0.0,0.0
no-renewal,15.0,0.6102684795056154,0.061371280125487586,0.3283602403688874,0.0,0.0
no-renewal,20.0,0.3301769805065236,0.07411897968216213,0.5957040398113035,0.0,0.0
no-renewal,25.0,0.17065042961796195,0.08072378546022542,0.7486257849218019,0.0,0.0
no-renewal,30.0,0.07996829109133169,0.08308398972583894,0.8369477191828182,0.0,0.0
no-renewal,35.0,0.034738753423410776,0.08318627010925486,0.8820749764673235,0.0,0.0
no-renewal,40.0,0.015219416140431805,0.08231691026995946,0.9024636735895974,0.0,0.0
no-renewal,45.0,0.007930167817825262,0.08111413929937238,0.9109556928827918,0.0,0.0
no-renewal,50.0,0.005546015779744248,0.07982805577693133,0.9146259284433136,0.0,0.0
no-renewal,55.0,0.0048294913432251636,0.07853737475222872,0.9166331339045366,0.0,0.0
no-renewal,60.0,0.0045975809503172255,0.07726218865733075,0.918140230392343,0.0,0.0
no-renewal,65.0,0.00448768337733754,0.07600655993527336,0.9195057566873802,0.0,0.0
no-renewal,70.0,0.00440529692448082,0.07477096225813316,0.9208237408173777,0.0,0.0
no-renewal,75.0,0.004329197140853484,0.07355520045589092,0.9221156024032487,0.0,0.0
no-renewal,80.0,0.004255213883930237,0.07235897668749204,0.9233858094285711,0.0,0.0
no-renewal,85.0,0.004182609822307213,0.07118198313280588,0.9246354070448783,0.0,0.0
no-renewal,90.0,0.004111253722214365,0.07002391499828464,0.9258648312794922,0.0,0.0
no-renewal,95.0,0.004041109595890761,0.06888447205592305,0.9270744183481774,0.0,0.0
no-renewal,100.0,0.0039721551460257885,0.06776335874672038,0.9282644861072449,0.0,0.0
no-renewal,105.0,0.0039043701172001514,0.06666028412619188,0.9294353457565984,0.0,0.0
no-renewal,110.0,0.0038377347873423235,0.06557496179519172,0.930587303417456,0.0,0.0
no-renewal,115.0,0.003772229785074788,0.06450710983037897,0.931720660384537,0.0,0.0
no-renewal,120.0,0.003707836065037895,0.06345645071560979,0.9328357132193426,0.0,0.0
no-renewal,125.0,0.0036445349005846998,0.06242271127434772,0.9339327538250584,0.0,0.0
no-renewal,130.0,0.0035823078783164394,0.06140562260308555,0.9350120695185894,0.0,0.0
no-renewal,135.0,0.003521136892870616,0.0604049200057644,0.9360739431013563,0.0,0.0
no-renewal,140.0,0.0034610041418091813,0.05942034292917575,0.9371186529290065,0.0,0.0
no-renewal,145.0,0.0034018921205919506,0.05845163489933206,0.9381464729800664,0.0,0.0
no-renewal,150.0,0.003343783617632754,0.057498543458792024,0.9391576729235654,0.0,0.0
no-renewal,155.0,0.003286661709436872,0.05656082010492623,0.9401525181856261,0.0,0.0
no-renewal,160.0,0.0032305097558184316,0.05563822022911001,0.9411312700150606,0.0,0.0
no-renewal,165.0,0.003175311395196472,0.05473050305682958,0.9420941855479633,0.0,0.0
no-renewal,170.0,0.0031210505399683866,0.053837431588688395,0.9430415178713327,0.0,0.0
no-renewal,175.0,0.0030677113719594852,0.052958772542300414,0.9439735160857291,0.0,0.0
no-renewal,180.0,0.003015278337947447,0.05209429629505752,0.944890425366985,0.0,0.0
no-renewal,185.0,0.0029637361452604233,0.051243776827758145,0.9457924870269706,0.0,0.0
no-renewal,190.0,0.002913069757447618,0.05040699166908463,0.9466799385734567,0.0,0.0
no-renewal,195.0,0.0028632643900211416,0.04958372184091696,0.9475530137690531,0.0,0.0
no-renewal,200.0,0.002814305506267989,0.04877375180447045,0.9484119426892532,0.0,0.0
no-renewal,205.0,0.002766178813130999,0.04797686940724549,0.9492569517796144,0.0,0.0
no-renewal,210.0,0.0027188702571576645,0.04719286583077745,0.9500882639120554,0.0,0.0
no-renewal,215.0,0.002672366020515691,0.04642153553917486,0.950906098440302,0.0,0.0
no-renewal,220.0,0.0026266525170742204,0.04566267622843457,0.9517106712544835,0.0,0.0
no-renewal,225.0,0.0025817163885496343,0.04491608877652223,0.9525021948349193,0.0,0.0
no-renewal,230.0,0.002537544500714902,0.044181577194207025,0.9532808783050699,0.0,0.0
no-renewal,235.0,0.00249412393967142,0.04345894857663953,0.9540469274836805,0.0,0.0
no-renewal,240.0,0.0024514420081823375,0.04274801305566177,0.9548005449361477,0.0,0.0
no-renewal,245.0,0.002409486222066346,0.042048583752838695,0.9555419300250876,0.0,0.0
no-renewal,250.0,0.0023682443066509696,0.04136047673320052,0.9562712789601399,0.0,0.0
no-renewal,255.0,0.0023277041932843645,0.040683510959685434,0.9569887848470213,0.0,0.0
no-renewal,260.0,0.0022878540159046784,0.0400175082482723,0.9576946377358143,0.0,0.0
no-renewal,265.0,0.0022486821076660355,0.03936229322379331,0.9583890246685308,0.0,0.0
no-renewal,270.0,0.002210176997620214,0.038717693276416484,0.9590721297259531,0.0,0.0
no-renewal,275.0,0.0021723274074531094,0.03808353851878811,0.9597441340737476,0.0,0.0
no-renewal,280.0,0.0021351222482750855,0.03745966174382545,0.9604052160078883,0.0,0.0
no-renewal,285.0,0.002098550617464341,0.03684589838315008,0.9610555509993743,0.0,0.0
no-renewal,290.0,0.0020626017955624096,0.03624208646615247,0.9616953117382732,0.0,0.0
no-renewal,295.0,0.0020272652432209593,0.035648066579678214,0.9623246681770903,0.0,0.0
no-renewal,300.0,0.001992530598199032,0.03506368182832715,0.9629437875734644,0.0,0.0
no-renewal,305.0,0.0019583876724099175,0.03448877779535589,0.9635528345322255,0.0,0.0
no-renewal,310.0,0.0019248264490168323,0.03392320250417504,0.9641519710467992,0.0,0.0
no-renewal,315.0,0.0018918370795766204,0.03336680638043227,0.964741356539982,0.0,0.0
no-renewal,320.0,0.0018594098812306787,0.03281944221467251,0.9653211479040873,0.0,0.0
no-renewal,325.0,0.001827535333942336,0.03228096512556679,0.9658914995404815,0.0,0.0
no-renewal,330.0,0.001796204077779929,0.031751232523701156,0.9664525633985098,0.0,0.0
no-renewal,335.0,0.001765406910244824,0.031230104075917507,0.9670044890138284,0.0,0.0
no-renewal,340.0,0.001735134783643647,0.030717441670198006,0.9675474235461491,0.0,0.0
no-renewal,345.0,0.0017053788025039995,0.03021310938108516,0.968081511816402,0.0,0.0
no-renewal,350.0,0.0016761302210329477,0.029716973435629387,0.9686068963433294,0.0,0.0
no-renewal,355.0,0.0016473804406175814,0.029228902179856447,0.9691237173795176,0.0,0.0
no-renewal,360.0,0.0016191210073669593,0.02874876604574683,0.969632112946878,0.0,0.0
no-renewal,365.0,0.0015913436096947498,0.02827643751871958,0.9701322188715765,0.0,0.0
no-renewal,370.0,0.0015640400759419162,0.027811791105613,0.9706241688184343,0.0,0.0
no-renewal,375.0,0.0015372023720387753,0.027354703303154822,0.9711080943247955,0.0,0.0
no-renewal,380.0,0.001510822599205791,0.0269050525669146,0.9715841248338691,0.0,0.0
no-renewal,385.0,0.0014848929916924647,0.02646271928073107,0.9720523877275661,0.0,0.0
no-renewal,390.0,0.0014594059145536997,0.026027585726607388,0.9725130083588293,0.0,0.0
no-renewal,395.0,0.0014343538614630213,0.025599536055067346,0.9729661100834611,0.0,0.0
no-renewal,400.0,0.0014097294525620462,0.025178456255965553,0.9734118142914642,0.0,0.0
no-renewal,405.0,0.0013855254323456158,0.024764234129744912,0.9738502404379012,0.0,0.0
no-renewal,410.0,0.0013617346675819937,0.0243567592591346,0.9742815060732756,0.0,0.0
no-renewal,415.0,0.0013383501452675607,0.02395592298128208,0.974705726873442,0.0,0.0
no-renewal,420.0,0.001315364970615439,0.0235616183603125,0.9751230166690634,0.0,0.0
no-renewal,425.0,0.0012927723650774867,0.023173740160309236,0.9755334874746067,0.0,0.0
no-renewal,430.0,0.0012705656643991123,0.022792184818709146,0.9759372495168847,0.0,0.0
no-renewal,435.0,0.001248738316706376,0.02241685042010637,0.9763344112631814,0.0,0.0
no-renewal,440.0,0.0012272838806248374,0.022047636670458573,0.9767250794489117,0.0,0.0
no-renewal,445.0,0.0012061960234296405,0.021684444871689548,0.9771093591048754,0.0,0.0
no-renewal,450.0,0.0011854685192263065,0.021327177896682252,0.9774873535840867,0.0,0.0
no-renewal,455.0,0.001165095247161744,0.020975740164656382,0.977859164588176,0.0,0.0
no-renewal,460.0,0.0011450701896649697,0.020630037616924793,0.9782248921934036,0.0,0.0
no-renewal,465.0,0.0011253874307170545,0.02028997769302296,0.9785846348762535,0.0,0.0
no-renewal,470.0,0.0011060411541498135,0.019955469307205955,0.9789384895386373,0.0,0.0
no-renewal,475.0,0.001087025641972767,0.01962642282530737,0.9792865515327139,0.0,0.0
no-renewal,480.0,0.0010683352727279066,0.019302750041954742,0.9796289146853111,0.0,0.0
no-renewal,485.0,0.001049964519871807,0.018984364158136126,0.9799656713219869,0.0,0.0
no-renewal,490.0,0.0010319079501846379,0.018671179759112547,0.980296912290698,0.0,0.0
no-renewal,495.0,0.0010141602222056253,0.018363112792671,0.9806227269851197,0.0,0.0
no-renewal,500.0,0.0009967160846945352,0.01806008054771308,0.9809432033675888,0.0,0.0
no-renewal,505.0,0.000979570375118743,0.01776200163317395,0.9812584279917034,0.0,0.0
no-renewal,510.0,0.0009627180181654727,0.01746879595726681,0.9815684860245653,0.0,0.0
no-renewal,515.0,0.0009461540242787864,0.017180384707047913,0.9818734612686701,0.0,0.0
no-renewal,520.0,0.00092987348822092,0.016896690328297236,0.98217343618348,0.0,0.0
no-renewal,525.0,0.0009138715876575601,0.016617636505710166,0.9824684919066314,0.0,0.0
no-renewal,530.0,0.000898143581766672,0.01634314814339531,0.9827587082748366,0.0,0.0
no-renewal,535.0,0.0008826848098704835,0.016073151345673983,0.9830441638444538,0.0,0.0
no-renewal,540.0,0.0008674906900902488,0.015807573398176712,0.983324935911732,0.0,0.0
no-renewal,545.0,0.000852556718023413,0.015546342749232243,0.983601100532745,0.0,0.0
no-renewal,550.0,0.0008378784654428088,0.015289388991544717,0.9838727325430124,0.0,0.0
no-renewal,555.0,0.0008234515790175203,0.015036642844154548,0.9841399055768281,0.0,0.0
no-renewal,560.0,0.0008092717790550603,0.014788036134678752,0.984402692086266,0.0,0.0
no-renewal,565.0,0.0007953348582645028,0.014543501781826503,0.9846611633599084,0.0,0.0
no-renewal,570.0,0.0007816366805402284,0.0143029737781857,0.984915389541272,0.0,0.0
no-renewal,575.0,0.000768173179765944,0.014066387173276462,0.9851654396469567,0.0,0.0
no-renewal,580.0,0.0007549403586386373,0.013833678056867508,0.9854113815844934,0.0,0.0
no-renewal,585.0,0.0007419342875121395,0.013604783542551378,0.9856532821699359,0.0,0.0
no-renewal,590.0,0.0007291511032599715,0.01337964175157463,0.9858912071451644,0.0,0.0
no-renewal,595.0,0.0007165870081571547,0.013158191796919102,0.9861252211949224,0.0,0.0
no-renewal,600.0,0.000704238268780674,0.012940373767630397,0.9863553879635868,0.0,0.0
stress,0.0,1.0,0.0,0.0,0.0,0.0
stress,5.0,0.9573525922408574,0.02272941931501808,2.4682052003412126e-06,0.00012293391437123615,0.019792586324551522
stress,10.0,0.8942368744270042,0.04138181528208343,0.024838412135596923,0.0004497896888899046,0.039093108466422825
stress,15.0,0.5755576800393174,0.05685586249209938,0.31159967719292175,0.0009472793772752313,0.05503950089838321
stress,20.0,0.305356050200584,0.06690916890585238,0.5614556007174024,0.0015735828133267465,0.06470559736283099
stress,25.0,0.15477714072120774,0.07092088794916362,0.7015341188220438,0.0022678140649140207,0.07050003844266674
stress,30.0,0.07109139911281523,0.07096129359417937,0.7809088844122384,0.002979606088969292,0.0740588167917941
stress,35.0,0.030201000922091145,0.06901357170653348,0.8207022502521705,0.003680117545038644,0.07640305957416293
stress,40.0,0.012856252995570448,0.06630442621905555,0.838330012346077,0.004356478777864381,0.07815282966142889
stress,45.0,0.006440293992232161,0.06341954798972842,0.8455074131293744,0.00500454034147969,0.0796282045471786
stress,50.0,0.00431262375092182,0.060578548735559457,0.8485153161487115,0.00562388671239141,0.08096962465240697
stress,55.0,0.0036164154634324716,0.05784494854478582,0.8500928900557011,0.006215359572236982,0.08223038636383369
stress,60.0,0.0033323673912057684,0.055230509276411086,0.8512280544684837,0.006780114794965789,0.08342895406892223
stress,65.0,0.003154678412076264,0.05273336402471754,0.8522204965279632,0.007319338957310683,0.08457212207791898
stress,70.0,0.003005064083750466,0.05034885119016913,0.8531485830204524,0.00783418150221911,0.08566332020339439
stress,75.0,0.0028660569931715143,0.04807198930376079,0.8540311255582369,0.00832574281071467,0.08670508533410035
stress,80.0,0.002734060468680397,0.0458979380248019,0.8548732419193756,0.008795074058437482,0.08769968552868768
stress,85.0,0.0026082252423714654,0.04382206358831797,0.8556772738943165,0.009243179080974247,0.08864925819399978
stress,90.0,0.0024881885440510235,0.04183993945957721,0.8564450158708954,0.009671016459435085,0.08955583966602002
stress,95.0,0.00237367311580044,0.03994733822528394,0.8571781134149999,0.010079501552371159,0.09042137369152405
stress,100.0,0.0022644239393098185,0.03814022277447497,0.8578781286634896,0.010469508441027009,0.09124771618167603
stress,105.0,0.0021601988944140718,0.03641473775826835,0.85854655231115,0.010841871787652278,0.09203663924849179
stress,110.0,0.0020607671124429224,0.03476720142137805,0.8591848078641822,0.011197388610336239,0.09278983499163546
stress,115.0,0.0019659083380272387,0.033194097799112074,0.8597942547782995,0.011536819978070505,0.0935089191064641
stress,120.0,0.0018754124292767853,0.031692069264408956,0.8603761913479328,0.011860892629614827,0.09419543432873666
stress,125.0,0.0017890788925951258,0.03025790940931085,0.8609318574542891,0.012170300519585288,0.09485085372418618
stress,130.0,0.0017067164399811575,0.028888556245899654,0.8614624371890575,0.01246570629503019,0.09547658382999606
stress,135.0,0.0016281425667275292,0.02758108571238711,0.8619690613603797,0.012747742705614224,0.09607396765485111
stress,140.0,0.0015531831484828877,0.026332705470688545,0.8624528098864623,0.013017013950390165,0.09664428754393384
stress,145.0,0.0014816720567826579,0.025140748982421482,0.8629147140818422,0.013274096964004525,0.09718876791490659
stress,150.0,0.001413450792201987,0.02400266985085417,0.8633557588411372,0.013519542645056667,0.09770857787070371
stress,155.0,0.0013483681343238597,0.022916036416886727,0.863776884724862,0.013753877029207903,0.09820483369467059
stress,160.0,0.001286279807752364,0.02187852659768076,0.8641789899516783,0.01397760240952134,0.09867860123331675
stress,165.0,0.0012270481634363115,0.02088792295706241,0.864562932301288,0.014191198406402025,0.09913089817175826
stress,170.0,0.0011705418746020468,0.019942107997310124,0.8649295309319609,0.014395122989401125,0.09956269620667027
stress,175.0,0.0011166356466263405,0.019039059662403327,0.8652795681165206,0.014589813453045138,0.09997492312134833
stress,180.0,0.001065209940210891,0.018176847043252158,0.8656137909004326,0.014775687348756205,0.10036846476729157
stress,185.0,0.0010161507072491724,0.017353626275852383,0.8659329126854997,0.014953143374834724,0.10074416695650674
stress,190.0,0.0009693491388042307,0.01656763662371504,0.8662376147424807,0.015122562226389066,0.1011028372685526
stress,195.0,0.0009247014246426614,0.01581719673630746,0.8665285476558234,0.015284307407011607,0.10144524677615535
stress,200.0,0.0008821085237953612,0.015100701075611966,0.8668063327035559,0.015438726003919618,0.10177213169305674
stress,205.0,0.0008414759456398983,0.01441661650326214,0.8670715631752275,0.015586149428203005,0.10208419494760604
stress,210.0,0.0008027135410224515,0.013763479021053963,0.8673248056306928,0.015726894121746784,0.102382107685421
stress,215.0,0.0007657353029593384,0.013139890657951401,0.8675666011023809,0.015861262232326166,0.10266651070431693
stress,220.0,0.0007304591764792048,0.012544516497014466,0.8677974662435792,0.015989542258304065,0.10293801582455855
stress,225.0,0.0006968068771870375,0.011976081835971666,0.8680178944251501,0.016112009664298925,0.10319720719732671
stress,230.0,0.0006647037181503427,0.011433369475440198,0.8682283567830097,0.01622892746912608,0.10344464255420524
stress,235.0,0.0006340784447261168,0.0109152171290656,0.8684293032185524,0.01634054680726011,0.10368085440032448
stress,240.0,0.0006048630769647084,0.010420514950109233,0.8686211633541453,0.016447107465009138,0.10390635115369926
stress,245.0,0.0005769927592433198,0.009948203169257111,0.8688043474456945,0.01654883839253687,0.1041216182331949
stress,250.0,0.0005504056167978047,0.009497269838657606,0.8689792472542314,0.016645958192819377,0.1043271190974189
stress,255.0,0.000525042618836582,0.009066748677419384,0.8691462368783217,0.01673867558857409,0.10452329623677321
stress,260.0,0.0005008474479349708,0.008655717014014453,0.8693056735490877,0.016827189868150925,0.10471057212073603
stress,265.0,0.00047776637542206243,0.00826329382123545,0.8694578983895063,0.01691169131133255,0.10488935010242685
stress,270.0,0.0004557481424854279,0.00788863783955119,0.8696032371395758,0.016992361595947133,0.10506001528236443
stress,275.0,0.0004347438467315455,0.007530945784890766,0.8697420008488934,0.017069374186156706,0.10522293533325146
stress,280.0,0.00041470683395183016,0.007189450637064585,0.8698744865381162,0.01714289470324652,0.1053784612875448
stress,285.0,0.00039559259485560694,0.0068634200052003986,0.8700009778306766,0.01721308127970133,0.10552692828948933
stress,290.0,0.00037735866654230177,0.006552154566735078,0.8701217455561037,0.017280084897321055,0.10566865631321931
stress,295.0,0.0003599645384955503,0.006254986576657785,0.8702370483262253,0.017344049710095316,0.1058039508484492
stress,300.0,0.00034337156289188466,0.005971278443848371,0.8703471330854499,0.01740511335252134,0.10593310355521181
stress,305.0,0.00032754286902614944,0.00570042137149652,0.8704522356363209,0.017463407234020758,0.10605639288905759
stress,310.0,0.0003124432816648707,0.005441834058722139,0.8705525811414335,0.017519056820081477,0.10617408469801923
stress,315.0,0.00029803924314744196,0.005194961460646813,0.8706483846027708,0.01757218190072179,0.10628643279263389
stress,320.0,0.0002842987390632483,0.004959273604289416,0.8707398513194863,0.01762289684684782,0.10639367949023479
stress,325.0,0.00027119122734072616,0.004734264457776851,0.8708271773250981,0.017671310855048722,0.106496056134656
stress,330.0,0.00025868757059186706,0.0045194508504734525,0.8709105498050139,0.017717528181351378,0.10659378359248682
stress,335.0,0.0002467599715628474,0.004314371441740104,0.870990147495272,0.01776164836443057,0.1066870727269111
stress,340.0,0.00023538191154830868,0.004118585736136828,0.8710661410633447,0.0178037664387503,0.10677612485013467
stress,345.0,0.00022452809163333866,0.003931673142980746,0.8711386934718023,0.017843973138089546,0.10686113215540727
stress,350.0,0.00021417437663343985,0.003753232078264976,0.8712079603256205,0.017882355089885164,0.10694227812950757
stress,355.0,0.0002042977416087106,0.0035828791070336074,0.8712740902038548,0.017918995000806254,0.10701973794660731
stress,360.0,0.00019487622083414136,0.0034202481243933262,0.8713372249763826,0.017953971833954446,0.10709367884434325
stress,365.0,0.00018588885911333976,0.0032649895734240446,0.8713975001063992,0.017987360978067718,0.10716426048290258
stress,370.0,0.00017731566532816368,0.003116769698328791,0.871455044939288,0.018019234409087797,0.10723163528787384
stress,375.0,0.0001691375681216707,0.002975269831237724,0.8715099829784895,0.018049660844435354,0.10729594877762176
stress,380.0,0.00016133637361649437,0.0028401857111522598,0.8715624321489561,0.01807870589032198,0.10735733987585702
stress,385.0,0.00015389472507524593,0.002711226833583344,0.8716125050487395,0.018106432182411692,0.10741594121009379
stress,390.0,0.00014679606441382237,0.002588115829502781,0.8716603091892503,0.018132899520132875,0.10747187939660345
stress,395.0,0.00014002459548258724,0.0024705878722886144,0.8717059472246985,0.018158164994926142,0.10752527531250798
stress,400.0,0.00013356524903428905,0.0023583901114047866,0.8717495171712001,0.018182283112702154,0.10757624435556087
stress,405.0,0.00012740364930130323,0.0022512811316118763,0.8717911126160248,0.018205305910769326,0.10762489669219392
stress,410.0,0.00012152608210833284,0.0021490304365598227,0.871830822917403,0.018227283069481553,0.10767133749434694
stress,415.0,0.00011591946445008985,0.002051417955665111,0.8718687333953451,0.018248262018844164,0.10771566716559312
stress,420.0,0.00011057131546671245,0.00195823357322426,0.8719049255138623,0.01826828804030484,0.10775798155704062
stress,425.0,0.00010546972875275541,0.0018692766787625388,0.8719394770549702,0.018287404363946977,0.10779837217346609
stress,430.0,0.00010060334593853515,0.0017843557376618223,0.8719724622848619,0.018305652261292632,0.10783692637014151
stress,435.0,9.596133148541807e-05,0.0017032878811544866,0.8720039521125904,0.018323071133913568,0.10787372754075042
stress,440.0,9.153334863931976e-05,0.001625898514811268,0.8720340142415987,0.018339698598038502,0.10790885529680488
stress,445.0,8.730953648923933e-05,0.0015520209446902387,0.8720627133144226,0.01835557056533846,0.1079423856389507
stress,450.0,8.328048808009219e-05,0.0014814960203514704,0.8720901110508684,0.018370721320061276,0.10797439112052964
stress,455.0,7.943722953143199e-05,0.001414171793977733,0.8721162663799659,0.018385183592681313,0.10800494100373186
stress,460.0,7.57712001158734e-05,0.0013499031948757372,0.8721412355659787,0.018398988630220346,0.10803410140869658
stress,465.0,7.227423325314624e-05,0.0012885517186650515,0.8721650723287199,0.018412166263390664,0.10806193545585664
stress,470.0,6.893853837773306e-05,0.0012299851304929748,0.8721878279584564,0.018424744970703576,0.10808850340185422
stress,475.0,6.57566836399722e-05,0.0011740771816434238,0.8722095514256237,0.01843675193968016,0.1081138627692949
stress,480.0,6.272157940234823e-05,0.0011207073389363116,0.8722302894856049,0.018448213125295217,0.10813806847064515
stress,485.0,5.9826462494448635e-05,0.0010697605263410375,0.8722500867787643,0.018459153305778613,0.10816117292650362
stress,490.0,5.706488119174139e-05,0.0010211268782536523,0.8722689859259941,0.018469596135895175,0.10818322617854648
stress,495.0,5.443068088492659e-05,0.0009747015039120141,0.872287027619938,0.018479564197813915,0.10820427599733028
stress,500.0,5.1917990408142e-05,0.0009303842624469135,0.872304250712101,0.01848907904967879,0.10822436798524336
stress,505.0,4.952120899575698e-05,0.0008880795480897287,0.8723206922960293,0.01849816127198214,0.10824354567478026
stress,510.0,4.7234993838879346e-05,0.0008476960850787565,0.8723363877867449,0.018506830511841297,0.10826185062237138
stress,515.0,4.5054248214024075e-05,0.000809146731826964,0.8723513709965919,0.01851510552527302,0.10827932249796929
stress,520.0,4.297411015765826e-05,0.0007723482939335919,0.872365674207651,0.018523004217555355,0.10829599917057735
stress,525.0,4.098994166154241e-05,0.0007372213456408302,0.8723793282409095,0.018530543681764742,0.10831191678989754
stress,530.0,3.909731836494006e-05,0.0007036900593547499,0.8723923625222881,0.018537740235568843,0.10832710986429683
stress,535.0,3.7292019720865716e-05,0.0006716820428668037,0.8724048051456982,0.018544609456355648,0.10834161133522979
stress,540.0,3.5570019614589446e-05,0.0006411281839286005,0.8724166829332543,0.018551166214773453,0.10835545264829934
stress,545.0,3.3927477413616184e-05,0.0006119625018482851,0.8724280214927624,0.018557424706752552,0.10836866382109324
stress,550.0,3.236072942931227e-05,0.0005841220057917922,0.8724388452726174,0.018563398484078873,0.10838127350795076
stress,555.0,3.086628077126164e-05,0.0005575465594865115,0.8724491776142297,0.018569100483583754,0.10839330906179769
stress,560.0,2.9440797576303046e-05,0.0005321787520385199,0.8724590408020619,0.018574543055012563,0.1084047965931761
stress,565.0,2.8081099595028457e-05,0.0005079637745875483,0.872468456111439,0.018579737987632936,0.10841576102660697
stress,570.0,2.6784153119313046e-05,0.00048484930253627764,0.8724774438541733,0.0185846965356375,0.1084262261543927
stress,575.0,2.5547064235202262e-05,0.00046278538310241997,0.8724860234221379,0.01858942944239787,0.10843621468798328
stress,580.0,2.436707238620083e-05,0.00044172432795337946,0.8724942133288808,0.0185939469636202,0.10844574830701512
stress,585.0,2.324154423269559e-05,0.00042162061069410704,0.8725020312493424,0.018598258889452827,0.1084548477061317
stress,590.0,2.2167967793899226e-05,0.0004024307689891002,0.8725094940577967,0.018602374565592703,0.10846353263967988
stress,595.0,2.114394685932736e-05,0.00038411331110937025,0.8725166178640655,0.01860630291343657,0.10847182196437599
stress,600.0,2.0167195657417807e-05,0.00036662862670462637,0.8725234180481088,0.01861005244931957,0.10847973368005287
support,0.0,1.0,0.0,0.0,0.0,0.0
support,5.0,0.9718010660417771,0.023085355597134892,2.5342440557547018e-06,0.0001242493364484282,0.004986794780582147
support,10.0,0.921278212896743,0.04266364379792456,0.025676319171630196,0.0004590571807776824,0.009922766952921972
support,15.0,0.6013810208852572,0.0594983558454452,0.324086016914302,0.0009761614646894144,0.014058444890303159
support,20.0,0.32375293580620024,0.07106482558985769,0.5869438577317839,0.0016367840811017317,0.016601596791052966
support,25.0,0.1664754058458364,0.0764512614734622,0.7365445865698617,0.0023798978244787597,0.018148848286357547
support,30.0,0.0775611217801576,0.07764113495763528,0.8225312194003074,0.0031531563183403474,0.0191133675435569
support,35.0,0.03342457286333564,0.07664491797007551,0.8662464639258123,0.0039255553288671296,0.019758489911906894
support,40.0,0.014441158208393177,0.0747452448606561,0.8858834951808507,0.00468253619356838,0.020247565556528933
support,45.0,0.007349998773358369,0.07257113417972694,0.8939937076833838,0.005418771602384796,0.020666387761142324
support,50.0,0.005003028291661449,0.07036594624875478,0.8974449840053429,0.006132996467223028,0.02105304498701301
support,55.0,0.004262303644349137,0.06820450476767692,0.8992858406192143,0.006825368576278352,0.02142198239247393
support,60.0,0.003988009385153016,0.0661044814631368,0.900633041456178,0.007496440535384427,0.02177802716013997
support,65.0,0.0038326432964110512,0.06406806790432668,0.9018297022268331,0.008146843400966724,0.0221227431714535
support,70.0,0.003706032661317877,0.06209405479109423,0.902965950551078,0.008777208019510093,0.022456753976989773
support,75.0,0.0035879469233176062,0.06018064723470859,0.9040628111895903,0.009388149193798176,0.02278044545857426
support,80.0,0.0034743508426943125,0.05832600605397407,0.9051252343861168,0.009980263393782263,0.02309414532342078
support,85.0,0.0033644554699922406,0.05652833450245044,0.9061549185102014,0.010554128897044147,0.02339816262029946
support,90.0,0.003258044966719906,0.054785888966069854,0.9071529642744495,0.011110306288515653,0.023692795504231853
support,95.0,0.003154995829745583,0.05309697882134018,0.9081203535769142,0.011649338993580186,0.02397833277840595
support,100.0,0.0030552004203947634,0.05145996498637043,0.9090580264313839,0.012171753800692887,0.02425505436114317
support,105.0,0.0029585560062751165,0.049873258371156096,0.909966892671949,0.012678061368727917,0.02452323158187611
support,110.0,0.0028649632626958337,0.048335318360455966,0.9108478342112181,0.013168756718971997,0.02478312744664098
support,115.0,0.0027743260079338304,0.04684465134126996,0.9117017060457878,0.013644319712177659,0.025034996892814517
support,120.0,0.002686551087537182,0.04539980927474601,0.9125293370907883,0.014105215511122827,0.025279087035788756
support,125.0,0.0026015482775916606,0.043999388311275194,0.9133315309738924,0.014551895029115684,0.025515637408108256
support,130.0,0.002519230192565935,0.04264202744748275,0.9141090668037481,0.014984795364869095,0.025744880191316866
support,135.0,0.0024395121961892576,0.0413264072238539,0.9148626999150348,0.015404340224157199,0.025967040440746412
support,140.0,0.0023623123151338445,0.040051248461771535,0.9155931625909643,0.015810940328654342,0.026182336303456455
support,145.0,0.002287551155402476,0.038815311038778416,0.9163011647639193,0.016204993812344057,0.02639097922953528
support,150.0,0.002215151821335756,0.0376173927009132,0.9169873946948942,0.016586886605874616,0.026593174176962095
support,155.0,0.0021450398371570824,0.036456327911002916,0.9176525196323673,0.016956992809225427,0.026789119810226848
support,160.0,0.0020771430709759795,0.03533098673182915,0.9182971864512361,0.017315675053039124,0.026979008692897946
support,165.0,0.002011391661172948,0.03424027374311649,0.9189220222724093,0.0176632848489612,0.027163027474318528
support,170.0,0.0019477179450913661,0.03318312699132444,0.9195276350636266,0.018000162929321963,0.02734135707061247
support,175.0,0.0018860563899643047,0.03215851697125352,0.920114614222105,0.018326639576481996,0.027514172840171453
support,180.0,0.0018263435260063813,0.031165445638506747,0.9206835311395154,0.018643034942155266,0.027681644753791576
support,185.0,0.001768517881602934,0.03020294545187578,0.9212349397498625,0.018949659357012587,0.02784393755961974
support,190.0,0.0017125199205309254,0.029270078444749614,0.9217693770607608,0.01924681363086159,0.02800121094307092
support,195.0,0.0016582919811480353,0.028365935324670088,0.922287363668601,0.0195347893436869,0.02815361968186674
support,200.0,0.0016057782174883697,0.02748963460018526,0.922789404258127,0.01981386912782916,0.028301313796343056
support,205.0,0.0015549245422051463,0.026640321734176856,0.923275988086848,0.020084326941570748,0.028444438695171725
support,210.0,0.001505678571302573,0.025817168322862946,0.9237475894547791,0.020346428334388815,0.02858313531663851
support,215.0,0.0014579895706009428,0.02501937129970091,0.924204668159938,0.020600430704128272,0.028717540265603123
support,220.0,0.001411808403880711,0.024246152163438874,0.9246476699400256,0.020846583546340888,0.028847785946283903
support,225.0,0.0013670874826530184,0.02349675622958674,0.9250770269007167,0.021085128696025978,0.028974000690987243
support,230.0,0.0013237807175057576,0.02277045190459929,0.9254931579309525,0.021316300562005723,0.02909630888490507
support,235.0,0.0012818434709758791,0.02206652998208574,0.9258964691056456,0.021540326354156515,0.029214831087104494
support,240.0,0.0012412325119001643,0.021384302960380148,0.9262873540761534,0.021757426303714397,0.02932968414782
support,245.0,0.0012019059711981834,0.02072310438082739,0.9266661944489145,0.02196781387686478,0.029440981322163717
support,250.0,0.0011638232990426114,0.020082288186158828,0.9270333601525835,0.022171695981819062,0.029548832380363755
support,255.0,0.0011269452233734654,0.01946122809835044,0.9273892097940329,0.022369273169577753,0.029653343714633174
support,260.0,0.0010912337097141863,0.018859317015374567,0.9277340910035354,0.02256073982857068,0.02975461844277243
support,265.0,0.0010566519222488067,0.018275966426274104,0.9280683407694745,0.022746284373359994,0.02985275650860891
support,270.0,0.00102316418612071,0.01771060584400515,0.9283922857628888,0.022926089427587323,0.029947854779364694
support,275.0,0.0009907359509147313,0.01716268225551082,0.9287062426521527,0.02310033200133886,0.030040007140048484
support,280.0,0.000959333755285537,0.016631659588504988,0.9290105184081133,0.023269183663099397,0.03012930458496128
support,285.0,0.0009289251926963786,0.016117018194460563,0.9293054105999436,0.023432810706457908,0.030215835306407583
support,290.0,0.0008994788782334492,0.015618254347312038,0.9295912076820068,0.023591374311725304,0.030299684780688018
support,295.0,0.0008709644164621366,0.01513487975739677,0.9298681892720183,0.02374503070261952,0.030380935851469337
support,300.0,0.0008433523702925448,0.014666421100173875,0.9301366264207335,0.023893931298166672,0.03045966881059965
support,305.0,0.0008166142308226567,0.01421241955927336,0.9303967818734529,0.024038222859964015,0.03053596147645182
support,310.0,0.0007907223881285063,0.013772430383441774,0.9306489103235736,0.02417804763494675,0.03060988926987375
support,315.0,0.0007656501029716903,0.013346022456963591,0.9308932586584239,0.02431354349379444,0.030681525287810006
support,320.0,0.0007413714793954685,0.01293277788315019,0.9311300661976332,0.024444844065109435,0.03075094037467539
support,325.0,0.0007178614381816074,0.012532291580500786,0.9313595649242435,0.024572078865497143,0.030818203191539224
support,330.0,0.0006950956911409887,0.012144170891151341,0.9315819797087985,0.02469537342567159,0.030883380283198217
support,335.0,0.0006730507162118509,0.011768035201239261,0.931797528526612,0.024814849412707833,0.030946536143189422
support,340.0,0.0006517037333403443,0.011403515572822816,0.9320064226684197,0.024930624748558727,0.031007733276818106
support,345.0,0.0006310326811188804,0.011050254387005094,0.9322088669446328,0.025042813724949233,0.031067032262253692
support,350.0,0.0006110161941585132,0.010707904997922938,0.9324050598833654,0.025151527114758307,0.031124491809752342
support,355.0,0.0005916335811723401,0.010376131397271438,0.9325951939224433,0.025256872279996512,0.03118016881907386
support,360.0,0.0005728648037476286,0.010054607889044638,0.9327794555955545,0.02535895327648177,0.03123411843512944
support,365.0,0.0005546904557850725,0.009743018774182606,0.9329580257127429,0.025457870955314463,0.03128639410193196
support,370.0,0.0005370917435842515,0.009441058044824506,0.9331310795354067,0.025553723061249034,0.031337047614891145
support,375.0,0.0005200504665550361,0.009148429087876248,0.933298786945959,0.025646604328056724,0.03138612917150844
support,380.0,0.0005035489985352979,0.008864844397610178,0.9334613126123243,0.025736606570971828,0.0314336874205129
support,385.0,0.0004875702696959101,0.008590025297022784,0.9336188161474284,0.025823818776309015,0.0314797695094978
support,390.0,0.0004720977490146167,0.008323701667684622,0.9337714522638227,0.025908327188338593,0.03152442113109265
support,395.0,0.0004571154273009224,0.008065611687824778,0.933919370923601,0.025990215393503848,0.03156768656772361
support,400.0,0.00044260780075471544,0.007815501578399867,0.9340627174837425,0.026069564402060524,0.03160960873499552
support,405.0,0.0004285598550418785,0.00757312535690524,0.9342016328370365,0.02614645272721773,0.031650229223751346
support,410.0,0.00041495704987066454,0.007338244598693255,0.934336253548695,0.026220956461855738,0.03168958834083604
support,415.0,0.00040178530405312305,0.007110628205570723,0.9344667119888166,0.02629314935289574,0.0317277251486147
support,420.0,0.0003890309810363551,0.00689005218145437,0.9345931364607953,0.02636310287339145,0.03176467750327342
support,425.0,0.0003766808748888519,0.006676299414870036,0.9347156513258273,0.026430886292413903,0.03180048209195066
support,430.0,0.00036472219672763136,0.006469159468087591,0.9348343771236155,0.02649656674279572,0.031835174468724546
support,435.0,0.000353142561572339,0.006268428372690017,0.9349494306893869,0.026560209286800078,0.031868789089499874
support,440.0,0.00034192997561290756,0.006073908431381115,0.9350609252673531,0.02662187697977822,0.03190135934582434
support,445.0,0.00033107282387779267,0.005885408025842238,0.9351689706206904,0.02668163093187638,0.03193291759766257
support,450.0,0.0003205598582902093,0.005702741430454156,0.9352736731381827,0.02673953036785224,0.03196349520516913
support,455.0,0.0003103801861001849,0.005525728631705794,0.9353751359375979,0.02679563268505829,0.03199312255948464
support,460.0,0.0003005232586806291,0.005354195153116887,0.9354734589659157,0.026849993509647868,0.03202182911258648
support,465.0,0.00029097886067598865,0.0051879718855069,0.935568739096485,0.02690266675105843,0.03204964340621938
support,470.0,0.00028173709949241415,0.005026894922447617,0.9356610702232343,0.026953704654824735,0.0320765930999451
support,475.0,0.000272788395118714,0.00487080540074171,0.935750543351985,0.027003157853772813,0.032102704998325265
support,480.0,0.00026412347026770396,0.0047195493457744,0.9358372466889873,0.027051075417643913,0.03212800507726983
support,485.0,0.00025573334082788914,0.0045729775215899455,0.9359212657267516,0.02709750490119704,0.03215251850957675
support,490.0,0.0002476093066157301,0.004430945285549152,0.9360026833272512,0.027142492390836076,0.03217626968968863
support,495.0,0.0002397429424190484,0.004293312447428521,0.9360815798026016,0.027186082549806163,0.03219928225768594
support,500.0,0.0002321260893224263,0.004159943132825817,0.9361580329932429,0.02722831866200467,0.032221579122545266
support,505.0,0.0002247508463057389,0.004030705650740955,0.9362321183437641,0.027269242674447015,0.03224318248468183
support,510.0,0.0002176095621072364,0.0039054723652050954,0.9363039089763997,0.027308895238429977,0.03226411385779766
support,515.0,0.00021069482734286383,0.0037841195708346606,0.9363734757622676,0.027347315749431292,0.032284394090063326
support,520.0,0.0002039994668737645,0.003666527372190753,0.9364408873904468,0.027384542385785908,0.03230404338464213
support,525.0,0.0001975165324141675,0.003552579566828045,0.9365062104349354,0.027420612146173393,0.03232308131958735
support,530.0,0.00019123929537210343,0.0034421635319207815,0.9365695094195632,0.02745556088595589,0.03234152686712525
support,535.0,0.0001851612399156301,0.0033351701143568696,0.9366308468809161,0.027489423352399896,0.03235939841234731
support,540.0,0.0001792760562574783,0.003231493524194408,0.9366902834293382,0.027522233218816364,0.032376713771327635
support,545.0,0.0001735776341512523,0.0031310312313781873,0.9367478778080696,0.02755402311765289,0.032393490208681465
support,550.0,0.00016806005659253265,0.0030336838656167603,0.9368036869505719,0.027584824672569296,0.03240974445458228
support,555.0,0.00016271759371843896,0.0029393551193237803,0.9368577660361005,0.0276146685295282,0.032425492721260406
support,560.0,0.00015754469689941306,0.0028479516535301775,0.9369101685435826,0.02764358438693007,0.03244075071898909
support,565.0,0.00015253599301717636,0.002759383006676557,0.9369609463038332,0.027671601024823002,0.03245553367158061
support,570.0,0.0001476862789230081,0.002673561506198025,0.9370101495501895,0.027698746333214636,0.032469856331405
support,575.0,0.00014299051607067189,0.0025904021828162542,0.9370578269675787,0.0277250473395144,0.032483732993948314
support,580.0,0.00013844382531849855,0.0025098226874562114,0.9371040257401007,0.027750530235131937,0.032497177511921105
support,585.0,0.00013404148189530366,0.002431743210707479,0.937148791597136,0.027775220401258387,0.03251020330893143
support,590.0,0.00012977891052498615,0.0023560864047525235,0.9371921688580541,0.027799142433854895,0.03252282339273973
support,595.0,0.00012565168070481612,0.0022827773076866485,0.9372342004755557,0.02782232016787336,0.032535050368104335
support,600.0,0.00012165550213257654,0.002211743270156614,0.9372749280776742,0.027844776700731946,0.03254689644922966
