sample,U,D,kappa,koff,shedding,loss,mean_live_s,wall_live_s,outlet_fraction,shed_fraction,dead_fraction,closure
0,166.82949415926075,30.06146795007204,1.3526019982346762,0.0246972118590316,0.00024042883903392767,0.00024244233964581258,18.370876725793742,6.3475046858108275,0.9940199984828716,0.001526123182371913,0.0044538783347462425,1.0325074129013956e-14
1,27.199840295794505,319.5596225797613,0.06669349169301506,0.005377125500327933,0.003050371452033994,0.008333323651869621,47.961651159157945,1.0508299458757535,0.5971146163448118,0.003205421667841826,0.3996799619873308,1.554312234475219e-14
2,67.73173013347605,71.89339484567458,0.042242368035899376,0.0016229043361147518,0.00249515418587193,0.0007088124739820402,27.232738748726103,1.5603244109251202,0.9768038450889786,0.0038932499852379686,0.01930290492579113,7.771561172376096e-15
3,97.1326768547226,267.6624220950702,0.04283191319937947,0.0010840732915406307,0.004317944521040127,0.0006477928080888384,17.96002952169175,0.7496697783078184,0.985128589530964,0.0032370325118336106,0.011634377957215164,1.2878587085651816e-14
4,23.343556209041168,43.61709477019866,0.0326079398751995,0.002915335597431913,0.00029419977565099177,0.0003393868971046968,76.42384052766653,4.262197701894195,0.9728088122907999,0.0012539376076774447,0.025937250101508918,1.3766765505351941e-14
5,35.84719895949091,130.12298103476624,0.14350769633227964,0.0020179430499058216,0.0030359298557552975,0.0033333350379687243,46.43917582840949,4.17344215051299,0.8325323904507574,0.012670277626009974,0.15479733192322717,5.329070518200751e-15
6,25.93497855767308,67.32292676956403,2.6443176395306294,0.001021267828284201,0.007882633699035729,0.0035440794522492067,68.41998728209033,22.545282497194147,0.5797979253837363,0.17771620356666298,0.2424858710496085,7.771561172376096e-15
7,88.57609651533652,13.962775836138388,0.02196989876496731,0.007417803340277923,0.003765574876050116,0.00579027049552501,21.262515409231053,0.2631649240514524,0.8758933171390291,0.0009909672262657858,0.12311571563471659,1.1546319456101628e-14
8,64.02100804793176,10.40321023463709,0.20071635269672145,0.04079611028043541,0.0033113829172717424,0.0002523527581343248,32.80513932447812,1.4059255931312826,0.9870659746184278,0.00465555799205007,0.008278467389512836,9.2148511043888e-15
9,155.43078550745795,100.86431834498,0.4048250814745927,0.008491478617840482,0.0006768271090878033,0.00043637718457612706,15.402122888628892,3.7373551461998957,0.99074932169813,0.0025295432792369014,0.006721135022635402,2.4424906541753444e-15
10,209.94418031124724,17.868805051102708,0.35597383270721894,0.0211883130932433,0.006669451378498983,0.006367881763631981,10.545231664311538,1.0083208047085597,0.926124265010612,0.006724946580932703,0.06715078840844384,1.1546319456101628e-14
11,253.3373324358877,11.299219656296533,0.056224011930490474,0.04364543203351319,0.0010769910405383975,0.0018389501416668293,8.887668175981254,0.14164099778894196,0.9835034752630991,0.00015254608559160944,0.016343978651308527,7.771561172376096e-16
12,26.817162110966365,39.94970710187591,0.27238088412961775,0.004349643829780497,0.00023801769033853244,0.0026174413849834556,69.95130420893376,12.845578502586552,0.8138490865037277,0.003057474926247955,0.18309343857003071,6.439293542825908e-15
13,25.552688105912825,51.414938075555796,0.0204918628980384,0.0050084259819905405,0.0016019730247215562,0.00038974181325846576,66.91494168504684,1.2254674311919802,0.9719572835261333,0.001963165767444372,0.02607955070641471,7.549516567451064e-15
14,33.01931906999898,168.7502864392944,0.0877771856222246,0.01305880124026201,0.00038924942326035535,0.00031266571601079227,51.77667952406794,1.8761638376564882,0.9830809117321846,0.0007302956917497231,0.016188792576054038,1.1657341758564144e-14
15,235.8330405564344,19.463038478850777,4.252816421213802,0.019931976404927176,0.0003813896188061289,0.0011645958861761596,24.732744559305072,16.039691666302918,0.9650789755420076,0.006117371890379113,0.028803652567612494,7.771561172376096e-16
16,65.20786494318124,20.105555700099426,0.05055062922083285,0.010326122232840162,0.009847193357442881,0.000766547863744061,29.623425755708,0.6040274877188287,0.9713442508054052,0.005947975464777761,0.022707773729818796,1.7763568394002505e-15
17,128.65160818771648,110.21435396390862,0.08908371507477271,0.002068353495300281,0.0020750473414953776,0.0004566615220701263,15.730136984811313,1.9282760326565571,0.988815387646909,0.004001264055233241,0.007183348297855517,2.220446049250313e-15
18,125.15676492015739,15.84565621940279,0.10998812678307136,0.008298381716204124,0.006815031968629083,0.0011528130682242385,17.265050163891246,1.1008657615881714,0.9725941891891209,0.00750243535839259,0.01990337545248083,5.773159728050814e-15
19,57.12277992046249,39.23129203488783,4.413187853718678,0.015367982104250628,0.0006659485498763513,0.001043816128505102,70.76299120090069,41.65980095566478,0.8983931644486675,0.02774328403456238,0.07386355151676477,5.329070518200751e-15
20,47.256773407947406,49.30758282432342,1.9794196451297041,0.015700482521188795,0.0018164636423086509,0.0009565217842260095,56.22741604533816,21.466859038567236,0.907223482723766,0.03899376895812222,0.05378274831810502,6.772360450213455e-15
21,39.52643085617805,28.317689346000954,0.2131042722671947,0.04563019276705381,0.009278453898958346,0.0018620356861676522,44.273639276307776,1.1548517607223467,0.9068456648890104,0.010715238821993168,0.08243909628899895,2.6645352591003757e-15
22,36.78248312230863,16.962242547673466,0.021110072620578953,0.012522410406701812,0.003407064112374528,0.0004034051879853082,50.721344510244066,0.528710146737722,0.977737397116185,0.001801349366798363,0.020461253517022583,5.995204332975845e-15
23,21.599491868987297,30.56943796060928,0.6763292914121246,0.013576693725161286,0.007360544607924679,0.005067590083504395,66.94134915906506,7.236351729541086,0.607505193121205,0.05326348970392007,0.33923131717488364,8.659739592076221e-15
24,289.99703185720773,283.7806002399531,0.03944236082329941,0.0014501749968564332,0.00020448869530914515,0.006201864829797897,6.191540628832345,0.21301242037125342,0.9615573432998477,4.355863192636078e-05,0.038399098068220006,5.995204332975845e-15
25,44.28065597366655,58.98388211544882,3.040702582360655,0.0015376711160120676,0.002203770712019235,0.00038574011627579957,103.43045862509095,70.63093708245518,0.8044483323587212,0.155654390504788,0.03989727713650185,1.1102230246251565e-14
26,58.645790548021765,83.03732372557438,0.14048444177778963,0.0005608130763760595,0.005639096392711611,0.0029532544910393695,30.34131849840242,2.6700597806777973,0.8953376404029952,0.015056724477544525,0.08960563511946287,2.6645352591003757e-15
27,270.5607803996942,41.15544369159431,0.05342013458304695,0.03407900372845871,0.0008079580729072942,0.0016273972126869042,7.603324913466169,0.11316374696134163,0.9875349386657543,9.143156291785424e-05,0.012373629771327757,1.1102230246251565e-16
28,30.337195130367007,38.449405295717085,0.02315591153090138,0.0005282552087681415,0.002336928442857611,0.00022859164872532248,59.636102331482576,2.8543081483747317,0.9796973711478801,0.006670313896617155,0.013632314955505629,2.886579864025407e-15
29,127.23897989427186,131.00773008119418,0.023366626697467602,0.014639268019700934,0.003566019424088002,0.003854124524627695,13.570375555088203,0.10038404451303404,0.9473401113121199,0.000357971452601994,0.05230191723527366,4.440892098500626e-15
30,259.4203949002641,259.39433021861805,0.26734597517597425,0.0007449811311673579,0.00026982871551348094,0.0018174402924890972,11.128720977746452,4.401347550699278,0.9785866041350566,0.0011876099561335916,0.020225785908825056,1.509903313490213e-14
31,84.46724137920778,155.34833188288783,0.030979892491006716,0.012129294790130168,0.0003789948793948009,0.003177650177854269,19.80720244269161,0.24900815749349603,0.9369652668185836,9.437281661756914e-05,0.06294036036481435,1.554312234475219e-14
32,68.46903978649135,60.964899738638806,2.249721920345411,0.004189427954959183,0.00175974038164894,0.0005067288357821338,64.67224168726362,40.96661195766432,0.895138108901143,0.07209060136124422,0.03277128973760788,4.884981308350689e-15
33,66.24841313209066,121.62569335601565,0.16699233766182003,0.0025269754406230423,0.00024525936708028165,0.005148668252430621,26.844754534351488,3.0963937281382625,0.8610258450186964,0.0007594195659945439,0.13821473541530838,6.661338147750939e-16
34,48.57949307847378,73.2849974266203,0.08004215830577771,0.01669235959177812,0.0011268241115336502,0.0032878798798833303,34.10733049640172,0.825909347789743,0.8869285397373355,0.0009306545670305134,0.11214080569565028,1.6431300764452317e-14
35,178.56662620570057,31.806814379746353,0.1792801582277419,0.002126217389940644,0.0002218273736318961,0.009086413730823925,11.83411318816312,1.444145039012493,0.8921500005337967,0.00032035090114767363,0.10752964856505015,5.551115123125783e-15
36,156.79740305205868,166.64840610648693,0.0728215015791404,0.0013928885405824773,0.004266661254243249,0.0005383770929742803,12.087685323353671,0.914558623302,0.9895901552720605,0.0039021118427766907,0.00650773288517503,1.2212453270876722e-14
37,159.71164099154393,11.37870509257052,1.722071797558982,0.0057976567361328,0.0011591055936873453,0.009737003715461188,16.425546691626927,5.2110370307573035,0.8340242486638825,0.006040142171262687,0.15993560916485278,1.9984014443252818e-15
38,142.91050092452272,21.589717897124682,0.07362532916753659,0.0037815590091542645,0.0004013029748668903,0.0007249489152681847,16.33728398159299,2.1690170949876544,0.9872858706863519,0.000870433012755686,0.011843696300884136,8.326672684688674e-15
39,49.94035200792008,15.987332759143351,4.600735466087877,0.001444674770125112,0.0012102998751202197,0.0013895288697003733,83.06065310698752,51.89383652913114,0.8217777207009476,0.06280710387071656,0.11541517542832713,8.770761894538737e-15
40,118.33356797401235,190.44330219440056,0.6702365492606275,0.01708957452710642,0.0032178380278378026,0.001511016782937756,17.03927808802814,2.79835979695938,0.9652486962696201,0.009004668570228368,0.025746635160154113,2.6645352591003757e-15
41,216.0697600664634,10.232669918527025,0.2843177309729401,0.010839823857180336,0.0031425258401417736,0.0014554070595800444,12.266022074608582,2.2075892622005338,0.9752105385787604,0.006937406300884689,0.017852055120350006,4.884981308350689e-15
42,37.87898822654727,248.15289304571243,0.022366250655518744,0.028274972778724677,0.0007997388740205064,0.0007984634106660049,43.1465677152713,0.1872861830713736,0.9653992643423852,0.00014978004116909878,0.03445095561646725,2.1538326677728037e-14
43,131.34274468636204,21.85687455298513,3.7977949336068795,0.0005786975162986517,0.004090829281269345,0.0007879818372422209,34.02611438785271,20.867264017252857,0.8878236252086915,0.08536441466175619,0.026811960129554124,1.7763568394002505e-15
44,35.17164764619444,14.079115442046897,1.257252962232132,0.008102163481591772,0.0003282600575605777,0.0010984400216779368,88.19330801190877,39.3715830629026,0.8902008227130574,0.012924118122479478,0.09687505916444994,1.3100631690576847e-14
45,73.88781836281198,12.516085100370603,0.04072687710800317,0.01385659940320642,0.0017317210225862066,0.007488652410311328,24.299049293009,0.39061234259551747,0.8173564343382791,0.0006764316053543037,0.18196713405636591,6.661338147750939e-16
46,141.26176794397946,57.332827097019056,0.07714220520865882,0.001048921563784916,0.0005885476869419641,0.005899558086851842,13.717801221724024,1.0460795753881658,0.9184553671540917,0.0006156677144519373,0.08092896513144825,8.104628079763643e-15
47,62.280296375842994,263.76342675344756,1.835736736490028,0.00972379551552311,0.00023492551707373494,0.004103675068072153,40.940806798926204,16.87140353257636,0.8280287086738689,0.00396352319865014,0.16800776812751256,3.1530333899354446e-14
48,74.50296141331476,10.496118049968246,0.7550068665625008,0.0015669619363045128,0.0019110244880095912,0.0005414477954011096,50.82860867068146,25.87697543897213,0.9230274281524481,0.04945153373949848,0.02752103810804617,7.216449660063518e-15
49,26.551070847719114,29.711142297937247,0.12371970651828153,0.0013413677726361979,0.005235103705885582,0.0012689478782046096,67.05510445249409,5.920946668229525,0.8839137976370351,0.03099676984519927,0.08508943251778078,1.509903313490213e-14
50,20.69637476514587,19.259271797594742,0.1923301860890857,0.02512803427080497,0.0005359304619577896,0.0032227180298144936,76.20633130204882,3.246175168068932,0.7526687579694572,0.001739724157419088,0.2455915178731294,5.773159728050814e-15
51,72.15934940894797,25.09618446882204,0.11808636196965276,0.00278804350506512,0.0009639322382790071,0.001181714992601326,30.786554249166258,5.064211342166714,0.958737510699052,0.004881556574172697,0.03638093272677382,1.5543122344752192e-15
52,28.52133538900262,207.27499961180322,0.7378402692463725,0.03569749628664698,0.0015302021246470531,0.002300542959677594,59.14357560870798,5.669333367224971,0.85526243755939,0.008675225963860082,0.13606233647677274,2.2870594307278225e-14
53,51.758563957684736,145.09451060067568,2.133241104688097,0.001993016249579981,0.0027276530777310807,0.0008045373848101101,74.85280795943298,46.532869474820245,0.8128525929999645,0.12692552463865203,0.06022188236137561,7.882583474838611e-15
54,71.66445183043821,298.06667092603993,3.4413358266115126,0.0069376677706168245,0.0011844826080622006,0.007633894829824302,37.32230529728059,18.47468630090715,0.6932025019411311,0.02188294461282952,0.28491455344603434,5.10702591327572e-15
55,150.2779785320173,192.07423277514,0.14982728150257743,0.014068689271709624,0.0008183987679246835,0.0015354813016200724,12.191522647130238,0.712599502652286,0.9806969543820618,0.0005831905549943731,0.018719855062946114,2.220446049250313e-15
56,121.22095163401818,56.352966305606465,0.03720677020107974,0.041124246009912824,0.0009140299807312406,0.0016791110630872605,15.302967087712982,0.10588509711065744,0.9742078365116886,9.678215327177977e-05,0.025695381335039118,4.440892098500626e-16
57,247.19792631228862,33.80371738913528,0.027758400136859145,0.01604222228225844,0.001013157425933329,0.00045390558522968535,8.455848081287701,0.13978033024232417,0.9960202238484586,0.00014161947958442377,0.0038381566719502087,6.772360450213455e-15
58,24.49268298545973,57.8837386756739,3.217701944754248,0.0007041410574689805,0.0006989022535230026,0.0003631965335492185,297.2141711710675,242.67431952308687,0.722447214522121,0.16960562878684649,0.10794715669103581,3.3306690738754696e-15
59,192.878804418895,62.35060653922752,0.1130704190551386,0.023906697839704956,0.0003079559981579051,0.003900718706702103,10.069406259365062,0.3411751478460004,0.9606170117055067,0.0001050669332015859,0.0392779213612885,3.219646771412954e-15
60,26.183525361108334,197.4706322957829,0.109034544822316,0.04320410213783175,0.005709015732305711,0.0031267793596847305,57.604096377427524,0.6847285474537221,0.815975574363991,0.0039091260497721375,0.18011529958623027,6.5503158452884236e-15
61,60.73355137015534,105.49528067969038,0.08509611507057323,0.02074356554241452,0.0005516368908389338,0.007387679623479043,25.669851296453437,0.476560508372957,0.8100964742823376,0.00026288835713547963,0.18964063736054618,1.9317880628477724e-14
62,34.29116662239619,18.53658194256034,1.2926498940154465,0.0005738035045326287,0.0032445479532779023,0.0002120415974563519,85.99100045229721,40.31355350413496,0.8509670733860125,0.13079925751120025,0.01823366910277499,1.2212453270876722e-14
63,40.622254592303435,36.382539390369566,1.121013781026149,0.0029101738207038684,0.0008400168391008431,0.00020280690209430798,106.56530729491944,65.5121792940213,0.9233564863836248,0.05503133377317149,0.02161217984321056,6.8833827526759706e-15
64,232.65345683525223,176.42778524841935,0.048752976663621446,0.0011698455279894693,0.0009697909910998246,0.006820743577001702,7.808884134704213,0.3014183984592394,0.9464452908472747,0.00029231284737750755,0.05326239630533431,1.3433698597964394e-14
65,202.0173099014511,87.15819721031068,0.021637551056872588,0.02954789971807072,0.0005123911346121319,0.008056700755301703,8.942200414369893,0.04151923480172755,0.9279340930796542,2.1274087828284694e-05,0.07204463283251306,4.440892098500626e-15
66,61.64281971636557,16.72888292752567,0.06753724022741636,0.0011152738674724734,0.0003630358346466967,0.00034311305706539937,41.42072659249131,10.213847845776078,0.9820800150953382,0.003707992777645685,0.014211992127019782,3.552713678800501e-15
67,115.67393310596624,40.35903330409239,0.646495056585139,0.003372322269241156,0.006073669066031677,0.006072585542253618,18.67833006345733,3.9403607810299213,0.8626417955184569,0.023932447384745845,0.113425757096792,5.218048215738236e-15
68,191.00090904250968,223.1575759919474,0.056524175294242716,0.004879903244549543,0.0029776013061636607,0.0025808118131913573,9.385165755046497,0.3377465971053373,0.9747729786419118,0.0010056747086931838,0.02422134664938298,1.199040866595169e-14
69,58.081119466565674,14.829325599669092,1.3878285784786815,0.0007712999608817308,0.0027423290245634706,0.0005121973281494388,61.085708680353946,32.00016897289747,0.8809570710604927,0.08775499216531214,0.03128793677419223,2.886579864025407e-15
70,195.48835512026434,20.66016807388345,0.48387079285646617,0.0038236987573495207,0.001420353517134085,0.0019282656848441642,16.731740700752447,6.446148779268544,0.9585809484684235,0.009155810090603667,0.0322632414409714,1.5543122344752192e-15
71,30.037141532618147,48.71270505881664,0.317108408958645,0.015200607190080675,0.00022724047741933448,0.007778201795090511,47.90114060791223,3.5572547207526393,0.626606909875605,0.0008083522610460112,0.3725847378633462,2.7755575615628914e-15
72,34.41940638192532,135.90003977575756,0.05511088129679713,0.0007986552112129829,0.0008419587000895316,0.002818628721591657,48.08453564300511,3.2565641725225074,0.8617256542347663,0.002741892537455192,0.13553245322777235,6.217248937900877e-15
73,27.533063795986063,146.0776913360747,0.1285719110669656,0.01652126023648301,0.0008881661311243753,0.004800020859097353,53.45504276351057,1.7304551636093446,0.7418777480434653,0.0015369316677471094,0.2565853202887915,3.9968028886505635e-15
74,96.37389220150867,208.08684502474475,0.06419898096436624,0.03843821675435987,0.0022711129480272804,0.009893832994285109,16.186724671693973,0.1277123883510034,0.8395612001149716,0.0002900492588074524,0.16014875062621453,6.439293542825908e-15
75,78.40736229730784,89.6429720061573,1.0152277404059684,0.001279712758504193,0.0002517989942545192,0.002144324165309194,51.0318147035262,30.583070657375245,0.8828704600989116,0.007700786432741981,0.10942875346835232,5.773159728050814e-15
76,77.16426625749,32.859795956716276,0.10746905544826735,0.023365945766345812,0.0007611079949103177,0.0005174280648573783,25.088263747496942,0.8786437349158391,0.9863498854671754,0.0006687427713223073,0.01298137176149885,3.4416913763379853e-15
77,124.03618658185304,279.2928420546957,0.21970979326083898,0.017750918411811027,0.0004485942904810406,0.006321453806604064,13.747197178176911,0.7273422087447552,0.9127714465058117,0.0003262815620687664,0.08690227193212308,3.552713678800501e-15
78,46.412025158783074,31.352061781282114,0.03198143006053137,0.0101991085669088,0.0002662727093977198,0.004141064434005291,36.2006175680283,0.5766632164118104,0.849937360422961,0.00015354967704397641,0.14990908989998925,5.773159728050814e-15
79,49.100319201023716,70.77462294389943,0.2816960061695805,0.0017738999631499478,0.0005703732066075325,0.006437185535477132,35.867847396322674,5.676457071821218,0.7658743125294678,0.003237699022224672,0.2308879884483091,1.5543122344752192e-15
80,29.583779122449286,13.188574472973107,0.8921153924569243,0.0009692993291380561,0.009882329923966012,0.000264743082850521,66.57315875043952,12.601377912933849,0.8578442426851212,0.12453097403219057,0.017624783282688503,2.220446049250313e-16
81,42.91528317213353,183.32744247877415,0.5544152979652514,0.002461519069561865,0.00034670570665358693,0.0025176722876364566,55.850068021753096,20.33078350252825,0.8523390328179529,0.0070487986610651455,0.14061216852097871,3.3306690738754696e-15
82,163.50955426369657,26.0353636658505,0.5232647333766,0.0028194067420097293,0.00021058041415607955,0.007025298135656147,15.768329751299538,4.514041624325111,0.8882722136410149,0.0009505687547681636,0.11077721760421612,7.771561172376096e-16
83,22.999303774361337,29.28116506696999,0.21650820404221288,0.0011889854973268494,0.0006484337715313577,0.004543208523099558,70.97074503243971,11.040955575517339,0.6704057778127391,0.0071593284651428795,0.3224348937221061,1.1879386363489175e-14
84,170.25107151609885,12.340946396125474,1.2844748697819857,0.0015212972589667107,0.009098616792046897,0.0006000899963753876,17.712838560080876,6.312926090668215,0.9319318074371782,0.05743889533550482,0.01062929722731676,2.220446049250313e-16
85,99.71923622493095,60.03330212663191,1.9076534239468965,0.0031698590383490268,0.0010954948681452259,0.0003552259177210218,59.52847544448028,42.2773234582839,0.9325393517922332,0.0463145908874658,0.021146057320298835,2.1094237467877974e-15
86,79.2195704539178,188.4300742955254,0.9351501552867817,0.0007376949121673104,0.0018026577359751177,0.001992841108381819,41.07777952691361,21.400476941768503,0.8795607770050792,0.03857773531263611,0.08186148768227852,6.217248937900877e-15
87,20.356764604287857,42.774363447281665,0.05058514444809335,0.004927687091326754,0.004771122371123434,0.0010781358266455062,81.16795774322017,2.284501971045834,0.9015902783204431,0.010899638460932356,0.08751008321861417,1.0325074129013956e-14
88,47.711373871592706,21.094949173454822,0.5119079820736773,0.0039646538969394084,0.00025765610044898213,0.0002692248486045445,72.0745264672957,33.63604405784603,0.9719292145771194,0.008666531946474765,0.0194042534764019,3.9968028886505635e-15
89,88.99964785232872,32.07192569584776,0.03076758693485181,0.004112163374153332,0.002642933039178855,0.002436614196616603,21.29018811804428,0.5854775781553387,0.9465766473479333,0.0015473780350051655,0.05187597461706479,3.3306690738754696e-15
90,55.52709299610488,51.64953127539769,0.37236714500664114,0.0023680700847432514,0.0004954242993726537,0.0006973427247675101,52.407241181875584,21.46103664815155,0.9528218725914567,0.010632319045221326,0.036545808363317236,4.773959005888173e-15
91,187.13040430899048,315.7704344082201,0.024376162853446036,0.0006139454099500772,0.0017211916765777267,0.0005733666107181292,9.654493947799608,0.5022579596212136,0.9935999533073402,0.0008644822195949448,0.005535564473048559,1.63202784619898e-14
92,82.77372189704198,45.597178867346805,4.04249778762525,0.005651416734587763,0.0042036229412383734,0.00025682393933536285,46.960560103119946,27.547541107701626,0.8721399281858834,0.11579947577504172,0.012060596039078334,3.3306690738754696e-15
93,38.38605876112938,217.44152321019448,0.3774866661931299,0.016101605065645577,0.0005220408125510238,0.009401986823732453,37.40217490704709,2.8198618336602177,0.6468731613820683,0.0014720829629256008,0.35165475565499354,1.2656542480726785e-14
94,249.0965976209528,19.981702096576264,0.061710696039382146,0.035414154606274686,0.0034821985347655085,0.0037139398576286355,8.555345927402474,0.14216497142752804,0.9677309131092142,0.0004950466551999185,0.031774040235580905,4.884981308350689e-15
95,115.87338464608032,117.71991213231196,0.03791956706449479,0.048425123837814436,0.006617088490796918,0.007933163027084147,14.313373561713458,0.05998923716817639,0.8860527199765328,0.00039695409083722683,0.11355032593262876,1.3322676295501878e-15
96,269.0084205968854,83.99195084459299,1.4215090918141857,0.030387920441161467,0.0015758039602518609,0.00042080172791142417,9.841486335662545,2.7176420079924366,0.9915762145059956,0.004282471038741301,0.004141314455263473,4.440892098500626e-16
97,206.07778896771757,102.8904387569285,1.656357828313125,0.005748711097862595,0.0007311500959810713,0.005705096526409029,15.632709161157827,7.28705037614265,0.9054859576843743,0.0053279275819356,0.08918611473368418,5.88418203051333e-15
98,80.03288631623664,97.6503844228354,2.186732026753694,0.0006343365079813228,0.004698663971993134,0.004618316958551089,33.13991087263615,15.00308703895192,0.7764549230734376,0.07049446453860053,0.15305061238796686,4.884981308350689e-15
99,30.726262089862395,212.51874587398763,0.07551634195791014,0.03175392025166387,0.0010368081415626019,0.0034480786085907475,49.514666175994996,0.5890623046571339,0.8286587941537058,0.0006107445933561463,0.17073046125296065,2.2648549702353193e-14
100,153.88539338379127,34.661125594869624,0.3509225056108306,0.004628050803428975,0.001304419878724343,0.0023281418316035193,16.90689207031371,4.520275962596365,0.9547420195057652,0.005896337822930513,0.0393616426713032,1.1102230246251565e-15
101,31.27307390178431,160.74946428786367,0.08174315780911313,0.0007944897196168722,0.0019685964829893985,0.008276554059682039,43.86099578819404,1.7755278349639685,0.6334867993961469,0.0034952978513598486,0.363017902752475,1.8207657603852567e-14
102,36.34607309267497,11.789988602356642,1.0628698850381628,0.0026048358530949387,0.0009225151824829313,0.0004919759011773999,106.55092900521609,59.44670486666365,0.8927390228932853,0.05484048778807917,0.052420489318630324,5.218048215738236e-15
103,20.102345131600096,184.31091116366593,2.5702805828358404,0.02712889530196582,0.00945188673098556,0.00558482774409458,70.46873117469733,15.15308843714563,0.46321899951191803,0.14322527553250752,0.3935557249555919,1.7319479184152442e-14
104,28.076601316424103,241.19191989687442,0.3983774522824724,0.0012547560180345332,0.00482268316065688,0.00847290627165111,49.71198764919795,6.288680992924073,0.5484666721435473,0.030328315927317905,0.4212050119291321,2.6645352591003757e-15
105,114.13928448286458,107.7895309335814,0.029129456477030597,0.0013982658728133306,0.008135331617173579,0.004869549566310159,15.095676334187097,0.21290739804780248,0.9247587835668338,0.0017320722868684486,0.0735091441462993,1.5543122344752192e-15
106,179.18606247026904,135.13052301392872,0.26493002262792936,0.012494314933813212,0.004404531930755405,0.0036584581544007056,10.716644179224552,0.918881998695315,0.9567463606108431,0.004047245103849861,0.03920639428529491,1.2101430968414206e-14
107,42.033454217364714,37.39943628437535,0.026983900220574217,0.018770102517970892,0.0004750962053190734,0.0017147821978549546,41.081147267720866,0.37685500533812044,0.9293757376148596,0.0001790423829916402,0.07044522000214547,3.3306690738754696e-15
108,81.48049449025228,17.25149013319231,0.8128933545785919,0.001364281081214675,0.0058362396332247895,0.00048428587267919024,33.75334382613809,11.761164417615564,0.9150127585223609,0.06864097390696111,0.01634626757068206,3.9968028886505635e-15
109,33.58023558749111,195.88107931684178,0.1354780940602298,0.0006693956333350455,0.000262655199882585,0.009660890756568643,40.95828203674145,2.742162741400742,0.6035862683633486,0.0007202433029531891,0.3956934883336864,1.176836406102666e-14
110,28.80558644473241,10.118107870032086,0.05923151939121004,0.0018723643771227086,0.0002231170457165319,0.00033003014641235553,78.31035497422289,13.2975565084882,0.9711883105588222,0.0029669115234225276,0.025844777917746344,8.992806499463768e-15
111,46.93276756018209,59.72003857232265,0.14621499453640532,0.0016095376049694995,0.003495906064871604,0.0010340154614419735,41.08914381579309,5.417143965862855,0.9385753635525378,0.018937826444542567,0.0424868100029429,2.3314683517128287e-14
112,44.84802510409275,13.069303874010247,1.0405432105107666,0.00065328530437969,0.0071721443773081804,0.009458866641800094,35.733342581680475,5.452097877754048,0.6228998447156598,0.03910323313846758,0.3379969221458722,4.440892098500626e-16
113,182.4159996991095,19.63189351061485,0.034690375485849724,0.003036704251568182,0.0003592697843738447,0.0003496594935833136,12.650379046127803,1.1804447972304635,0.9951525767213395,0.00042409814776621553,0.0044233251309060044,1.176836406102666e-14
114,136.79602405712174,17.29552736863504,2.8633902025691267,0.046095631420994716,0.0002736770831416627,0.0006075618749846894,24.142244542584326,9.236315556587245,0.9828043247388638,0.0025277679005027602,0.014667907360631421,1.9984014443252818e-15
115,281.51883882622207,11.618025882700541,0.19413820225602252,0.03632459587557139,0.0003406945008167131,0.000868230038839473,8.534663192140183,0.5638268913987734,0.9923978563238893,0.0001920927213121442,0.007410050954793694,4.773959005888173e-15
116,143.2055004348161,30.750475679363912,0.41315046917016474,0.0033160781961854785,0.005338072208478895,0.004043457983780237,16.15369649632084,3.2524849531530293,0.9173212073974758,0.017361999536921965,0.0653167930656112,8.881784197001252e-15
117,94.8633116107963,12.74064021556049,3.681773944290799,0.0005988883512743167,0.0007050488324886089,0.0003220618210069222,112.02018902322646,93.39650553680846,0.8980734767463983,0.06584909718724272,0.03607742606635995,8.881784197001252e-16
118,94.43111385228123,158.18853913478912,2.031899740398648,0.011241007928925531,0.005547367775124533,0.0004292335946438347,28.41585390372432,11.216860538017224,0.9255789101973448,0.06222405068666279,0.012197039115969643,2.2648549702353193e-14
119,144.5868001340307,148.25581091081065,0.6080271448469479,0.002424434844181804,0.0018477203013421539,0.0007537947934923412,21.399229206361486,9.484710465662605,0.9663442803597383,0.0175250920797572,0.016130627560504526,0.0
120,101.59326358422025,77.28051752064606,1.0992606166814483,0.0036305464884573077,0.009146459440052596,0.0012327212704742998,23.39968253647186,7.04882990322435,0.9066828768052795,0.06447183680967138,0.028845286385054892,5.773159728050814e-15
121,257.94587473875924,52.49068419687613,1.528432809162586,0.03917863081621952,0.0003249946903840638,0.004190531185098565,9.85616856125673,2.3717686703690433,0.9579266060537761,0.0007708122246892097,0.04130258172153435,3.3306690738754696e-16
122,292.46793073609285,37.94209752920043,0.1556152246637013,0.0019587746409352362,0.0014658207737410357,0.008602671070969879,7.56620621493072,0.8562378197474364,0.9336553254943711,0.0012550911834485242,0.06508958332217703,3.219646771412954e-15
123,277.7297998947944,139.18645148897238,0.3860890529663766,0.00229168551347318,0.0016869093973057973,0.0011155409262773419,10.480817104418843,3.87971621835594,0.9817634898315691,0.006544729747624342,0.011691780420806803,2.220446049250313e-16
124,64.32325605293029,232.74951715941953,1.4328924637715466,0.0009376838582487876,0.0016591953937229622,0.006832796605984847,36.994574943843695,15.4549952500245,0.7215807369550351,0.025642856928850905,0.252776406116147,3.3084646133829665e-14
125,184.92282677002703,140.12967197849852,0.07880095504377509,0.010605097702623823,0.0003349554109745254,0.0007753371393416173,10.202403029800948,0.4885716818098227,0.9919260482919943,0.00016364972847112422,0.00791030197953612,1.5543122344752192e-15
126,188.86977552694592,287.8208967997617,0.09360264885372045,0.008213745093242311,0.00048543111846366415,0.00021480927426348656,9.774260559119211,0.638534497378447,0.9975904336675788,0.0003099645152400531,0.002099601817166616,1.454392162258955e-14
127,160.98763295198438,41.53466921981399,2.3369613757411676,0.0005391429868189918,0.003962343228976719,0.0010710476191903588,29.010775472114723,18.290037998050863,0.8964566697804299,0.07247140821930369,0.031071922000274504,7.993605777301127e-15
128,284.69381416687463,86.41995747833394,0.2339068582617272,0.018559703322989285,0.0024454744694532883,0.006020458353341684,7.091036899739949,0.49669221716776224,0.9560940595268427,0.0012146481362599107,0.04269129233689347,3.885780586188048e-15
129,59.71996020604655,74.43154620667426,0.7114212351522475,0.007143371029871324,0.006270178206562757,0.0017350412951627676,34.34251116474275,7.269684814621228,0.894832105656365,0.04558221929321823,0.0595856750504171,2.220446049250313e-16
130,58.87664747670702,180.6909817572142,1.6087178135949654,0.03193258550019937,0.0005267092159146688,0.0009686325376565231,35.968334737274205,8.067207132319533,0.9609108283048717,0.0042490723432852436,0.034840099351845226,2.220446049250313e-15
131,54.1342697869266,88.57143212959804,0.9221542395322001,0.005308209879442565,0.003928680787419231,0.001950280180174549,41.67677936006779,12.74337222547218,0.8686539616114063,0.0500646416291444,0.08128139675944782,1.5543122344752192e-15
132,221.46041204808162,13.39261183755754,0.6978045723345491,0.0008857424601717028,0.00025015008590023775,0.004890826586839443,16.59068848044565,7.641771888335279,0.9169462297915738,0.0019115898942970919,0.08114218031413442,5.329070518200751e-15
133,22.2426412859635,92.8325447537029,0.2916537329931956,0.027051639165811606,0.0011150839337126899,0.0023550396572452666,71.62978939938145,3.7865379593716373,0.8270866976814688,0.004222307642888548,0.16869099467567011,2.7533531010703882e-14
134,23.793966917292728,213.57633405136528,0.6018661327962033,0.0071996781411942015,0.0010558126305182571,0.0012984121573694429,86.642353673826,22.392307533063473,0.8638604335269251,0.023642081119857526,0.11249748535319877,1.8540724511240114e-14
135,148.20913345538133,328.444886457214,0.17182197760532142,0.025935101650805134,0.0015133349762467942,0.00029791782818648497,11.883457314826435,0.4483031130775823,0.9957812734244451,0.0006784327809806269,0.003540293794579887,5.773159728050814e-15
136,110.7945449717591,24.25918639943627,0.17578866650816127,0.008881115332897479,0.004579530702044073,0.000655949177288384,19.55060229622115,1.975079844256903,0.9781308597225411,0.00904493878576291,0.01282420149169865,2.6645352591003757e-15
137,129.54868807598157,17.54032907477669,0.44120562337028507,0.0005889249857437505,0.002070668292122948,0.0023936164396622084,23.9636389846729,9.31847658654197,0.9233447657735105,0.019295473998642534,0.057359760227843205,3.774758283725532e-15
138,138.22109781223472,12.826040718731738,1.670706610658102,0.0008730360327953259,0.00751875038307397,0.002897277136280441,20.209556399357844,7.002088073194984,0.888800361927111,0.05264695238265246,0.05855268569022958,6.994405055138486e-15
139,78.21195681987157,18.746747524019323,0.027622725132776714,0.002094141869166402,0.0027850607348324096,0.0029107119606943876,24.693664064775433,0.7647799687002126,0.9259938979916597,0.0021299586616133214,0.0718761433467111,1.587618925213974e-14
140,105.2992385781905,27.316423298148862,0.9814586885441551,0.02178888379820568,0.0012640196440751271,0.0006164394566810638,24.75475916294635,6.535843289401756,0.976478755402925,0.008261434308400414,0.01525981028867725,2.6645352591003757e-15
141,168.76036898852988,269.85923346639964,0.04761488188017263,0.009742198382799699,0.005063670321156942,0.00542866034196422,10.047310983790979,0.15276312692675142,0.9446830192069419,0.0007735421119861219,0.05454343868108761,1.554312234475219e-14
142,122.3874779467257,44.92436580751513,0.2984067964044673,0.003470685687842716,0.0007495060461015953,0.008735024867091042,16.384341594432144,2.394670656784008,0.8550875486060358,0.0017948201356816921,0.14311763125827895,3.6637359812630166e-15
143,34.87825475617499,125.49518781580925,0.12030857794078371,0.0034993217694819917,0.0012390829153817854,0.0013589707680516556,51.302332775104986,5.360376971893132,0.9236396778999089,0.006641951525878731,0.06971837057422618,1.3766765505351941e-14
144,91.66372332189248,18.39668626689522,0.05772510536337586,0.03347016865624065,0.005947902000695945,0.0008669843935528298,21.792087411646175,0.29638249039053377,0.9793437463035979,0.001762854007565102,0.01889339968883627,6.661338147750939e-16
145,55.181233690588,253.92710873958464,0.029760466271210418,0.007968555334713736,0.000469428950689653,0.0009895495148498743,30.253416494772335,0.556087914973936,0.9698017026186206,0.00026104376641741177,0.02993725361495323,8.659739592076221e-15
146,52.54941758796741,22.400798962812928,0.035516008334928954,0.00592062011663498,0.000594388996113051,0.0006305410251491058,36.75913408813001,1.452905670208351,0.975958266765714,0.0008635911427621013,0.02317814209152296,9.992007221626409e-16
147,134.19488944231662,44.04900478429698,2.4058283420116684,0.0006650422096784076,0.0002759906946484646,0.00563847108761898,28.719825841646788,16.65188260358508,0.8334683277034503,0.00459576464696813,0.16193590764957794,3.774758283725532e-15
148,20.979719451862454,92.47799516846835,0.25482221861062687,0.0017379268721120242,0.0002182530759551451,0.0072510994403739894,65.31638372081422,8.341258314150707,0.5245639012703321,0.0018205052843998197,0.47361559344524856,1.9539925233402755e-14
149,174.47706896958448,27.525905202260542,0.028312728758336417,0.014965419599824108,0.0007713802205212757,0.001278066672728134,11.756113700372866,0.19676513347210262,0.9848231221467035,0.00015178073204860876,0.015025097121249187,1.3322676295501878e-15
150,40.64800915496913,64.86833286809417,0.04550810318583251,0.000910830805730772,0.0022816608084450705,0.0021701422963576397,42.200007764372614,2.1785960442080006,0.903449161032412,0.0049708172115028575,0.09158002175608555,4.440892098500626e-16
151,183.19159448156313,70.06045728123124,0.18815717488536113,0.0006257712363421508,0.006921566116914683,0.00023564847353803894,12.187785036522802,1.9794106331793095,0.9834273454902567,0.013700621570074548,0.0028720329396663465,2.4424906541753444e-15
152,52.98682797633846,114.04768303803785,0.5013510628493977,0.00427238708424238,0.0002903127674983575,0.007112063681312857,33.9774582441367,6.586190164811736,0.7564380981445369,0.0019120550940169582,0.24164984676144932,3.1086244689504383e-15
153,90.10947386186034,10.796936325239855,0.6171671281371865,0.028865693483521825,0.0021103637333941,0.001398141516624805,26.25233364767902,4.086867237993909,0.9546707460166282,0.00862477640225886,0.036704477581106315,6.661338147750939e-15
154,87.09694349547271,104.71498910932861,0.4760189242264162,0.011522677379941093,0.002655439338520477,0.0004160039614603425,24.098790350793358,4.302689563745295,0.9785492766186661,0.01142553112901077,0.010025192252332327,9.103828801926284e-15
155,223.36311854093572,122.20798463705765,4.9549841958505745,0.0025163435594102836,0.0012197090549253727,0.0008869444899346018,48.295230951966296,40.76605137649011,0.9074420890195704,0.04972272199745793,0.04283518898296553,6.106226635438361e-15
156,175.61388691867933,204.35787776566906,0.046528880482516126,0.001717828777028184,0.0012781851341330582,0.0008179393549612445,10.767703015857094,0.8374868275653157,0.9901222087277873,0.0010704632130262423,0.008807328059204405,1.7985612998927536e-14
157,100.22168009133082,78.93708603296187,1.3305974955237152,0.0010044789224618828,0.0010713653901457474,0.00020631428744633592,71.65497584479257,54.878613298953816,0.9264215077688998,0.05879504694769127,0.014783445283402783,6.217248937900877e-15
158,37.656249079024796,28.16450531690223,1.512332203936853,0.0005269278075599386,0.0021893203701003395,0.0013208656985297727,81.72043648277628,42.260124520774085,0.7995373271247123,0.09252095145630758,0.10794172141898023,0.0
159,234.0298878939099,126.88479702470102,0.04399094870088359,0.022230828226060723,0.0019872908049689596,0.0006685565261196834,7.989673564789067,0.111097050903486,0.9944376694489871,0.00022078214771966619,0.005341548403305638,1.2434497875801753e-14
160,24.102148987081094,34.54321245413364,0.3283578230331584,0.0023417416352179863,0.00045798307423394345,0.0006891089617986491,105.3839469579789,37.819839246541676,0.9100581314763757,0.017320846245164695,0.07262102227845692,2.6645352591003757e-15
161,241.53417067588285,301.1893567227298,0.12553954868808997,0.0009390260758160125,0.0006083682596909179,0.00037176008549316605,10.417156784598223,3.2123278283807535,0.9941730386126455,0.0019542782905087046,0.0038726830968379465,7.771561172376096e-15
162,39.156834873488044,310.1628292831503,0.10511691612006997,0.012908535218226387,0.0004540456134368636,0.004718720086778571,39.27110313020104,1.2660349849407253,0.8141158191982129,0.0005748376313699421,0.1853093431704323,1.509903313490213e-14
163,37.19763712441657,68.46141358020695,4.118609947375447,0.003749211206659786,0.008036159446072555,0.000293808337577191,65.26290536845504,28.491211704531093,0.7518652941988183,0.22895992006942043,0.019174785731763292,1.9984014443252818e-15
164,28.006417685059525,173.77537131537662,1.8812255116460856,0.0005167384224322034,0.009582625254291804,0.0003919818159891648,77.91164084628778,31.246633477605833,0.6700352744603033,0.2994247790741056,0.030539946465623514,3.241851231905457e-14
165,20.554770001939314,24.458009544565204,0.49225795722821497,0.008605346225654658,0.0029279661858976195,0.00025072838155824423,99.06971533151427,19.090130107480345,0.9192651551744101,0.055895255439088555,0.024839589386506513,5.10702591327572e-15
166,21.137127808994556,113.5084655884308,3.7037037574458735,0.002167577614220406,0.0002155850049151846,0.006592477541151668,94.10776382301587,48.52253490571125,0.3691359496225933,0.010460730926144978,0.620403319451238,2.375877272697835e-14
167,23.50340671461468,13.876270035872507,1.4740666302587158,0.007774359777688763,0.005147931850141096,0.0016190921693458506,81.98642988585073,19.200259660889163,0.76841478513993,0.09884162823927058,0.13274358662080363,4.218847493575595e-15
168,107.87503221491701,47.6849632135904,1.2037176571627217,0.031200895736646084,0.004991130926710276,0.0006721571511367834,21.010850547655792,4.120527245036726,0.9653113155858624,0.020566090967055094,0.014122593447073036,9.547918011776346e-15
169,118.10751970705682,28.825534153017998,0.15942120650871816,0.009377137688604273,0.00048437882341916303,0.00047553843545001964,18.90939758702654,2.364028649102382,0.9898627692405721,0.0011450854155814047,0.008992145343836985,9.43689570931383e-15
170,76.33914125294037,23.01258320179108,2.750904560756803,0.003947441851043909,0.0023912554858644434,0.009176456432000605,28.301252949899613,9.084968878202687,0.7185703036653054,0.021724481668909917,0.259705214665782,2.6645352591003757e-15
171,109.79710533678006,255.20154132581547,0.1331131110721894,0.04738153192355591,0.0011655957263918043,0.0005857976070523767,15.627131166095548,0.26218207403748484,0.9905400656527916,0.00030559830503463207,0.009154336042192377,1.865174681370263e-14
172,132.28284637275962,99.41471507874854,0.09465738457817269,0.0007677749927335235,0.003660606293988649,0.001553401767286467,14.93231635042925,1.5433589035382136,0.9711544840753884,0.005649629316175404,0.023195886608437383,1.1102230246251565e-15
173,172.20507012013317,20.618524835425333,4.027032300136961,0.013256452176941115,0.0008734369549991609,0.003971614221172842,23.370813235588912,12.697027905344807,0.8960900924019839,0.011090053391183739,0.09281985420683937,7.105427357601002e-15
174,86.85963765856519,228.29686400006864,0.03824229868202718,0.009981838405025546,0.0010075683702487632,0.00024728677112073404,19.793903251269622,0.4101293683030185,0.9946919961979068,0.00041323337921222693,0.004894770422882676,1.7763568394002505e-15
175,31.995786987358866,49.478520299170206,3.611167168820012,0.0008351264144345284,0.001325128126862921,0.0012045170851224625,131.29014480107412,89.4100222465522,0.7233790421765631,0.1184797353023459,0.15814122252109578,4.884981308350689e-15
176,106.89693281828416,46.18868212098764,0.8248443076166968,0.008972132375444367,0.007735433629685932,0.0013496590476458955,21.544797721235128,5.0013362046327305,0.9322343645551541,0.038687504270681836,0.02907813117416567,1.5543122344752192e-15
177,35.650644218159755,94.56036900990809,0.10217992129488879,0.0018936677718869553,0.0006208707300309154,0.002780266784392721,48.65863529025033,5.03681660226472,0.861588800527756,0.0031272120008799314,0.1352839874713624,1.6653345369377348e-15
178,104.6015538004737,32.60306495502016,0.24845206054285837,0.002746595200388171,0.008722723789963865,0.0002617096114056739,20.81565271747491,2.935880512318559,0.9689434688268633,0.0256088747892924,0.005447656383845813,1.5543122344752192e-15
179,45.92482129872132,227.26781151494185,0.30750938175858616,0.019203583520769684,0.00043481660256268956,0.0004438021761057429,39.09193664754437,3.2367083705408133,0.9812435389104546,0.0014073745371647754,0.017349086552368036,1.2656542480726785e-14
180,208.2974294095636,238.35651919860788,0.2556552397168129,0.001306988153592817,0.0009383881542828237,0.0005292933428866559,13.61048741774676,5.252975861053702,0.9878667292935996,0.004929330322746411,0.007203940383655941,1.9984014443252818e-15
181,25.168885952601453,12.264445534170466,0.33089439320708414,0.0010338390705409797,0.0031209404404979363,0.0027350004225648395,73.93074209771409,13.732957354070384,0.7549396471482641,0.04285974197395179,0.2022006108777798,4.218847493575595e-15
182,65.71588364539008,39.18294045329941,1.2186517153784648,0.042106660944629365,0.0006108266680365423,0.005375152847196498,29.292433525086977,4.328711002380086,0.8399046004178328,0.0026440921184769477,0.1574513074636853,4.9960036108132044e-15
183,22.069446468322294,153.3384779874876,3.133869622642136,0.0012130945092949708,0.006375608575856845,0.008107112260998072,65.1686504561343,23.888962992303373,0.3193637575323209,0.15230667732205616,0.5283295651456243,1.3322676295501878e-15
184,49.344485634777065,171.57594167311478,2.923083297871914,0.011152161390796455,0.00028100611750093475,0.0003775345525672147,80.3652655042784,47.33469660787097,0.95635799612901,0.013301339316862492,0.03034066455410314,2.4424906541753444e-14
185,146.5957456848972,22.767476061546606,0.15192067985026883,0.009108825165114843,0.0007852176555243872,0.004996529595789499,14.447024837297011,1.2881572684385427,0.9268035289990599,0.0010114838302700108,0.0721849871706605,9.547918011776346e-15
186,63.338083002619946,288.65412940674116,0.16501927485961557,0.004477032972167739,0.002147984726469426,0.0012308976323957652,28.847498310211932,3.1646827641380852,0.9576939923879095,0.00679769024148965,0.03550831737058069,2.0095036745715333e-14
187,32.4899005008966,304.81766189617633,0.6380193062742092,0.02019275724581613,0.00023296271599609,0.0010238725590541317,57.57396740780088,8.349991178419373,0.9391063580317912,0.0019452366234679686,0.05894840534472411,1.6653345369377348e-14
188,111.90737972175285,324.87296892655803,0.8475861446966843,0.0064572437757979065,0.0005784552194593617,0.0002899117038978094,25.395403832535223,10.479367175565844,0.9865757305643955,0.006061844639337172,0.007362424796263241,4.107825191113079e-15
189,42.396858682197475,14.462764982052654,0.02509987295436054,0.024015982141121404,0.0005004108827621767,0.0005600143635488289,44.888686728777856,0.38749362473798044,0.974667784644227,0.00019390602681984844,0.02513830932895926,6.217248937900877e-15
190,71.15008523052951,13.537645960620326,0.08336902080593023,0.007616421578151172,0.00832696700929893,0.0010010032934558144,28.54865859905045,1.2283965101907752,0.9611938815038977,0.010228817214696524,0.028577301281395136,1.0658141036401503e-14
191,22.605824423048357,106.26577231555419,0.5903557825540504,0.006322826629702609,0.0004110343453021747,0.0020397372632284636,89.61761725356457,24.1190400353793,0.8072898528159285,0.009913753830259069,0.18279639335384174,2.930988785010413e-14
192,134.96537926724915,54.552090840179496,0.42329550324542653,0.01175680464981884,0.0005651890156838687,0.0032512794641895537,16.39824531882538,2.9201302963235403,0.9450342961783247,0.0016504255678477459,0.053315278253839526,1.199040866595169e-14
193,275.3923620130159,81.31282325437888,2.8011254895957314,0.0032025036509326296,0.001928045923111172,0.0016571120854885553,23.03113241493334,16.510460833258826,0.9300019054344651,0.03183292669825136,0.03816516786727324,1.0325074129013956e-14
194,297.24244644371385,246.01496818184322,4.737524025330428,0.0051647409044601805,0.0038610932343997885,0.0053117113214793425,14.72987068638994,9.26669685398055,0.8859795985830324,0.035779580528138115,0.07824082088882414,5.329070518200751e-15
195,43.798811904284584,142.68729049133609,0.7721554584364476,0.004721499265728568,0.0013330508522445676,0.00030375528928955337,62.66288855232184,25.651196424518197,0.9467714669052618,0.03419434925479678,0.019034183839929546,1.1879386363489175e-14
196,69.51062468501277,76.20900138767306,1.804907709296157,0.0396437186293539,0.0026051439615522283,0.0034286649130286476,29.181947804547722,5.765418509184439,0.884925134253688,0.015019745215023299,0.10005512053128618,2.55351295663786e-15
197,84.11070080994746,47.13824800340491,0.7329283738092769,0.02550660083245163,0.006159662669788096,0.001580026621456703,24.249474822162682,3.283474979195338,0.9414600859681117,0.020225098256532768,0.0383148157753611,5.551115123125783e-15
198,120.68875589264184,80.7300105543305,0.03640225541989722,0.001231333905988711,0.0007359345143281527,0.0003315842642950049,16.833679399216106,1.812362506088428,0.9930844366803285,0.001333780120704741,0.0055817831989670415,2.220446049250313e-16
199,82.22773055018838,24.93708510288384,4.794776134827082,0.02243581805651613,0.0033537853675546718,0.002058781272872549,36.4638992693654,15.932062982737122,0.8714960873418554,0.05343271970646321,0.07507119295168063,7.771561172376096e-16
200,51.0992969506516,95.50170186332556,0.11519666771128198,0.0022093734326935786,0.00030510985015850503,0.002646239215058918,36.00884063525604,4.409078512652872,0.9033667405378571,0.001345253284332602,0.09528800617782178,1.1546319456101628e-14
201,243.19838079091997,293.91812625314435,0.0412794805317411,0.0016807357215194063,0.00020849258362010662,0.0008475393748205931,7.913415039055789,0.744998413463245,0.9931377425210831,0.0001553266440158324,0.006706930834897232,3.774758283725532e-15
202,204.72700174333906,98.23221947670136,0.3132184114045938,0.023011369024990083,0.0025529549067227716,0.0022322022532009858,9.787205049644342,0.8117486320527445,0.9760806211824309,0.002072357653224551,0.021847021164356162,1.1546319456101628e-14
203,75.4416223237607,65.86823639783167,1.7674843912801717,0.010769230585381557,0.008472124425721006,0.0002201716002786277,31.848085056130827,10.09642938006876,0.9074497501839317,0.0855382059634478,0.007012043852618164,2.3314683517128287e-15
204,197.4825992446452,54.31032414289614,2.4623158017563984,0.0032496256675470115,0.0018665789474777905,0.0014751247027229182,28.570211604021296,19.52793833729432,0.9214049365128586,0.03645043858803802,0.04214462489911279,9.325873406851315e-15
205,98.12668120127171,116.4292275658046,4.325725515343761,0.0022522856342454193,0.0069553226880688665,0.00022970953477872833,38.06084778034722,22.813043309776212,0.8325849826467222,0.1586720777163842,0.008742939636907554,1.3988810110276972e-14
206,103.50859944404498,199.1335280051453,0.09223051676115149,0.005512704030535816,0.00029772973243739393,0.0009113584643336537,17.79374798606884,1.4410835806668851,0.9833544637317881,0.0004290534288918734,0.016216482839323722,3.774758283725532e-15
207,22.93576350239406,11.017761985763391,0.1831586403081226,0.0008424323537077785,0.002478259390063162,0.005199021191280275,67.42293274257,7.036499966169227,0.6320284717787699,0.01743827211433801,0.35053325610688546,6.661338147750939e-15
208,219.29172823014963,63.363178532775606,1.940231793069881,0.004564883300439982,0.0006801820962419108,0.0003603818292717312,32.211362467109396,23.60884183552873,0.9723332987412437,0.016058311529533652,0.011608389729231658,9.103828801926284e-15
209,56.697800906241454,133.43891884479652,0.09762383002656444,0.006740426317205767,0.004049350339539155,0.002082545666670952,30.088908562804942,1.3464720771463203,0.9318861366949108,0.005452337162772443,0.06266152614232791,1.1324274851176597e-14
210,24.76226432777328,22.300764996797312,0.026340714892807947,0.0014926559122268698,0.002028738618575202,0.0008342371298014176,72.01779421323319,2.931853666430793,0.9339721173038201,0.005947964757099447,0.060079917939076875,3.552713678800501e-15
211,43.4571225025695,15.647298097492643,0.22902752835707665,0.01204104504222875,0.0023420273950262006,0.0009072622435396273,47.13834961194975,5.007522073502586,0.9455054012969755,0.011727753877341459,0.04276684482569289,9.769962616701378e-15
212,31.541153172364346,50.73999611907724,0.03324499317690832,0.0026887515710741733,0.0007148827296625434,0.0009442502807246522,55.561632122622626,2.6366291728507996,0.9456510326105042,0.0018848806601954732,0.052464086729306275,5.995204332975845e-15
213,45.610721595219864,150.92121708364073,1.0058687301623723,0.04728896055069967,0.0013639079223523268,0.0019073194577981841,39.26642635262528,4.154344459904749,0.9194402376583972,0.005666143321044587,0.07489361902056152,3.3306690738754696e-15
214,31.014890247055728,42.397210594293625,0.06384323170989356,0.006879951249591842,0.0004286763572137404,0.004515669658525226,50.218635197409334,1.6922644780243372,0.7725037989746313,0.0007254337718816849,0.22677076725348821,1.3322676295501878e-15
215,32.81663667213256,26.427865394507588,0.20609984444946264,0.0010828681012928936,0.0002844537638376402,0.00027256786903945176,98.33822962198259,45.253483678192765,0.9603236345477805,0.012872523759027149,0.02680384169317607,1.63202784619898e-14
216,72.73468846196988,157.03913351419584,0.4622461265683674,0.0016404214342462709,0.000894962789145206,0.004366254033027771,29.67579580463696,8.25117925678976,0.863043438483299,0.007384498401393634,0.12957206311530498,2.3314683517128287e-15
217,38.69851586163239,10.579382917533374,3.313167285269488,0.019276340993927846,0.0049331291748078866,0.0007433849594478584,61.349450874285964,18.40474748633601,0.8636007441698578,0.09079299677981624,0.045606259050329424,3.3306690738754696e-15
218,70.1872810574789,235.62197577065004,0.22881634821054775,0.0062146853251290705,0.0015507083235061505,0.003814835418962326,25.192347541573806,2.642046124823287,0.8997982973947337,0.004097042916850641,0.09610465968840431,1.1324274851176597e-14
219,24.447578802738185,84.94611591802907,0.9517767045047257,0.003082569791476426,0.007062931749038469,0.0017801864042066003,75.86284792310524,19.329130108882225,0.7284296628155681,0.13652032672731967,0.1350500104571051,7.105427357601002e-15
220,29.518179839776572,36.79585642956917,2.3720045644021166,0.004069509891627916,0.0037097234420332276,0.0025486478021495454,74.0745879014777,28.273705397932257,0.7063223366419108,0.10488762770785073,0.1887900356502344,3.9968028886505635e-15
221,39.83398501013551,23.719271083617667,1.5931254172856502,0.0035584585508221423,0.005501377343703677,0.00046672473191427383,61.26827392320624,21.819749444440216,0.8513659060394078,0.12003867523893423,0.028595418721658727,6.661338147750939e-16
222,262.55240230901006,18.153897365496938,0.5470465012155699,0.0008946272530973593,0.0036004020726213754,0.00425310328509866,11.723192897897873,4.058314484057353,0.9355284858943627,0.014611563879749438,0.04985995022589469,6.8833827526759706e-15
223,283.44397157312926,15.103472257276067,0.34192681002446185,0.009451905961227322,0.0008669600358782433,0.0026938853861963384,9.955592173256711,2.3646409224256524,0.97113072655458,0.002050049178945305,0.026819224266466907,7.771561172376096e-15
224,251.33844744050418,63.17155285730068,0.4530748867238177,0.0005032480904887982,0.0003200788152301636,0.007302777143539602,10.556278432154127,3.2351417230101758,0.9218743508150181,0.0010355003298027667,0.0770901488551751,3.9968028886505635e-15
225,21.948541793215693,14.90290793183014,0.20111683850849293,0.027938456630008324,0.00054731675611609,0.0002257867786844379,86.05677308014691,4.318831465183966,0.9782057495945261,0.0023637688277365876,0.01943048157774396,6.661338147750939e-15
226,41.46483923588598,55.179853340728364,0.033717368016747504,0.0008255623824370347,0.004505143924138612,0.004415399205402583,38.54587072085589,0.8528438430043845,0.8259624087900237,0.003842184257550227,0.17019540695241794,8.104628079763643e-15
227,92.34761970163669,12.084154848538237,2.5121239107861566,0.002630577368815729,0.0004076653026192013,0.0004072231401058712,99.54370718470177,79.28991271394119,0.9271397527212982,0.03232374626117888,0.040536501017533616,1.0658141036401503e-14
228,218.11992060405817,163.93971964546057,2.0876285984026595,0.04985528066136612,0.0014420590025615737,0.006710381598876131,9.897808041246455,1.998365953879286,0.9307001694366124,0.002881761614204171,0.0664180689491883,4.884981308350689e-15
229,164.84562677464498,16.215654297612996,4.512537128700486,0.017424286504293264,0.008972464190747367,0.0007134284105860268,18.855851943828803,7.52163049904256,0.9190601392087676,0.06748756030869266,0.013452300482531227,8.548717289613705e-15
230,150.895577615185,33.306921230989175,0.4339891212918145,0.03295373406813781,0.0003704443376813455,0.0009269289645346653,14.579501311057172,1.5600678648425184,0.9859079196393838,0.0005779183069295376,0.013514162053690023,3.3306690738754696e-15
231,92.76045088664826,11.643743171333226,3.915403030338827,0.02662767674861427,0.0003935865350625868,0.002132513445178825,38.73625999535177,18.483685585834262,0.9101194749790674,0.007274929764914791,0.08260559525603035,1.2656542480726785e-14
232,238.989340854298,220.86573571200677,0.02000020102577763,0.004740668762916115,0.0004406820778391293,0.0022522029124399483,7.519304115026489,0.143068108322438,0.9830019538213539,6.304755124804559e-05,0.016934998627384325,1.3655743202889425e-14
233,29.15092689533847,45.51712093255419,0.5673366494176587,0.0007020689993924212,0.0004165592992828548,0.0014280925147812443,107.35138415111267,55.502229477910674,0.8235723220224213,0.023119969819954678,0.1533077081576101,1.3988810110276972e-14
234,158.74853472279833,25.533197870736217,0.8577759785346551,0.0030014350569322326,0.0013823705095789703,0.008949784887474629,15.756156764221501,4.618162946476765,0.8526017740412474,0.006384012265639807,0.14101421369311107,1.7763568394002505e-15
235,85.68094673165677,53.33384680480616,0.024068795848913714,0.02034142771328248,0.00035369783469903546,0.0005496893817481858,21.406171973600735,0.1866196242169636,0.9881672476052368,6.600695699788768e-05,0.011766745437763928,1.4432899320127035e-15
236,66.83661686066068,75.12340033223163,0.060664193795440045,0.0011643905059058007,0.005405314355196438,0.0004351672369986423,27.47493786561206,1.5302862873649108,0.9797721287656707,0.00827167843665381,0.011956192797687774,1.2212453270876722e-14
237,25.310227769500933,119.99895383420896,0.7983801803569164,0.0060041528642299285,0.0016241286164782691,0.00023920407987214053,97.3549399645772,34.785670408381435,0.9202158984111326,0.056496402753633594,0.02328769883523415,2.220446049250313e-16
238,51.82308700505165,26.771162876837472,0.5412753742179359,0.018155239909748124,0.004174856997710706,0.0014897086680146004,39.01146058640165,5.345047272574984,0.9195694810035214,0.0223148080090042,0.05811571098747247,1.887379141862766e-15
239,56.227154127919334,123.80377260811892,0.8897928606568836,0.0378096395736545,0.0028671579892904204,0.0011285751273682264,33.181216802055076,3.8372077691702726,0.9515506231094641,0.011001880911943823,0.03744749597861204,1.9984014443252818e-14
240,295.6987788072091,14.450703633649347,3.0613528624447577,0.0007264946960848296,0.007618982939489723,0.0030259778653804535,12.472852477826741,5.896792252735798,0.9173298649126305,0.044927559571309214,0.0377425755160594,8.881784197001252e-16
241,226.79227045401623,170.98715086127132,0.02572253800786765,0.006588664090824888,0.0014966270572818,0.000497636377199403,8.119782751060667,0.1783445512317058,0.9956923854472092,0.000266915280892151,0.004040699271884028,1.4654943925052066e-14
242,21.492088639489165,112.13789357802032,0.13792428977869825,0.001836222436458105,0.005932724646360584,0.00021854202263360255,81.77978167683402,7.227402436626651,0.9392494925368866,0.04287818856494147,0.01787231889818973,1.7763568394002505e-14
243,264.6752513928303,15.328231305587376,1.1564422727358301,0.0018253162096739971,0.006442655405213755,0.0017762021433143844,13.284537625200636,5.693912613887175,0.9397200589184995,0.03668391687867498,0.02359602420282193,3.552713678800501e-15
244,102.8008950532373,65.6289141248525,0.04475259949635369,0.0011247057179800983,0.0006583777237710075,0.0002796201386688899,20.62206929205166,2.939953613540846,0.9922980541568422,0.0019355999680753702,0.005766345875082951,4.440892098500626e-16
245,53.60325423432873,23.60860470108283,0.0691113438321866,0.03740135680766161,0.008318454190703765,0.0003166068191292577,35.13138812996154,0.42625751150808544,0.9853313593696515,0.003545803582923391,0.011122837047422496,2.55351295663786e-15
246,228.73489710987025,16.565234703971118,3.5191234320734206,0.02977361099027397,0.0014026891896283585,0.003605725621152986,15.80886593978501,7.082447594239215,0.9330630943629966,0.009934472676548723,0.057002432960455526,8.881784197001252e-16
247,33.811835613353104,273.2771506861201,3.377481969709546,0.0061503623369431205,0.008700998857082016,0.0005807616883206946,72.92195468858499,34.366045167585966,0.658630802753821,0.2990189197255944,0.04235027752058779,3.1086244689504383e-15
248,199.0806924762555,21.288432770239982,0.0709504189333489,0.034684380512994814,0.0002007458147047889,0.00028311602416332746,10.770912326647181,0.237815141162362,0.9969028417311971,4.774039426177274e-05,0.003049417874532122,8.881784197001252e-15
249,112.30222381798826,35.32432822452002,0.09931257996230905,0.0006874161276684804,0.00034336072921263967,0.00020379621282021505,28.855935032318314,11.825777687803505,0.9900587620726292,0.004060507650390776,0.005880730276972638,7.327471962526033e-15
250,41.914058507279535,69.3063877400853,2.2527382620773375,0.04470431221539682,0.0028414223155185667,0.003535531442747652,45.15910228886119,8.918774137365013,0.8149965700704952,0.025342003860978804,0.1596614260685263,4.440892098500626e-16
251,27.13869195313871,78.61553865694049,0.36249885334225207,0.014298868121904278,0.0009835851026498035,0.000309642313598119,69.50874674902343,8.569003236744543,0.9700488069130948,0.008428343928219879,0.02152284915867335,1.199040866595169e-14
252,213.6692218649774,36.028048246443674,2.6832745803044262,0.007472148068862343,0.0006376704717301352,0.00028794473382919955,34.581583905926756,25.385927557513114,0.973854558625904,0.01618785640090643,0.009957584973184202,5.329070518200751e-15
253,60.488197147209895,90.60352900628209,1.1327293577216728,0.0009902241161484683,0.0046474018842342715,0.003067774395737864,39.39809976055834,14.681239430323455,0.8109058985224464,0.0682296197913797,0.12086448168616687,7.105427357601002e-15
254,50.59057359964952,10.857083558262511,0.05182163173430505,0.005201913424948545,0.00031361629360261066,0.0006286443804951606,41.62504226835385,3.0659349640994886,0.9728711239302542,0.0009615271598675347,0.02616734890987421,3.9968028886505635e-15
255,138.82486403706798,25.67152617578025,0.24069002173892723,0.0005558268479101207,0.00741139843331134,0.0024634166407417816,16.322132476267463,2.612141959122747,0.9404321624221372,0.019359624823429136,0.04020821275442917,4.440892098500626e-15
