time_ps,CA_RMSD_fit_all_A,CA_RMSD_fit_WAP_A,mass_weighted_Rg_A,SS_16_45_A,SS_23_49_A,SS_32_44_A,SS_38_53_A
0.0,1.571689588534563,1.3942207076436206,12.812302093226373,2.03729,2.0440977,2.0052233,2.0268962
5.0,1.5863924662405293,1.4708770690109818,12.703453384908908,2.0609329,2.020066,2.0354497,1.9729052
10.0,1.7602132689395829,1.6093187098211514,12.894226088941943,2.030905,2.0871665,2.030513,2.0182595
15.0,1.9956061987597555,1.8028083953865248,12.785173518640502,2.0620098,2.0580008,2.033801,1.9894222
20.0,2.2006980929287328,2.0557418102088456,12.696182213034271,2.0673385,2.004295,1.9967628,1.9946271
25.0,2.000264052171763,1.912052776919477,12.69901950222793,2.0515578,2.0364008,2.0119035,2.0248353
30.0,2.038816432135751,1.9561219600157806,12.741701146369458,1.9558656,2.0647144,2.0955215,2.021645
35.0,1.9645928696677326,1.834205074809628,12.76888410557028,2.071859,2.074007,2.0600436,1.9975674
40.0,2.1073558759843443,1.9446951847643585,12.72437726962258,2.0432231,2.0217273,1.9751418,2.0624294
45.0,2.0689844156179067,1.907454618112885,12.725814117806248,2.0701811,2.0156121,1.9404287,2.1161335
50.0,2.222007246906667,1.994280672517682,12.777989486779243,2.012982,2.0090134,2.0215938,2.0242136
55.0,2.0730490842524,1.9117204796947176,12.816746571568236,2.0771053,2.0213153,2.0587635,2.0656273
60.0,2.0686431410907793,1.9659902479735898,12.808112018431244,2.0286117,2.0191417,2.049711,2.0605242
65.0,1.9706915580747355,1.8521711911170737,12.651140580622116,2.0237787,1.9537866,2.0041788,1.9898252
70.0,1.9922420031539574,1.8204796229887594,12.769189848912868,2.0599687,1.9546609,2.0965033,1.9829437
75.0,1.9916850893723377,1.8092818631437897,12.780379811652294,2.1050022,2.0096102,1.9884529,2.0941253
80.0,2.1764869271367533,1.956847929604925,12.710515778836294,1.9782529,2.074464,2.072463,2.103879
85.0,2.268858563703355,2.0666870530090007,12.737975110638825,2.0341535,2.0387583,2.0458055,2.067078
90.0,2.267239439763693,1.9522175861701114,12.791409147066508,2.075443,2.1016362,2.0666327,2.0632873
95.0,2.0791963993389775,1.8010804415677826,12.909328088298427,2.0579226,1.9619912,2.050967,2.0567675
100.0,2.268406642286959,1.8937754377192892,12.845055055422753,1.9822913,2.031192,2.0122185,2.0587835
105.0,2.240850720701302,1.8021194968997092,12.939545948135086,1.9803647,2.006024,2.0612454,2.0642369
110.0,2.1792434471940787,1.7645700510175226,12.83990323497151,1.9900397,2.0195723,2.0568988,2.0024674
115.0,2.006294510881808,1.578441757478516,12.800969601647576,1.9870244,2.071749,2.0076435,2.0249321
120.0,1.9974604749478653,1.579037198190046,12.766977184364768,2.0451968,1.9772456,1.9953254,2.0244777
125.0,2.135922611654305,1.7781231180599077,12.834199849975374,1.9869727,2.0268195,2.0015798,2.035011
130.0,2.1851429526937163,1.8255651122396845,12.858610625830156,2.06346,2.0641222,2.0210862,2.0311105
135.0,2.2336066921759548,1.8689232874403157,12.844430961371662,2.0126948,1.9749675,2.066191,1.9484019
140.0,2.3860016625186473,1.9921957067453444,12.751454291195254,2.042583,2.0414355,2.0701628,2.0347564
145.0,2.361591033593155,1.9875360248398488,12.75943756515651,2.086769,2.0576653,2.0833044,2.044
150.0,2.2206110236415517,1.817920296539314,12.772869450092267,1.9743361,2.0189605,1.9999087,2.044648
155.0,2.2996613186933943,1.7979241158839905,12.97674759634589,2.0695527,2.0238955,2.0319407,2.0068924
160.0,2.3435924739381844,1.7817518184813748,12.877145805981023,2.028441,2.0449855,2.0185127,2.07284
165.0,2.4839093772166096,1.9087517297773846,12.897402762981901,2.063666,2.035252,1.9943645,1.9959328
170.0,2.2572398807402982,1.7650396086682787,13.035988417172515,2.033651,2.0336874,2.0859115,2.0314796
175.0,2.2272838830328205,1.6600709745979405,13.064460388956299,2.0017855,2.0194972,2.0512662,2.0517268
180.0,2.220420049781469,1.6651030621903202,13.039648792987007,2.0276444,2.0075173,2.0236042,2.0332983
185.0,2.2601509372633295,1.6388569855316115,13.177941710692878,2.0419745,2.050284,1.9875786,2.0423188
190.0,2.2024464910353907,1.65304028968525,13.021389468414489,2.049941,2.0254517,2.0289776,2.0023088
195.0,2.394841352427214,1.738829621536727,12.913424417857566,1.9635308,2.0285985,1.9624122,2.0371733
200.0,2.429447990920012,1.7470219601289152,12.963182246789678,2.0189295,2.058927,2.089812,2.0529213
205.0,2.5133266612211274,1.7092466872638903,13.096567558460197,1.9936446,2.1246283,2.0224535,2.037967
210.0,2.6170533675112835,1.8104176517176747,13.24500871182398,2.0621922,2.0623417,2.1272795,1.9994408
215.0,2.520838746067965,1.7344963565991556,13.165642055391391,2.0150847,2.0801814,2.0680568,2.0057795
220.0,2.6743795203989276,1.7128687386149102,13.196179255393892,2.099282,1.9746274,2.0411882,2.065961
225.0,2.537973454842807,1.7439929029212486,13.093058359023681,2.0893703,2.0166874,2.0059912,2.0841908
230.0,2.6720542502031233,1.8123047315709386,13.213772463832154,2.0041316,2.089849,2.0950527,2.0473742
235.0,2.4694039709708053,1.6971887133134795,13.229207515139358,2.0374465,2.0947874,2.0698779,1.8869817
240.0,2.356594040127725,1.6825228221966533,13.056829656901499,2.0252733,1.9746684,2.0017216,2.0250974
245.0,2.4294311778804865,1.7705377076539424,13.048337864260832,2.160078,2.034843,2.024171,2.0739233
250.0,2.454387158570709,1.8864216217585272,13.10262201643863,2.0399015,2.068235,2.0219595,1.9778494
255.0,2.456158155901615,1.8550958721232855,13.207197426021896,2.0120542,2.0613213,2.0619037,2.0007186
260.0,2.5116407012081603,1.7508683809645527,13.087891953271505,2.0208936,2.0398595,2.1038146,2.0790153
265.0,2.4544773691207222,1.7183324021187167,13.17538451976373,2.0562403,2.0318408,2.010842,2.0442643
270.0,2.4393467083503246,1.7799358056219998,13.171526054990057,2.0077507,2.0057592,2.0405593,2.03274
275.0,2.546526685974752,1.6936897193641458,13.361021457580705,1.9714929,2.0582466,1.9911772,2.0178351
280.0,2.5850239455905726,1.8366283649379151,13.323513628538937,1.9917065,2.0476243,1.9805775,2.0165913
285.0,2.6604721195645133,1.8948388320403071,13.32716163867983,2.0702293,2.0106258,2.103336,2.0857959
290.0,2.633131657013465,1.8196678119664398,13.410004074798808,1.9639021,2.1036298,1.907951,1.9787313
295.0,2.7032636794566933,1.9556300540409193,13.329210157007656,2.0733786,2.0503092,2.0514245,1.9934819
300.0,2.642023795783364,1.7164039571727914,13.490900110028763,2.0547988,2.0240176,2.0137768,2.0992107
305.0,2.918596760543636,1.8925045383286379,13.645842499178666,2.1235607,2.076911,2.0654895,2.074495
310.0,2.8725702396223456,1.958505618081498,13.534067858940691,1.9667059,2.0489447,2.0338874,2.0171192
315.0,2.8393783819954335,1.991960806494916,13.456167273147376,2.0106635,2.0827928,2.0220864,1.9911615
320.0,2.8141478475081025,1.8431460410143297,13.375786702079099,2.0135944,2.092994,2.0587282,1.9583961
325.0,2.8357757134763917,1.8625095124051725,13.514234667568587,2.0807362,2.0360062,2.0298014,2.1059084
330.0,3.007625756926013,1.9476785330305626,13.44821561300481,1.9493756,1.9674499,1.961238,1.9783396
335.0,3.0239710828118125,1.9410007673685803,13.556988800972983,2.0488877,2.0117426,2.0198164,2.0634098
340.0,3.039476399565878,1.9683253861670404,13.575644289132315,1.9949675,2.0410461,1.9770718,2.0765512
345.0,2.823325220911851,1.8523986535655166,13.424845758067685,2.0464072,2.0440524,2.0457053,1.9559256
350.0,2.902836539662151,1.9155280430573705,13.494386243941447,2.0528877,2.0837736,1.9723452,2.0161862
355.0,2.5976530283195096,1.7796090284061963,13.296112826208484,2.0537083,2.033607,2.0430634,1.9962051
360.0,2.589732501848059,1.7607206167552887,13.183378963864781,1.9749893,2.025377,2.0333636,2.0467458
365.0,2.477117433708857,1.8309694838721118,13.051769436206442,2.0089257,2.1423247,2.051401,2.0885808
370.0,2.627541423343716,1.8711731855105498,13.080628471400782,1.939035,1.9989737,2.0475867,1.9467187
375.0,2.5353443517315823,1.9100127576409345,13.007326684919558,2.0151734,2.023263,2.0515947,1.9644369
380.0,2.6405869357060716,1.8826282129689236,13.113512223729465,2.100446,2.0727637,2.057188,2.0973473
385.0,2.6958452046641326,1.8148590662519863,13.074636635470213,2.0197864,2.0108445,2.055344,1.9980156
390.0,2.91355991626369,1.7625783704060332,13.23633020117924,2.0164468,2.067059,2.0268407,1.9933274
395.0,2.687417595119444,1.725785640369047,13.186016555985375,1.973018,2.0974205,2.0146086,2.0416868
400.0,2.8206540792961787,1.856794288601516,13.174202546330168,2.0336225,2.046199,2.0676188,2.0274475
405.0,2.9121425840491226,1.7713545823786274,13.146377195588917,2.0778468,1.9694724,2.0104966,2.099026
410.0,2.8376054277196814,1.6430506834306156,13.17682777959587,2.050427,2.1069314,2.0719903,2.0734887
415.0,2.826903492167429,1.6473667696095975,13.096546120929013,1.9493768,2.0249095,2.05817,2.0010173
420.0,3.059625004257334,1.6823374384655236,13.070432129784972,2.0478323,2.0440373,2.0811973,1.9510112
425.0,2.876547008910013,1.6180358496372416,13.046427912665377,2.0239394,2.0853002,2.0428178,2.0883398
430.0,2.9428534433315816,1.7424245196552068,13.060672361961066,2.0949478,2.026932,2.0019884,2.037434
435.0,2.9859454546504787,1.6336120640635479,13.162790931731797,2.0841994,2.0186703,2.039332,2.026041
440.0,3.082359921150211,1.6835703660362944,13.052048990214848,2.069713,2.0534933,2.0822892,2.0424821
445.0,3.150558506784471,1.680968014195009,13.109963471863084,2.0152848,2.0811346,2.018188,2.109114
450.0,3.4120869215867087,1.7321190618888767,13.282658324914486,1.9807203,2.0467172,2.0306473,1.9944595
455.0,3.518245336137811,1.7442286323669924,13.160679048662097,2.04234,2.0551045,2.0030894,2.104421
460.0,3.6512094362087795,1.730601434151548,13.127592020517415,1.9903536,1.9977429,2.0747128,2.0211668
465.0,3.689642376507216,1.9139176471645671,13.21596740296739,2.0524538,2.0479267,2.0886526,2.0268276
470.0,3.746838707077464,1.8471559467015062,13.33607966690857,1.9930063,2.0892355,2.0018532,1.9968718
475.0,3.7593438892340973,1.7925844211919295,13.391395368956495,2.0425634,2.04781,1.9672928,2.0118961
480.0,3.841259075548036,1.7413800403057154,13.510722065743973,2.0151534,2.055712,2.0534058,2.0531962
485.0,3.5772312939006428,1.6169789735276952,13.271184788539895,2.0359917,2.0466697,1.9720026,2.018131
490.0,3.78096161400506,1.6668322436110816,13.463501765916412,2.0169442,2.076801,2.0266068,1.9996614
495.0,3.910818138381597,1.684400910272625,13.45816010940709,1.895866,2.0362194,2.041552,2.020503
500.0,3.850129802096258,1.6526012359710298,13.305356896992672,2.080555,2.0026803,2.045617,2.0703673
505.0,3.7357356202156993,1.7153021467852434,13.130427607632473,2.0870626,2.0488634,2.038267,2.0547485
510.0,3.7155788705463304,1.688124163559558,13.300530174338117,2.1178243,2.0841475,2.0183675,2.125731
515.0,3.7343522810332117,1.717062807953405,13.152430359165603,2.0130613,1.9836607,2.0314786,1.9945524
520.0,3.7947436820585563,1.8375900688958056,13.214760684791637,2.0442886,2.0617254,1.9802381,2.0548904
525.0,3.7236362355364028,1.8470066808048022,13.101645830806529,2.1135156,2.0585334,1.986206,2.0261195
530.0,3.590976697715419,1.825081410759176,13.065268498422885,2.1161067,2.0720115,2.006062,2.005652
535.0,3.597823383293904,1.8192430948740563,13.180398492335176,2.00604,2.0652158,1.9581541,2.0341856
540.0,3.387577023429939,1.8365777084514008,13.174157604258697,2.0319552,2.0401275,1.9248265,2.0398128
545.0,3.408149079936875,1.8057252365061511,13.289623705720484,2.0621917,2.0619364,1.9455539,2.0440843
550.0,3.286583100713188,1.8897275874019153,13.26657492674208,2.0460413,2.0428817,1.9920928,2.0603034
555.0,3.471379255257668,1.8260144673411263,13.458371733832832,1.9831799,2.0627391,2.0357368,2.0443506
560.0,3.222169478613452,1.9004534426081436,13.324633104995069,1.9725828,2.0483537,2.0011098,2.1136994
565.0,3.081239443875498,1.7952006126301616,13.22120608490353,2.0513525,2.1132612,2.0155575,2.0464454
570.0,3.0085116721334306,1.7987549059557835,13.20124737891371,2.038997,2.1024287,2.0407524,2.0443933
575.0,3.2548750805693216,1.8139935654266823,13.119979877980866,2.013035,2.054806,2.01147,2.0083869
580.0,3.3071099468758636,1.9006015489552444,13.303488969244585,2.0323207,2.0994549,2.0239217,1.9863889
585.0,3.2299100735300965,1.9334513082407605,13.16585558345794,1.9885569,2.0148478,2.0374794,1.9699019
590.0,3.2159093501817035,1.8798712539081712,13.262926302143986,2.0435855,2.0128028,2.0124068,2.0287673
595.0,3.20930094472021,1.9788407351690942,13.1652431685425,2.177707,2.0278053,1.9825246,1.9977762
600.0,3.4596178115646334,2.0190425375140086,13.422848659075457,2.0282984,1.9850252,2.0947237,2.0509343
605.0,3.344191127759529,1.9200952574739185,13.393730840965135,2.0451632,2.0924237,2.1039789,2.0456839
610.0,3.5206793409793185,2.024211549628145,13.193293631135463,2.0501907,2.0001845,2.0886126,2.0423815
615.0,3.410328285305591,2.185111893692797,13.129206904241665,2.0074558,2.0727444,2.0167222,1.9877561
620.0,3.437812534653849,2.1089675748040158,13.228065641918587,2.0505252,2.051017,1.9489186,2.0250435
625.0,3.4217804624773267,2.1521128427308716,13.267354667131746,2.0937335,2.098034,2.016871,2.062868
630.0,3.4110330961489055,1.9933231107600635,13.261127493018815,2.096928,1.974007,2.0108109,2.0039573
635.0,3.2621884481160306,2.093079193814782,13.145253715297388,2.066521,2.117714,2.0801451,2.004321
640.0,2.969774436861656,1.9638084233832642,13.0746906010212,2.024945,1.9915084,2.000367,2.0840921
645.0,2.9266014411573997,1.986432930628249,12.872811099003675,2.0711854,2.0657516,2.037542,2.0078516
650.0,2.958167996044714,1.9357012732045584,12.902165676799191,2.1051261,2.0544894,2.0726478,2.1416583
655.0,2.9704746609753703,2.032231025340981,13.006215188615124,2.062063,2.1224213,1.9768153,1.9936756
660.0,2.9822836687451533,1.99584832942833,13.043968348693673,1.9934388,2.0096812,2.0522065,1.9883903
665.0,2.846233662594594,2.1011609696869606,12.914499859754313,1.9945178,1.9741926,2.0729487,1.9445335
670.0,2.861215167100579,1.9930495638006385,13.109614079480558,1.9988571,2.1100411,2.0550382,2.050905
675.0,2.6008082844676204,1.9656123016045635,12.891541768519442,2.0544095,2.144397,2.017114,2.012192
680.0,2.7088954523990365,1.988570330777993,12.906583800818755,2.075724,2.0994859,2.0231018,1.9690086
685.0,2.7813693617859725,1.976280109809679,13.166029026868227,2.0124125,2.0470748,2.0966463,2.0006554
690.0,2.879732899482654,1.9588471889745391,13.141470897081126,2.0381458,2.0662582,2.0727062,1.9405011
695.0,2.8060958822018494,2.0404492525408853,13.192012984414944,2.0218544,1.9926997,2.0716178,2.010005
700.0,2.8468284633332965,2.067182421724937,13.089644383288004,2.0385866,2.054296,2.0462644,2.0319095
705.0,2.698139816086489,1.8614633763532602,13.131994216846188,1.9823097,2.0568202,1.9616615,1.9811752
710.0,2.596463877841828,1.9577457093320556,13.038573400218924,2.0281239,2.0551631,2.0281217,2.0096421
715.0,2.6414757586408797,2.017981078093231,12.909642805885829,2.0383458,2.0780737,1.9870342,2.0188806
720.0,2.5807842151867386,1.941243116698933,12.947715927901966,2.0538452,2.0666516,2.0254297,2.0226133
725.0,2.429263392390126,1.8294820678829844,12.969918175756153,1.9958993,2.1025145,2.0100543,2.0389407
730.0,2.3318488578367282,1.8048097763196287,12.899102867922275,2.054527,2.0378675,2.0362496,2.0551543
735.0,2.330963342793888,1.702844173524891,13.039429560376737,2.043876,2.0349557,2.00854,2.0475972
740.0,2.350375081488116,1.7939923866040346,13.023101508648624,2.050426,2.0071492,2.0514598,1.9963715
745.0,2.18141579886216,1.7866596740479583,12.994928793574125,2.0549853,2.0330307,2.135092,2.0180013
750.0,2.1248300207113107,1.6969026946134904,13.105699617449474,2.0089192,2.102432,2.1594236,2.0285654
755.0,2.137343225706736,1.604939711705802,13.159734375900248,2.084682,2.0153496,2.0224028,2.05399
760.0,2.139306542393369,1.6012703040789702,13.186542204594122,2.0339684,2.0666614,2.0882924,2.0188072
765.0,2.2746345886741137,1.6411645727186441,13.24911698324284,1.9967018,1.9923706,2.051213,1.9894307
770.0,2.3745798241249654,1.5325221493881127,13.21156950029485,1.9794385,2.0681627,2.0816545,2.0525944
775.0,2.222199995608635,1.5920185821474568,13.122856995318585,2.0072615,2.009101,2.023652,2.0721104
780.0,2.257065012659115,1.5509209078436568,13.084615862552361,2.0885851,1.9501408,2.0786114,2.0448236
785.0,2.1727961771483435,1.5727161728248764,12.984363312604122,2.0302331,2.0449605,2.0102668,2.104228
790.0,2.3918787640970116,1.7458523510045916,13.132279413468273,2.0984557,2.050259,1.9566007,2.08439
795.0,2.3253591172428356,1.6895980088543385,13.165326047453476,1.9977595,2.051939,2.0479798,2.0759544
800.0,2.310099165509231,1.7332314900244201,13.09327043297107,2.040305,2.09029,1.9917779,1.976821
805.0,2.2920771845031376,1.754690883028727,12.975033364009738,1.996958,2.027254,1.9329991,2.0059783
810.0,2.272785633883171,1.634227403909771,12.910880851240774,2.042872,2.0636349,1.986478,2.0336628
815.0,2.4165561719065307,1.7399143562385897,12.974655142345481,2.0310102,2.0656025,2.0630004,2.0838203
820.0,2.1181463378424317,1.5758731842191196,12.784070081843105,2.1218925,1.9786974,2.0381107,2.0764186
825.0,1.9911651123347751,1.6298335385455918,12.868221789876568,2.1052575,2.0042584,2.091588,2.0437229
830.0,2.1575567225813366,1.644244182711228,12.80190265730324,2.1580913,2.0364766,2.0845509,2.0397117
835.0,2.0371839191791157,1.645266608991238,12.773898167416373,2.1027012,2.0887303,2.1295664,2.0145364
840.0,2.0674144007525688,1.7002092175345411,12.731325793378197,1.9878782,2.104112,2.0297935,2.0707014
845.0,2.0712139382989094,1.593224061618088,12.769094458463867,2.0461848,2.1061099,2.0779603,1.9688873
850.0,2.196827992480047,1.6829344343709016,12.692984668503197,2.0681572,1.9707654,2.0054178,2.069088
855.0,2.226571923513304,1.7633025330713974,12.581313749518019,2.0184135,2.068379,2.0095394,2.0455627
860.0,2.1133739095707362,1.742523249650505,12.57134054216041,2.0637748,2.0406003,2.0029404,2.059096
865.0,2.115060998134269,1.6288723861540662,12.536711987345537,2.086614,2.0146637,2.022452,2.0479841
870.0,2.0560244184390157,1.7229826839207756,12.45341409271174,2.0318694,1.8956783,2.061946,2.0162523
875.0,2.075962178087818,1.7007694890919758,12.439380032653519,2.0150728,1.9948752,2.0120409,1.9936224
880.0,2.2972249000309612,1.8394040588523881,12.536034507988262,2.0535598,2.0269017,2.1136086,2.006687
885.0,2.2868032584699662,1.8102411792458015,12.474675598365335,1.9942793,2.0378597,2.054875,2.0065498
890.0,2.3085327366757555,1.7331348637364672,12.477244622418839,2.0783935,1.9731688,2.0247047,2.0184917
895.0,2.3697367640491587,1.7196459303696792,12.757681512109198,2.050962,2.075154,2.0573041,1.9319979
900.0,2.3396384481191124,1.6222979755883713,12.661337586413751,2.0487123,2.0741942,1.9672261,2.0750537
905.0,2.1510840917945284,1.604128078281547,12.53336843529122,1.9819429,2.0834925,2.0825057,2.0019994
910.0,2.2966227274364646,1.7838362788327655,12.407760203700548,2.0989125,2.0646226,1.9906857,2.0215168
915.0,2.252957004179173,1.9226447757099983,12.43773778741118,2.064936,2.102298,2.0362537,2.0176654
920.0,2.154941860859682,1.8730168906000466,12.510455046784609,1.9916202,2.0477734,1.9225906,2.0566099
925.0,2.1913300807863876,1.8562915530695998,12.423437017529098,2.068621,2.0782316,1.9871484,2.0363154
930.0,2.238179398051119,1.8706192452316008,12.32463857754549,1.9773798,2.1379976,2.0172777,2.1059325
935.0,2.2227952056081692,1.9167681003309223,12.346536042490746,2.0512402,2.027761,1.9900726,2.0422027
940.0,2.139875264422951,1.8244479502572406,12.315534236107906,2.0163956,2.0215163,2.0255735,2.0211587
945.0,2.184528432503555,1.923790669733729,12.301457900279932,2.03352,2.0540416,2.0170922,2.0673978
950.0,2.1188691931878805,1.829480034654276,12.325559705907175,2.0560055,1.9735879,2.0422225,1.9895327
955.0,1.9773048283279038,1.7182428896988442,12.493722686522696,2.0298643,1.9968698,2.0229921,1.9829587
960.0,1.9827155285225018,1.6590352374975823,12.398294005463217,2.0860746,2.0182145,1.9924673,2.0546658
965.0,2.020586702512581,1.7053970583721902,12.473781064977032,2.0744305,2.042463,1.9676611,1.9677594
970.0,1.99282588432132,1.7094472658312514,12.495018499475904,2.072804,2.0847366,2.0093265,2.0785165
975.0,2.1768239973746564,1.8503522688837961,12.355299052725881,1.9920974,2.0383477,1.9881272,2.0639722
980.0,2.0994758473836335,1.8864780116488795,12.368541529515518,2.0306656,2.004005,2.024207,2.041078
985.0,2.0295466403318203,1.801568363607551,12.526066592085197,2.0279155,2.0220666,1.9439579,2.1766188
990.0,1.979281868373375,1.8416129556498988,12.34751055056968,2.0897548,1.9930393,2.039605,2.0414653
995.0,1.9524595314069593,1.737508211931725,12.522352314690135,2.0694659,2.0962975,1.9578273,2.0163085
1000.0,1.999427091321137,1.8204117189056899,12.606740458826152,1.9799001,1.9939995,2.053825,2.046535
